1.777333071411370383e+03
1.777333071411439960e+03
1.777333071411472019e+03
1.777333071411481569e+03
1.777333071411362880e+03
1.777333071411355149e+03
1.777333071411474293e+03
1.777333071411519541e+03
1.777333071411407900e+03
1.777333071411391984e+03
1.777333071411374704e+03
1.777333071411452693e+03
1.777333071411418814e+03
1.777333071411525452e+03
1.777333071411475657e+03
1.777333071411419041e+03
1.777333071411468836e+03
1.777333071411469518e+03
1.777333071411389255e+03
1.777333071411516812e+03
1.777333071411412220e+03
1.777333071411496121e+03
1.777333071411460196e+03
1.777333071411447918e+03
1.777333071411371293e+03
1.777333071411389938e+03
1.777333071411404262e+03
1.777333071411501578e+03
1.777333071411455649e+03
1.777333071411475203e+03
1.777333071411386300e+03
1.777333071411452693e+03
1.777333071411469291e+03
1.777333071411463152e+03
1.777333071411414494e+03
1.777333071411468609e+03
1.777333071411490891e+03
1.777333071411494075e+03
1.777333071411381525e+03
1.777333071411522269e+03
1.777333071411477476e+03
1.777333071411361516e+03
1.777333071411428818e+03
1.777333071411459514e+03
1.777333071411495666e+03
1.777333071411433366e+03
1.777333071411492028e+03
1.777333071411322408e+03
1.777333071411456103e+03
1.777333071411459969e+03
1.777333071411501351e+03
1.777333071411467927e+03
1.777333071411530000e+03
1.777333071411376068e+03
1.777333071411476340e+03
1.777333071411376068e+03
1.777333071411408355e+03
1.777333071411414267e+03
1.777333071411395622e+03
1.777333071411459287e+03
1.777333071411519541e+03
1.777333071411404035e+03
1.777333071411462470e+03
1.777333071411384935e+03
1.777333071411414267e+03
1.777333071411410401e+03
1.777333071411340143e+03
1.777333071411397668e+03
1.777333071411406763e+03
1.777333071411407673e+03
1.777333071411529545e+03
1.777333071411399942e+03
1.777333071411520223e+03
1.777333071411507035e+03
1.777333071411452693e+03
1.777333071411393348e+03
1.777333071411460423e+03
1.777333071411472702e+03
1.777333071411429728e+03
1.777333071411502260e+03
1.777333071411522724e+03
1.777333071411393803e+03
1.777333071411501351e+03
1.777333071411400852e+03
1.777333071411402670e+03
1.777333071411412220e+03
1.777333071411386982e+03
1.777333071411543187e+03
1.777333071411453602e+03
1.777333071411350147e+03
1.777333071411446326e+03
1.777333071411478386e+03
1.777333071411456103e+03
1.777333071411441779e+03
1.777333071411436322e+03
1.777333071411395622e+03
1.777333071411489755e+03
1.777333071411418814e+03
1.777333071411400397e+03
1.777333071411527726e+03
1.777333071411437686e+03
1.777333071411427682e+03
1.777333071411461333e+03
1.777333071411578203e+03
1.777333071411378569e+03
1.777333071411415631e+03
1.777333071411486117e+03
1.777333071411438368e+03
1.777333071411433593e+03
1.777333071411491346e+03
1.777333071411448827e+03
1.777333071411331957e+03
1.777333071411452693e+03
1.777333071411405854e+03
1.777333071411367428e+03
1.777333071411446326e+03
1.777333071411391984e+03
1.777333071411421315e+03
1.777333071411490891e+03
1.777333071411447236e+03
1.777333071411499077e+03
1.777333071411387436e+03
1.777333071411439960e+03
1.777333071411494075e+03
1.777333071411472474e+03
1.777333071411431774e+03
1.777333071411519086e+03
1.777333071411324909e+03
1.777333071411488845e+03
1.777333071411399487e+03
1.777333071411489982e+03
1.777333071411486799e+03
1.777333071411397214e+03
1.777333071411426999e+03
1.777333071411420406e+03
1.777333071411386072e+03
1.777333071411380160e+03
1.777333071411437231e+03
1.777333071411413357e+03
1.777333071411435640e+03
1.777333071411541823e+03
1.777333071411367655e+03
1.777333071411411765e+03
1.777333071411440415e+03
1.777333071411382434e+03
1.777333071411453375e+03
1.777333071411378114e+03
1.777333071411466562e+03
1.777333071411411083e+03
1.777333071411359242e+03
1.777333071411408582e+03
1.777333071411489072e+03
1.777333071411486799e+03
1.777333071411472474e+03
1.777333071411486117e+03
1.777333071411443825e+03
1.777333071411441324e+03
1.777333071411353330e+03
1.777333071411472019e+03
1.777333071411475430e+03
1.777333071411360379e+03
1.777333071411494075e+03
1.777333071411425408e+03
1.777333071411425863e+03
1.777333071411411765e+03
1.777333071411391984e+03
1.777333071411442006e+03
1.777333071411414039e+03
1.777333071411491801e+03
1.777333071411401534e+03
1.777333071411402216e+03
1.777333071411430410e+03
1.777333071411469291e+03
1.777333071411497485e+03
1.777333071411455876e+03
1.777333071411410174e+03
1.777333071411409719e+03
1.777333071411426090e+03
1.777333071411479523e+03
1.777333071411434958e+03
1.777333071411474066e+03
1.777333071411390847e+03
1.777333071411382662e+03
1.777333071411451101e+03
1.777333071411424271e+03
1.777333071411405626e+03
1.777333071411451328e+03
1.777333071411416313e+03
1.777333071411498395e+03
1.777333071411436777e+03
1.777333071411474521e+03
1.777333071411556830e+03
1.777333071411391529e+03
1.777333071411533638e+03
1.777333071411424271e+03
1.777333071411473611e+03
1.777333071411452920e+03
1.777333071411409719e+03
1.777333071411507490e+03
1.777333071411492483e+03
1.777333071411418814e+03
1.777333071411459059e+03
1.777333071411465426e+03
1.777333071411418132e+03
1.777333071411532501e+03
1.777333071411383344e+03
1.777333071411535229e+03
1.777333071411378114e+03
1.777333071411416768e+03
1.777333071411399487e+03
1.777333071411409719e+03
1.777333071411476794e+03
1.777333071411551373e+03
1.777333071411442916e+03
1.777333071411424498e+03
1.777333071411397896e+03
1.777333071411397214e+03
1.777333071411475885e+03
1.777333071411455649e+03
1.777333071411415176e+03
1.777333071411423589e+03
1.777333071411419269e+03
1.777333071411512265e+03
1.777333071411390847e+03
1.777333071411430637e+03
1.777333071411364472e+03
1.777333071411404717e+03
1.777333071411453147e+03
1.777333071411375386e+03
1.777333071411458832e+03
1.777333071411485662e+03
1.777333071411422679e+03
1.777333071411370156e+03
1.777333071411364472e+03
1.777333071411499532e+03
1.777333071411474293e+03
1.777333071411356059e+03
1.777333071411395167e+03
1.777333071411454739e+03
1.777333071411455194e+03
1.777333071411471110e+03
1.777333071411389483e+03
1.777333071411396986e+03
1.777333071411386527e+03
1.777333071411418814e+03
1.777333071411359015e+03
1.777333071411443825e+03
1.777333071411528863e+03
1.777333071411374476e+03
1.777333071411473611e+03
1.777333071411466562e+03
1.777333071411379478e+03
1.777333071411412220e+03
1.777333071411396077e+03
1.777333071411406536e+03
1.777333071411374021e+03
1.777333071411477704e+03
1.777333071411429728e+03
1.777333071411489072e+03
1.777333071411518631e+03
1.777333071411438141e+03
1.777333071411345600e+03
1.777333071411527499e+03
1.777333071411415858e+03
1.777333071411398805e+03
1.777333071411384481e+03
1.777333071411398805e+03
1.777333071411444053e+03
1.777333071411503170e+03
1.777333071411389028e+03
1.777333071411502488e+03
1.777333071411425863e+03
1.777333071411496121e+03
1.777333071411562059e+03
1.777333071411467017e+03
1.777333071411363790e+03
1.777333071411524770e+03
1.777333071411496348e+03
1.777333071411510218e+03
1.777333071411418132e+03
1.777333071411461788e+03
1.777333071411545234e+03
1.777333071411445871e+03
1.777333071411404262e+03
1.777333071411414494e+03
1.777333071411496348e+03
1.777333071411533410e+03
1.777333071411414039e+03
1.777333071411533638e+03
1.777333071411429273e+03
1.777333071411519768e+03
1.777333071411439050e+03
1.777333071411524770e+03
1.777333071411498850e+03
1.777333071411407445e+03
1.777333071411429046e+03
1.777333071411416995e+03
1.777333071411500214e+03
1.777333071411421088e+03
1.777333071411519768e+03
1.777333071411368110e+03
1.777333071411416540e+03
1.777333071411463834e+03
1.777333071411462697e+03
1.777333071411536366e+03
1.777333071411348101e+03
1.777333071411464516e+03
1.777333071411383798e+03
1.777333071411442234e+03
1.777333071411345372e+03
1.777333071411427682e+03
1.777333071411468154e+03
1.777333071411459059e+03
1.777333071411386072e+03
1.777333071411404489e+03
1.777333071411510446e+03
1.777333071411515220e+03
1.777333071411360152e+03
1.777333071411429728e+03
1.777333071411444507e+03
1.777333071411522724e+03
1.777333071411523179e+03
1.777333071411379706e+03
1.777333071411437004e+03
1.777333071411512265e+03
1.777333071411512719e+03
1.777333071411463834e+03
1.777333071411480205e+03
1.777333071411419269e+03
1.777333071411439960e+03
1.777333071411428136e+03
1.777333071411440642e+03
1.777333071411470883e+03
1.777333071411524315e+03
1.777333071411415631e+03
1.777333071411413357e+03
1.777333071411377887e+03
1.777333071411489527e+03
1.777333071411400397e+03
1.777333071411413357e+03
1.777333071411403125e+03
1.777333071411480432e+03
1.777333071411453375e+03
1.777333071411403807e+03
1.777333071411408355e+03
1.777333071411378569e+03
1.777333071411470200e+03
1.777333071411481569e+03
1.777333071411509309e+03
1.777333071411414039e+03
1.777333071411464061e+03
1.777333071411389028e+03
1.777333071411450646e+03
1.777333071411396077e+03
1.777333071411408582e+03
1.777333071411498622e+03
1.777333071411384253e+03
1.777333071411431547e+03
1.777333071411401306e+03
1.777333071411487708e+03
1.777333071411409037e+03
1.777333071411401079e+03
1.777333071411392666e+03
1.777333071411383798e+03
1.777333071411483161e+03
1.777333071411448827e+03
1.777333071411390847e+03
1.777333071411387209e+03
1.777333071411415176e+03
1.777333071411455876e+03
1.777333071411447918e+03
1.777333071411411311e+03
1.777333071411426772e+03
1.777333071411522724e+03
1.777333071411441324e+03
1.777333071411403125e+03
1.777333071411461333e+03
1.777333071411419269e+03
1.777333071411481342e+03
1.777333071411432911e+03
1.777333071411400624e+03
1.777333071411440869e+03
1.777333071411461333e+03
1.777333071411402216e+03
1.777333071411444507e+03
1.777333071411416086e+03
1.777333071411501351e+03
1.777333071411447236e+03
1.777333071411505671e+03
1.777333071411454284e+03
1.777333071411393348e+03
1.777333071411414721e+03
1.777333071411406536e+03
1.777333071411462697e+03
1.777333071411471565e+03
1.777333071411405626e+03
1.777333071411381070e+03
1.777333071411404035e+03
1.777333071411393803e+03
1.777333071411470428e+03
1.777333071411504989e+03
1.777333071411494757e+03
1.777333071411414039e+03
1.777333071411357651e+03
1.777333071411393576e+03
1.777333071411444280e+03
1.777333071411394258e+03
1.777333071411506353e+03
1.777333071411476340e+03
1.777333071411376068e+03
1.777333071411400624e+03
1.777333071411510218e+03
1.777333071411470655e+03
1.777333071411462697e+03
1.777333071411426317e+03
1.777333071411432002e+03
1.777333071411492938e+03
1.777333071411402898e+03
1.777333071411445644e+03
1.777333071411416540e+03
1.777333071411396531e+03
1.777333071411409492e+03
1.777333071411494757e+03
1.777333071411455194e+03
1.777333071411481797e+03
1.777333071411410401e+03
1.777333071411442461e+03
1.777333071411394258e+03
1.777333071411495212e+03
1.777333071411451328e+03
1.777333071411473384e+03
1.777333071411455421e+03
1.777333071411393121e+03
1.777333071411365836e+03
1.777333071411446326e+03
1.777333071411395622e+03
1.777333071411420178e+03
1.777333071411459514e+03
1.777333071411416995e+03
1.777333071411384935e+03
1.777333071411407900e+03
1.777333071411418587e+03
1.777333071411378114e+03
1.777333071411476112e+03
1.777333071411499304e+03
1.777333071411474293e+03
1.777333071411332412e+03
1.777333071411414267e+03
1.777333071411458150e+03
1.777333071411382889e+03
1.777333071411451783e+03
1.777333071411363562e+03
1.777333071411496576e+03
1.777333071411457468e+03
1.777333071411389255e+03
1.777333071411464971e+03
1.777333071411474748e+03
1.777333071411488845e+03
1.777333071411416995e+03
1.777333071411419951e+03
1.777333071411459969e+03
1.777333071411452693e+03
1.777333071411398350e+03
1.777333071411454057e+03
1.777333071411423589e+03
1.777333071411471792e+03
1.777333071411496348e+03
1.777333071411429728e+03
1.777333071411457240e+03
1.777333071411392666e+03
1.777333071411410174e+03
1.777333071411445644e+03
1.777333071411399033e+03
1.777333071411482706e+03
1.777333071411447918e+03
1.777333071411411765e+03
1.777333071411501805e+03
1.777333071411452465e+03
1.777333071411481114e+03
1.777333071411512265e+03
1.777333071411454512e+03
1.777333071411439278e+03
1.777333071411438141e+03
1.777333071411443370e+03
1.777333071411408810e+03
1.777333071411385163e+03
1.777333071411499304e+03
1.777333071411419724e+03
1.777333071411492028e+03
1.777333071411377887e+03
1.777333071411417222e+03
1.777333071411390165e+03
1.777333071411399033e+03
1.777333071411398805e+03
1.777333071411476794e+03
1.777333071411489300e+03
1.777333071411419951e+03
1.777333071411413130e+03
1.777333071411401761e+03
1.777333071411409037e+03
1.777333071411464061e+03
1.777333071411385845e+03
1.777333071411468609e+03
1.777333071411479750e+03
1.777333071411466108e+03
1.777333071411406308e+03
1.777333071411511355e+03
1.777333071411396759e+03
1.777333071411518858e+03
1.777333071411399942e+03
1.777333071411352194e+03
1.777333071411377205e+03
1.777333071411395622e+03
1.777333071411468381e+03
1.777333071411523861e+03
1.777333071411436094e+03
1.777333071411400169e+03
1.777333071411482933e+03
1.777333071411409946e+03
1.777333071411423134e+03
1.777333071411484525e+03
1.777333071411486344e+03
1.777333071411505898e+03
1.777333071411522269e+03
1.777333071411399487e+03
1.777333071411451101e+03
1.777333071411421088e+03
1.777333071411382207e+03
1.777333071411417677e+03
1.777333071411457922e+03
1.777333071411484525e+03
1.777333071411381979e+03
1.777333071411368792e+03
1.777333071411448145e+03
1.777333071411399260e+03
1.777333071411387209e+03
1.777333071411481114e+03
1.777333071411478386e+03
1.777333071411430865e+03
1.777333071411464061e+03
1.777333071411482706e+03
1.777333071411449964e+03
1.777333071411444735e+03
1.777333071411477022e+03
1.777333071411468836e+03
1.777333071411383116e+03
1.777333071411440187e+03
1.777333071411482479e+03
1.777333071411502033e+03
1.777333071411492256e+03
1.777333071411459741e+03
1.777333071411454739e+03
1.777333071411380615e+03
1.777333071411579795e+03
1.777333071411459059e+03
1.777333071411482251e+03
1.777333071411509081e+03
1.777333071411491119e+03
1.777333071411382207e+03
1.777333071411420860e+03
1.777333071411470428e+03
1.777333071411437686e+03
1.777333071411415176e+03
1.777333071411366291e+03
1.777333071411459059e+03
1.777333071411408582e+03
1.777333071411410174e+03
1.777333071411460651e+03
1.777333071411421997e+03
1.777333071411409719e+03
1.777333071411393348e+03
1.777333071411498167e+03
1.777333071411399942e+03
1.777333071411392439e+03
1.777333071411452920e+03
1.777333071411478159e+03
1.777333071411504079e+03
1.777333071411497031e+03
1.777333071411478841e+03
1.777333071411441097e+03
1.777333071411408127e+03
1.777333071411403353e+03
1.777333071411409264e+03
1.777333071411409946e+03
1.777333071411482479e+03
1.777333071411414494e+03
1.777333071411401079e+03
1.777333071411461560e+03
1.777333071411487936e+03
1.777333071411443598e+03
1.777333071411444507e+03
1.777333071411363107e+03
1.777333071411399942e+03
1.777333071411389710e+03
1.777333071411410174e+03
1.777333071411364926e+03
1.777333071411476340e+03
1.777333071411418132e+03
1.777333071411436094e+03
1.777333071411482251e+03
1.777333071411363790e+03
1.777333071411427682e+03
1.777333071411533638e+03
1.777333071411476112e+03
1.777333071411473384e+03
1.777333071411415631e+03
1.777333071411390847e+03
1.777333071411381297e+03
1.777333071411431320e+03
1.777333071411444962e+03
1.777333071411486344e+03
1.777333071411468154e+03
1.777333071411406991e+03
1.777333071411469746e+03
1.777333071411408355e+03
1.777333071411410856e+03
1.777333071411442234e+03
1.777333071411411311e+03
1.777333071411398578e+03
1.777333071411472247e+03
1.777333071411412448e+03
1.777333071411458832e+03
1.777333071411441324e+03
1.777333071411502942e+03
1.777333071411401534e+03
1.777333071411507945e+03
1.777333071411403807e+03
1.777333071411469064e+03
1.777333071411401534e+03
1.777333071411406536e+03
1.777333071411377659e+03
1.777333071411409946e+03
1.777333071411403580e+03
1.777333071411499304e+03
1.777333071411428364e+03
1.777333071411490209e+03
1.777333071411451783e+03
1.777333071411491574e+03
1.777333071411425180e+03
1.777333071411379251e+03
1.777333071411393576e+03
1.777333071411419724e+03
1.777333071411365836e+03
1.777333071411459287e+03
1.777333071411480660e+03
1.777333071411497031e+03
1.777333071411464289e+03
1.777333071411386072e+03
1.777333071411472247e+03
1.777333071411390847e+03
1.777333071411403125e+03
1.777333071411455194e+03
1.777333071411477022e+03
1.777333071411429728e+03
1.777333071411485889e+03
1.777333071411486799e+03
1.777333071411371293e+03
1.777333071411466335e+03
1.777333071411378796e+03
1.777333071411463834e+03
1.777333071411419724e+03
1.777333071411426545e+03
1.777333071411421997e+03
1.777333071411463834e+03
1.777333071411365609e+03
1.777333071411400852e+03
1.777333071411463152e+03
1.777333071411433593e+03
1.777333071411494757e+03
1.777333071411395167e+03
1.777333071411475430e+03
1.777333071411429955e+03
1.777333071411491346e+03
1.777333071411448373e+03
1.777333071411402216e+03
1.777333071411384481e+03
1.777333071411514084e+03
1.777333071411431774e+03
1.777333071411458377e+03
1.777333071411414949e+03
1.777333071411434730e+03
1.777333071411492256e+03
1.777333071411461333e+03
1.777333071411474521e+03
1.777333071411369019e+03
1.777333071411430637e+03
1.777333071411401761e+03
1.777333071411479523e+03
1.777333071411434048e+03
1.777333071411466790e+03
1.777333071411445417e+03
1.777333071411417222e+03
1.777333071411459287e+03
1.777333071411505216e+03
1.777333071411408582e+03
1.777333071411361288e+03
1.777333071411488618e+03
1.777333071411403807e+03
1.777333071411472702e+03
1.777333071411469518e+03
1.777333071411403353e+03
1.777333071411417905e+03
1.777333071411438823e+03
1.777333071411423816e+03
1.777333071411521814e+03
1.777333071411442234e+03
1.777333071411460651e+03
1.777333071411498167e+03
1.777333071411387891e+03
1.777333071411478841e+03
1.777333071411416086e+03
1.777333071411378342e+03
1.777333071411502942e+03
1.777333071411428364e+03
1.777333071411474748e+03
1.777333071411403807e+03
1.777333071411376750e+03
1.777333071411451556e+03
1.777333071411428818e+03
1.777333071411401761e+03
1.777333071411455194e+03
1.777333071411439732e+03
1.777333071411504534e+03
1.777333071411492256e+03
1.777333071411388346e+03
1.777333071411343553e+03
1.777333071411477704e+03
1.777333071411486799e+03
1.777333071411397896e+03
1.777333071411494529e+03
1.777333071411477022e+03
1.777333071411416768e+03
1.777333071411431774e+03
1.777333071411417222e+03
1.777333071411482706e+03
1.777333071411479750e+03
1.777333071411392666e+03
1.777333071411397214e+03
1.777333071411455421e+03
1.777333071411400169e+03
1.777333071411478159e+03
1.777333071411388346e+03
1.777333071411449055e+03
1.777333071411452011e+03
1.777333071411431547e+03
1.777333071411409264e+03
1.777333071411399260e+03
1.777333071411351511e+03
1.777333071411500669e+03
1.777333071411435867e+03
1.777333071411419269e+03
1.777333071411417222e+03
1.777333071411460651e+03
1.777333071411498622e+03
1.777333071411514084e+03
1.777333071411359242e+03
1.777333071411413812e+03
1.777333071411444053e+03
1.777333071411513856e+03
1.777333071411468609e+03
1.777333071411399942e+03
1.777333071411444962e+03
1.777333071411493620e+03
1.777333071411396077e+03
1.777333071411485889e+03
1.777333071411412220e+03
1.777333071411415858e+03
1.777333071411406081e+03
1.777333071411417450e+03
1.777333071411522724e+03
1.777333071411366745e+03
1.777333071411418587e+03
1.777333071411481797e+03
1.777333071411372430e+03
1.777333071411461788e+03
1.777333071411369474e+03
1.777333071411491119e+03
1.777333071411491801e+03
1.777333071411498622e+03
1.777333071411389483e+03
1.777333071411401306e+03
1.777333071411431320e+03
1.777333071411483388e+03
1.777333071411477022e+03
1.777333071411468609e+03
1.777333071411435640e+03
1.777333071411413357e+03
1.777333071411564333e+03
1.777333071411494529e+03
1.777333071411419041e+03
1.777333071411483161e+03
1.777333071411495212e+03
1.777333071411498167e+03
1.777333071411456331e+03
1.777333071411409946e+03
1.777333071411395622e+03
1.777333071411476340e+03
1.777333071411487253e+03
1.777333071411499759e+03
1.777333071411495439e+03
1.777333071411498850e+03
1.777333071411455194e+03
1.777333071411405399e+03
1.777333071411473838e+03
1.777333071411457240e+03
1.777333071411484298e+03
1.777333071411467699e+03
1.777333071411419724e+03
1.777333071411411993e+03
1.777333071411432002e+03
1.777333071411364926e+03
1.777333071411391529e+03
1.777333071411378342e+03
1.777333071411394712e+03
1.777333071411457240e+03
1.777333071411422907e+03
1.777333071411466335e+03
1.777333071411462470e+03
1.777333071411446326e+03
1.777333071411458377e+03
1.777333071411465653e+03
1.777333071411467699e+03
1.777333071411455649e+03
1.777333071411420633e+03
1.777333071411454284e+03
1.777333071411433139e+03
1.777333071411439732e+03
1.777333071411471110e+03
1.777333071411430637e+03
1.777333071411408355e+03
1.777333071411511582e+03
1.777333071411474066e+03
1.777333071411442916e+03
1.777333071411507035e+03
1.777333071411372657e+03
1.777333071411416768e+03
1.777333071411469973e+03
1.777333071411390620e+03
1.777333071411417222e+03
1.777333071411477931e+03
1.777333071411497485e+03
1.777333071411456785e+03
1.777333071411453375e+03
1.777333071411414039e+03
1.777333071411474293e+03
1.777333071411429273e+03
1.777333071411467699e+03
1.777333071411457922e+03
1.777333071411403807e+03
1.777333071411480660e+03
1.777333071411482933e+03
1.777333071411377432e+03
1.777333071411390165e+03
1.777333071411493620e+03
1.777333071411406308e+03
1.777333071411427909e+03
1.777333071411411765e+03
1.777333071411416086e+03
1.777333071411428136e+03
1.777333071411437686e+03
1.777333071411485889e+03
1.777333071411432684e+03
1.777333071411486344e+03
1.777333071411482706e+03
1.777333071411361743e+03
1.777333071411376523e+03
1.777333071411448373e+03
1.777333071411481797e+03
1.777333071411407445e+03
1.777333071411379251e+03
1.777333071411515220e+03
1.777333071411459287e+03
1.777333071411436777e+03
1.777333071411397441e+03
1.777333071411558421e+03
1.777333071411496121e+03
1.777333071411495894e+03
1.777333071411442916e+03
1.777333071411474293e+03
1.777333071411443598e+03
1.777333071411412902e+03
1.777333071411464061e+03
1.777333071411512947e+03
1.777333071411426317e+03
1.777333071411489072e+03
1.777333071411374476e+03
1.777333071411445644e+03
1.777333071411394485e+03
1.777333071411489755e+03
1.777333071411403580e+03
1.777333071411485889e+03
1.777333071411412675e+03
1.777333071411404717e+03
1.777333071411477022e+03
1.777333071411395395e+03
1.777333071411433593e+03
1.777333071411473384e+03
1.777333071411430637e+03
1.777333071411473611e+03
1.777333071411445417e+03
1.777333071411441779e+03
1.777333071411463834e+03
1.777333071411405854e+03
1.777333071411396531e+03
1.777333071411400397e+03
1.777333071411458377e+03
1.777333071411457468e+03
1.777333071411406081e+03
1.777333071411487026e+03
1.777333071411437686e+03
1.777333071411484070e+03
1.777333071411423134e+03
1.777333071411433139e+03
1.777333071411397214e+03
1.777333071411399942e+03
1.777333071411423816e+03
1.777333071411391529e+03
1.777333071411474748e+03
1.777333071411479295e+03
1.777333071411414267e+03
1.777333071411420633e+03
1.777333071411370838e+03
1.777333071411369247e+03
1.777333071411463152e+03
1.777333071411466790e+03
1.777333071411472929e+03
1.777333071411432456e+03
1.777333071411470200e+03
1.777333071411386527e+03
1.777333071411417222e+03
1.777333071411384026e+03
1.777333071411424498e+03
1.777333071411477704e+03
1.777333071411445417e+03
1.777333071411470883e+03
1.777333071411478613e+03
1.777333071411472247e+03
1.777333071411474521e+03
1.777333071411532501e+03
1.777333071411398578e+03
1.777333071411428136e+03
1.777333071411403580e+03
1.777333071411475203e+03
1.777333071411489755e+03
1.777333071411464289e+03
1.777333071411510673e+03
1.777333071411551373e+03
1.777333071411478159e+03
1.777333071411410856e+03
1.777333071411514311e+03
1.777333071411398578e+03
1.777333071411497485e+03
1.777333071411417677e+03
1.777333071411410401e+03
1.777333071411453375e+03
1.777333071411517494e+03
1.777333071411459514e+03
1.777333071411437686e+03
1.777333071411507717e+03
1.777333071411419041e+03
1.777333071411499759e+03
1.777333071411478159e+03
1.777333071411455649e+03
1.777333071411402670e+03
1.777333071411455649e+03
1.777333071411411311e+03
1.777333071411409037e+03
1.777333071411497258e+03
1.777333071411489300e+03
1.777333071411422679e+03
1.777333071411408355e+03
1.777333071411490664e+03
1.777333071411469518e+03
1.777333071411491119e+03
1.777333071411428136e+03
1.777333071411397896e+03
1.777333071411392211e+03
1.777333071411499304e+03
1.777333071411474066e+03
1.777333071411418132e+03
1.777333071411435185e+03
1.777333071411499077e+03
1.777333071411389710e+03
1.777333071411419724e+03
1.777333071411461106e+03
1.777333071411480660e+03
1.777333071411478159e+03
1.777333071411458150e+03
1.777333071411427227e+03
1.777333071411409946e+03
1.777333071411381297e+03
1.777333071411384708e+03
1.777333071411383798e+03
1.777333071411409946e+03
1.777333071411485435e+03
1.777333071411492938e+03
1.777333071411356741e+03
1.777333071411417222e+03
1.777333071411470200e+03
1.777333071411463379e+03
1.777333071411506126e+03
1.777333071411473838e+03
1.777333071411425635e+03
1.777333071411497258e+03
1.777333071411410856e+03
1.777333071411486117e+03
1.777333071411484525e+03
1.777333071411393348e+03
1.777333071411502488e+03
1.777333071411397896e+03
1.777333071411482479e+03
1.777333071411374931e+03
1.777333071411477704e+03
1.777333071411459969e+03
1.777333071411478386e+03
1.777333071411414494e+03
1.777333071411499304e+03
1.777333071411361516e+03
1.777333071411469518e+03
1.777333071411449509e+03
1.777333071411366518e+03
1.777333071411481797e+03
1.777333071411449282e+03
1.777333071411441551e+03
1.777333071411516585e+03
1.777333071411449509e+03
1.777333071411473384e+03
1.777333071411472247e+03
1.777333071411494302e+03
1.777333071411393803e+03
1.777333071411350147e+03
1.777333071411398805e+03
1.777333071411413812e+03
1.777333071411409264e+03
1.777333071411449964e+03
1.777333071411484070e+03
1.777333071411423589e+03
1.777333071411460196e+03
1.777333071411406536e+03
1.777333071411452011e+03
1.777333071411436549e+03
1.777333071411421997e+03
1.777333071411437231e+03
1.777333071411453375e+03
1.777333071411415176e+03
1.777333071411473611e+03
1.777333071411453147e+03
1.777333071411457013e+03
1.777333071411463379e+03
1.777333071411467245e+03
1.777333071411448827e+03
1.777333071411461333e+03
1.777333071411464971e+03
1.777333071411400397e+03
1.777333071411411993e+03
1.777333071411504079e+03
1.777333071411377659e+03
1.777333071411414949e+03
1.777333071411519541e+03
1.777333071411398805e+03
1.777333071411473611e+03
1.777333071411444507e+03
1.777333071411463834e+03
1.777333071411476794e+03
1.777333071411423134e+03
1.777333071411466335e+03
1.777333071411484980e+03
1.777333071411540232e+03
1.777333071411418587e+03
1.777333071411444053e+03
1.777333071411412220e+03
1.777333071411503624e+03
1.777333071411463834e+03
1.777333071411393576e+03
1.777333071411381297e+03
1.777333071411492256e+03
1.777333071411500669e+03
1.777333071411505216e+03
1.777333071411396304e+03
1.777333071411426317e+03
1.777333071411473838e+03
1.777333071411414721e+03
1.777333071411384708e+03
1.777333071411475203e+03
1.777333071411385617e+03
1.777333071411480205e+03
1.777333071411469518e+03
1.777333071411478386e+03
1.777333071411379478e+03
1.777333071411411083e+03
1.777333071411462925e+03
1.777333071411355149e+03
1.777333071411415631e+03
1.777333071411386527e+03
1.777333071411493393e+03
1.777333071411402443e+03
1.777333071411402898e+03
1.777333071411430865e+03
1.777333071411437231e+03
1.777333071411428136e+03
1.777333071411378342e+03
1.777333071411486344e+03
1.777333071411406991e+03
1.777333071411456331e+03
1.777333071411504989e+03
1.777333071411461333e+03
1.777333071411454284e+03
1.777333071411400624e+03
1.777333071411506580e+03
1.777333071411445189e+03
1.777333071411427227e+03
1.777333071411467245e+03
1.777333071411459514e+03
1.777333071411399260e+03
1.777333071411484980e+03
1.777333071411416768e+03
1.777333071411394940e+03
1.777333071411385163e+03
1.777333071411499759e+03
1.777333071411401306e+03
1.777333071411479295e+03
1.777333071411506580e+03
1.777333071411499304e+03
1.777333071411405626e+03
1.777333071411467699e+03
1.777333071411394712e+03
1.777333071411485435e+03
1.777333071411399942e+03
1.777333071411448145e+03
1.777333071411486571e+03
1.777333071411479295e+03
1.777333071411497031e+03
1.777333071411458377e+03
1.777333071411465880e+03
1.777333071411469746e+03
1.777333071411389483e+03
1.777333071411403125e+03
1.777333071411407900e+03
1.777333071411459059e+03
1.777333071411386072e+03
1.777333071411489072e+03
1.777333071411371748e+03
1.777333071411457695e+03
1.777333071411418132e+03
1.777333071411501805e+03
1.777333071411381979e+03
1.777333071411377432e+03
1.777333071411468609e+03
1.777333071411475885e+03
1.777333071411416768e+03
1.777333071411404944e+03
1.777333071411426999e+03
1.777333071411413812e+03
1.777333071411382207e+03
1.777333071411434275e+03
1.777333071411439050e+03
1.777333071411439960e+03
1.777333071411487253e+03
1.777333071411524088e+03
1.777333071411479295e+03
1.777333071411449282e+03
1.777333071411438141e+03
1.777333071411392439e+03
1.777333071411426317e+03
1.777333071411468154e+03
1.777333071411388573e+03
1.777333071411504307e+03
1.777333071411471110e+03
1.777333071411459969e+03
1.777333071411382889e+03
1.777333071411430637e+03
1.777333071411417677e+03
1.777333071411526817e+03
1.777333071411426999e+03
1.777333071411399033e+03
1.777333071411419496e+03
1.777333071411462015e+03
1.777333071411388801e+03
1.777333071411417905e+03
1.777333071411372885e+03
1.777333071411450419e+03
1.777333071411404717e+03
1.777333071411463834e+03
1.777333071411386072e+03
1.777333071411481114e+03
1.777333071411485435e+03
1.777333071411464744e+03
1.777333071411438368e+03
1.777333071411478613e+03
1.777333071411438596e+03
1.777333071411418814e+03
1.777333071411402670e+03
1.777333071411477476e+03
1.777333071411465880e+03
1.777333071411438596e+03
1.777333071411453830e+03
1.777333071411417222e+03
1.777333071411406763e+03
1.777333071411478386e+03
1.777333071411463834e+03
1.777333071411402898e+03
1.777333071411468381e+03
1.777333071411484980e+03
1.777333071411459969e+03
1.777333071411502260e+03
1.777333071411529772e+03
1.777333071411444053e+03
1.777333071411391529e+03
1.777333071411502942e+03
1.777333071411393803e+03
1.777333071411469291e+03
1.777333071411405172e+03
1.777333071411490891e+03
1.777333071411454966e+03
1.777333071411404717e+03
1.777333071411506808e+03
1.777333071411508399e+03
1.777333071411480432e+03
1.777333071411442688e+03
1.777333071411374931e+03
1.777333071411396077e+03
1.777333071411378342e+03
1.777333071411474293e+03
1.777333071411413812e+03
1.777333071411415631e+03
1.777333071411409719e+03
1.777333071411453602e+03
1.777333071411470883e+03
1.777333071411432911e+03
1.777333071411463834e+03
1.777333071411506808e+03
1.777333071411414267e+03
1.777333071411517949e+03
1.777333071411494529e+03
1.777333071411413812e+03
1.777333071411507262e+03
1.777333071411416540e+03
1.777333071411420860e+03
1.777333071411420860e+03
1.777333071411436322e+03
1.777333071411411083e+03
1.777333071411438823e+03
1.777333071411436094e+03
1.777333071411487936e+03
1.777333071411467699e+03
1.777333071411405172e+03
1.777333071411459059e+03
1.777333071411487253e+03
1.777333071411404944e+03
1.777333071411404262e+03
1.777333071411379251e+03
1.777333071411421997e+03
1.777333071411467927e+03
1.777333071411398805e+03
1.777333071411483616e+03
1.777333071411460651e+03
1.777333071411391302e+03
1.777333071411401079e+03
1.777333071411436322e+03
1.777333071411389028e+03
1.777333071411456103e+03
1.777333071411497258e+03
1.777333071411387664e+03
1.777333071411458150e+03
1.777333071411465198e+03
1.777333071411486799e+03
1.777333071411403580e+03
1.777333071411398350e+03
1.777333071411427682e+03
1.777333071411463379e+03
1.777333071411447236e+03
1.777333071411427227e+03
1.777333071411393121e+03
1.777333071411419724e+03
1.777333071411481569e+03
1.777333071411396986e+03
1.777333071411415858e+03
1.777333071411453602e+03
1.777333071411494984e+03
1.777333071411495212e+03
1.777333071411469291e+03
1.777333071411524543e+03
1.777333071411473838e+03
1.777333071411399260e+03
1.777333071411407218e+03
1.777333071411363335e+03
1.777333071411496576e+03
1.777333071411404717e+03
1.777333071411452011e+03
1.777333071411395167e+03
1.777333071411485435e+03
1.777333071411509081e+03
1.777333071411422679e+03
1.777333071411383798e+03
1.777333071411418132e+03
1.777333071411468381e+03
1.777333071411455649e+03
1.777333071411467699e+03
1.777333071411515448e+03
1.777333071411457240e+03
1.777333071411392439e+03
1.777333071411407445e+03
1.777333071411432911e+03
1.777333071411424271e+03
1.777333071411443370e+03
1.777333071411489755e+03
1.777333071411493165e+03
1.777333071411472702e+03
1.777333071411473384e+03
1.777333071411420406e+03
1.777333071411401306e+03
1.777333071411488845e+03
1.777333071411440415e+03
1.777333071411423816e+03
1.777333071411416313e+03
1.777333071411414949e+03
1.777333071411388801e+03
1.777333071411483161e+03
1.777333071411481342e+03
1.777333071411530000e+03
1.777333071411416540e+03
1.777333071411486344e+03
1.777333071411416768e+03
1.777333071411460651e+03
1.777333071411503624e+03
1.777333071411421088e+03
1.777333071411471792e+03
1.777333071411361061e+03
1.777333071411479295e+03
1.777333071411433366e+03
1.777333071411396077e+03
1.777333071411453375e+03
1.777333071411461788e+03
1.777333071411475885e+03
1.777333071411479295e+03
1.777333071411465653e+03
1.777333071411397441e+03
1.777333071411456103e+03
1.777333071411503852e+03
1.777333071411404717e+03
1.777333071411397214e+03
1.777333071411370156e+03
1.777333071411384708e+03
1.777333071411420860e+03
1.777333071411403353e+03
1.777333071411426545e+03
1.777333071411439505e+03
1.777333071411474748e+03
1.777333071411492710e+03
1.777333071411373794e+03
1.777333071411489527e+03
1.777333071411405854e+03
1.777333071411484525e+03
1.777333071411475657e+03
1.777333071411424726e+03
1.777333071411369474e+03
1.777333071411454966e+03
1.777333071411506126e+03
1.777333071411509763e+03
1.777333071411462697e+03
1.777333071411476567e+03
1.777333071411508627e+03
1.777333071411460196e+03
1.777333071411464971e+03
1.777333071411502715e+03
1.777333071411415176e+03
1.777333071411494529e+03
1.777333071411413357e+03
1.777333071411404489e+03
1.777333071411386982e+03
1.777333071411485435e+03
1.777333071411401761e+03
1.777333071411495666e+03
1.777333071411453830e+03
1.777333071411402670e+03
1.777333071411456103e+03
1.777333071411477476e+03
1.777333071411474521e+03
1.777333071411457922e+03
1.777333071411375158e+03
1.777333071411470883e+03
1.777333071411483161e+03
1.777333071411535911e+03
1.777333071411443825e+03
1.777333071411417450e+03
1.777333071411446326e+03
1.777333071411388119e+03
1.777333071411449509e+03
1.777333071411469746e+03
1.777333071411466108e+03
1.777333071411464289e+03
1.777333071411404944e+03
1.777333071411489755e+03
1.777333071411416995e+03
1.777333071411424271e+03
1.777333071411449055e+03
1.777333071411426772e+03
1.777333071411439732e+03
1.777333071411461788e+03
1.777333071411374931e+03
1.777333071411523179e+03
1.777333071411491801e+03
1.777333071411439732e+03
1.777333071411441324e+03
1.777333071411442916e+03
1.777333071411495894e+03
1.777333071411397668e+03
1.777333071411463834e+03
1.777333071411349238e+03
1.777333071411482024e+03
1.777333071411497713e+03
1.777333071411472474e+03
1.777333071411393348e+03
1.777333071411492938e+03
1.777333071411427454e+03
1.777333071411471110e+03
1.777333071411400169e+03
1.777333071411447008e+03
1.777333071411419496e+03
1.777333071411462242e+03
1.777333071411502942e+03
1.777333071411496803e+03
1.777333071411402443e+03
1.777333071411501578e+03
1.777333071411393121e+03
1.777333071411463607e+03
1.777333071411426090e+03
1.777333071411379024e+03
1.777333071411497940e+03
1.777333071411476340e+03
1.777333071411449055e+03
1.777333071411468836e+03
1.777333071411444053e+03
1.777333071411478841e+03
1.777333071411417222e+03
1.777333071411389938e+03
1.777333071411431320e+03
1.777333071411455421e+03
1.777333071411456558e+03
1.777333071411308310e+03
1.777333071411456103e+03
1.777333071411401761e+03
1.777333071411469746e+03
1.777333071411393348e+03
1.777333071411420860e+03
1.777333071411390392e+03
1.777333071411412220e+03
1.777333071411440187e+03
1.777333071411473156e+03
1.777333071411395395e+03
1.777333071411435640e+03
1.777333071411511355e+03
1.777333071411391529e+03
1.777333071411456785e+03
1.777333071411459287e+03
1.777333071411464971e+03
1.777333071411462925e+03
1.777333071411462015e+03
1.777333071411446554e+03
1.777333071411463834e+03
1.777333071411462925e+03
1.777333071411442006e+03
1.777333071411527044e+03
1.777333071411404262e+03
1.777333071411396304e+03
1.777333071411387436e+03
1.777333071411459514e+03
1.777333071411378796e+03
1.777333071411433821e+03
1.777333071411524998e+03
1.777333071411413130e+03
1.777333071411475430e+03
1.777333071411412448e+03
1.777333071411405626e+03
1.777333071411446326e+03
1.777333071411468381e+03
1.777333071411389710e+03
1.777333071411435412e+03
1.777333071411463607e+03
1.777333071411464289e+03
1.777333071411397668e+03
1.777333071411414721e+03
1.777333071411460878e+03
1.777333071411475430e+03
1.777333071411403125e+03
1.777333071411475657e+03
1.777333071411441324e+03
1.777333071411527044e+03
1.777333071411424953e+03
1.777333071411448145e+03
1.777333071411468154e+03
1.777333071411485207e+03
1.777333071411497031e+03
1.777333071411392893e+03
1.777333071411438596e+03
1.777333071411422452e+03
1.777333071411404717e+03
1.777333071411464516e+03
1.777333071411419269e+03
1.777333071411446326e+03
1.777333071411485207e+03
1.777333071411440642e+03
1.777333071411426999e+03
1.777333071411476112e+03
1.777333071411366518e+03
1.777333071411351966e+03
1.777333071411439505e+03
1.777333071411424271e+03
1.777333071411424271e+03
1.777333071411494529e+03
1.777333071411445189e+03
1.777333071411505216e+03
1.777333071411497485e+03
1.777333071411397214e+03
1.777333071411469973e+03
1.777333071411401079e+03
1.777333071411497713e+03
1.777333071411401306e+03
1.777333071411463834e+03
1.777333071411388801e+03
1.777333071411405172e+03
1.777333071411411993e+03
1.777333071411487936e+03
1.777333071411406308e+03
1.777333071411411993e+03
1.777333071411475885e+03
1.777333071411462015e+03
1.777333071411501351e+03
1.777333071411468609e+03
1.777333071411455649e+03
1.777333071411378114e+03
1.777333071411401306e+03
1.777333071411458150e+03
1.777333071411413812e+03
1.777333071411456103e+03
1.777333071411469973e+03
1.777333071411447236e+03
1.777333071411473838e+03
1.777333071411516357e+03
1.777333071411449964e+03
1.777333071411503624e+03
1.777333071411379706e+03
1.777333071411459514e+03
1.777333071411480205e+03
1.777333071411461788e+03
1.777333071411411993e+03
1.777333071411484298e+03
1.777333071411515220e+03
1.777333071411380843e+03
1.777333071411474293e+03
1.777333071411376977e+03
1.777333071411420860e+03
1.777333071411478841e+03
1.777333071411462242e+03
1.777333071411473838e+03
1.777333071411445871e+03
1.777333071411460878e+03
1.777333071411441551e+03
1.777333071411464289e+03
1.777333071411417450e+03
1.777333071411462242e+03
1.777333071411415176e+03
1.777333071411493620e+03
1.777333071411470428e+03
1.777333071411442006e+03
1.777333071411480432e+03
1.777333071411474066e+03
1.777333071411389255e+03
1.777333071411475885e+03
1.777333071411560468e+03
1.777333071411467017e+03
1.777333071411474748e+03
1.777333071411391757e+03
1.777333071411444053e+03
1.777333071411499759e+03
1.777333071411455876e+03
1.777333071411410629e+03
1.777333071411487253e+03
1.777333071411407673e+03
1.777333071411400169e+03
1.777333071411373567e+03
1.777333071411409037e+03
1.777333071411375613e+03
1.777333071411403353e+03
1.777333071411447463e+03
1.777333071411423134e+03
1.777333071411475430e+03
1.777333071411476112e+03
1.777333071411514084e+03
1.777333071411405172e+03
1.777333071411425863e+03
1.777333071411518176e+03
1.777333071411500441e+03
1.777333071411389938e+03
1.777333071411447690e+03
1.777333071411421543e+03
1.777333071411457468e+03
1.777333071411425180e+03
1.777333071411478841e+03
1.777333071411468836e+03
1.777333071411379706e+03
1.777333071411385845e+03
1.777333071411489755e+03
1.777333071411394940e+03
1.777333071411489072e+03
1.777333071411418587e+03
1.777333071411466108e+03
1.777333071411500896e+03
1.777333071411412902e+03
1.777333071411385163e+03
1.777333071411462697e+03
1.777333071411402443e+03
1.777333071411461560e+03
1.777333071411477022e+03
1.777333071411407445e+03
1.777333071411473384e+03
1.777333071411524315e+03
1.777333071411441324e+03
1.777333071411413584e+03
1.777333071411484525e+03
1.777333071411520450e+03
1.777333071411398350e+03
1.777333071411468154e+03
1.777333071411477476e+03
1.777333071411469291e+03
1.777333071411456331e+03
1.777333071411457013e+03
1.777333071411498167e+03
1.777333071411435185e+03
1.777333071411403125e+03
1.777333071411391529e+03
1.777333071411481342e+03
1.777333071411390620e+03
1.777333071411407445e+03
1.777333071411404717e+03
1.777333071411482251e+03
1.777333071411406991e+03
1.777333071411472929e+03
1.777333071411474748e+03
1.777333071411416313e+03
1.777333071411527726e+03
1.777333071411492483e+03
1.777333071411435412e+03
1.777333071411424271e+03
1.777333071411464744e+03
1.777333071411459287e+03
1.777333071411407218e+03
1.777333071411458832e+03
1.777333071411501351e+03
1.777333071411491119e+03
1.777333071411465198e+03
1.777333071411466790e+03
1.777333071411514993e+03
1.777333071411472702e+03
1.777333071411406763e+03
1.777333071411513856e+03
1.777333071411447918e+03
1.777333071411490891e+03
1.777333071411438368e+03
1.777333071411471337e+03
1.777333071411399715e+03
1.777333071411413130e+03
1.777333071411398123e+03
1.777333071411470655e+03
1.777333071411396759e+03
1.777333071411501805e+03
1.777333071411413584e+03
1.777333071411415176e+03
1.777333071411426999e+03
1.777333071411451328e+03
1.777333071411466335e+03
1.777333071411464516e+03
1.777333071411399715e+03
1.777333071411441097e+03
1.777333071411469973e+03
1.777333071411409719e+03
1.777333071411399487e+03
1.777333071411421997e+03
1.777333071411400852e+03
1.777333071411401761e+03
1.777333071411439732e+03
1.777333071411417450e+03
1.777333071411402670e+03
1.777333071411438141e+03
1.777333071411508172e+03
1.777333071411395849e+03
1.777333071411455421e+03
1.777333071411476340e+03
1.777333071411467699e+03
1.777333071411430865e+03
1.777333071411487708e+03
1.777333071411485207e+03
1.777333071411465880e+03
1.777333071411451328e+03
1.777333071411508627e+03
1.777333071411532956e+03
1.777333071411492256e+03
1.777333071411472702e+03
1.777333071411360152e+03
1.777333071411372885e+03
1.777333071411382889e+03
1.777333071411486799e+03
1.777333071411377205e+03
1.777333071411386754e+03
1.777333071411572291e+03
1.777333071411406536e+03
1.777333071411391984e+03
1.777333071411351057e+03
1.777333071411394712e+03
1.777333071411429955e+03
1.777333071411428364e+03
1.777333071411516130e+03
1.777333071411453830e+03
1.777333071411476794e+03
1.777333071411442461e+03
1.777333071411465198e+03
1.777333071411423361e+03
1.777333071411424044e+03
1.777333071411456103e+03
1.777333071411428136e+03
1.777333071411477704e+03
1.777333071411429501e+03
1.777333071411496576e+03
1.777333071411409719e+03
1.777333071411471110e+03
1.777333071411389938e+03
1.777333071411497258e+03
1.777333071411487026e+03
1.777333071411477931e+03
1.777333071411427454e+03
1.777333071411383571e+03
1.777333071411418814e+03
1.777333071411455194e+03
1.777333071411480432e+03
1.777333071411444507e+03
1.777333071411425408e+03
1.777333071411436322e+03
1.777333071411429046e+03
1.777333071411515675e+03
1.777333071411471337e+03
1.777333071411433139e+03
1.777333071411386982e+03
1.777333071411400169e+03
1.777333071411469518e+03
1.777333071411431092e+03
1.777333071411492483e+03
1.777333071411433366e+03
1.777333071411389255e+03
1.777333071411455421e+03
1.777333071411489300e+03
1.777333071411336732e+03
1.777333071411367200e+03
1.777333071411493165e+03
1.777333071411462242e+03
1.777333071411401306e+03
1.777333071411485207e+03
1.777333071411454057e+03
1.777333071411417905e+03
1.777333071411408582e+03
1.777333071411403580e+03
1.777333071411480887e+03
1.777333071411400397e+03
1.777333071411400169e+03
1.777333071411368110e+03
1.777333071411408127e+03
1.777333071411510900e+03
1.777333071411433139e+03
1.777333071411377887e+03
1.777333071411403807e+03
1.777333071411409946e+03
1.777333071411392893e+03
1.777333071411387664e+03
1.777333071411434958e+03
1.777333071411409492e+03
1.777333071411513401e+03
1.777333071411403807e+03
1.777333071411404489e+03
1.777333071411408810e+03
1.777333071411416540e+03
1.777333071411485662e+03
1.777333071411439960e+03
1.777333071411420633e+03
1.777333071411451783e+03
1.777333071411396531e+03
1.777333071411488390e+03
1.777333071411546371e+03
1.777333071411430637e+03
1.777333071411474293e+03
1.777333071411494984e+03
1.777333071411479750e+03
1.777333071411472929e+03
1.777333071411462697e+03
1.777333071411404717e+03
1.777333071411400397e+03
1.777333071411479750e+03
1.777333071411473838e+03
1.777333071411423361e+03
1.777333071411515220e+03
1.777333071411409037e+03
1.777333071411478386e+03
1.777333071411412220e+03
1.777333071411437913e+03
1.777333071411420860e+03
1.777333071411415631e+03
1.777333071411496803e+03
1.777333071411432002e+03
1.777333071411406536e+03
1.777333071411418132e+03
1.777333071411421088e+03
1.777333071411369247e+03
1.777333071411382207e+03
1.777333071411467699e+03
1.777333071411433366e+03
1.777333071411409037e+03
1.777333071411411083e+03
1.777333071411495439e+03
1.777333071411427682e+03
1.777333071411395622e+03
1.777333071411394030e+03
1.777333071411456785e+03
1.777333071411463834e+03
1.777333071411391302e+03
1.777333071411439732e+03
1.777333071411423589e+03
1.777333071411429046e+03
1.777333071411366291e+03
1.777333071411392893e+03
1.777333071411433821e+03
1.777333071411382207e+03
1.777333071411347191e+03
1.777333071411374476e+03
1.777333071411410401e+03
1.777333071411465653e+03
1.777333071411457013e+03
1.777333071411417677e+03
1.777333071411483616e+03
1.777333071411472702e+03
1.777333071411474293e+03
1.777333071411390165e+03
1.777333071411472247e+03
1.777333071411477704e+03
1.777333071411434503e+03
1.777333071411393121e+03
1.777333071411364699e+03
1.777333071411464744e+03
1.777333071411482024e+03
1.777333071411413130e+03
1.777333071411381979e+03
1.777333071411471337e+03
1.777333071411471337e+03
1.777333071411424498e+03
1.777333071411458832e+03
1.777333071411408127e+03
1.777333071411395622e+03
1.777333071411370156e+03
1.777333071411399033e+03
1.777333071411504534e+03
1.777333071411463379e+03
1.777333071411481569e+03
1.777333071411484070e+03
1.777333071411401761e+03
1.777333071411512265e+03
1.777333071411473384e+03
1.777333071411462697e+03
1.777333071411353558e+03
1.777333071411423134e+03
1.777333071411467017e+03
1.777333071411426772e+03
1.777333071411457695e+03
1.777333071411376068e+03
1.777333071411474293e+03
1.777333071411459514e+03
1.777333071411450419e+03
1.777333071411465880e+03
1.777333071411411993e+03
1.777333071411472247e+03
1.777333071411465880e+03
1.777333071411434958e+03
1.777333071411474521e+03
1.777333071411475203e+03
1.777333071411476567e+03
1.777333071411510900e+03
1.777333071411438823e+03
1.777333071411469746e+03
1.777333071411395622e+03
1.777333071411433593e+03
1.777333071411422679e+03
1.777333071411481569e+03
1.777333071411415176e+03
1.777333071411403580e+03
1.777333071411446554e+03
1.777333071411523179e+03
1.777333071411473838e+03
1.777333071411446554e+03
1.777333071411381070e+03
1.777333071411429046e+03
1.777333071411364926e+03
1.777333071411471110e+03
1.777333071411410856e+03
1.777333071411375613e+03
1.777333071411450646e+03
1.777333071411401988e+03
1.777333071411439505e+03
1.777333071411483843e+03
1.777333071411464289e+03
1.777333071411400852e+03
1.777333071411505443e+03
1.777333071411414721e+03
1.777333071411349692e+03
1.777333071411373794e+03
1.777333071411507945e+03
1.777333071411402898e+03
1.777333071411437913e+03
1.777333071411417222e+03
1.777333071411480887e+03
1.777333071411503852e+03
1.777333071411469064e+03
1.777333071411484752e+03
1.777333071411478613e+03
1.777333071411484980e+03
1.777333071411400624e+03
1.777333071411456558e+03
1.777333071411416086e+03
1.777333071411366973e+03
1.777333071411493165e+03
1.777333071411465198e+03
1.777333071411400397e+03
1.777333071411471337e+03
1.777333071411373567e+03
1.777333071411412448e+03
1.777333071411474975e+03
1.777333071411409946e+03
1.777333071411383116e+03
1.777333071411466335e+03
1.777333071411406308e+03
1.777333071411503397e+03
1.777333071411402670e+03
1.777333071411514311e+03
1.777333071411410174e+03
1.777333071411423816e+03
1.777333071411420406e+03
1.777333071411394485e+03
1.777333071411472702e+03
1.777333071411392211e+03
1.777333071411461560e+03
1.777333071411459059e+03
1.777333071411438596e+03
1.777333071411393121e+03
1.777333071411477249e+03
1.777333071411476112e+03
1.777333071411414267e+03
1.777333071411480887e+03
1.777333071411390620e+03
1.777333071411414721e+03
1.777333071411445644e+03
1.777333071411434958e+03
1.777333071411441324e+03
1.777333071411425408e+03
1.777333071411431547e+03
1.777333071411451556e+03
1.777333071411452693e+03
1.777333071411404489e+03
1.777333071411439278e+03
1.777333071411397668e+03
1.777333071411461560e+03
1.777333071411500896e+03
1.777333071411372430e+03
1.777333071411394940e+03
1.777333071411352421e+03
1.777333071411470428e+03
1.777333071411420178e+03
1.777333071411381297e+03
1.777333071411403807e+03
1.777333071411345145e+03
1.777333071411489300e+03
1.777333071411481114e+03
1.777333071411368337e+03
1.777333071411359242e+03
1.777333071411385845e+03
1.777333071411473838e+03
1.777333071411374704e+03
1.777333071411440869e+03
1.777333071411463152e+03
1.777333071411437231e+03
1.777333071411464744e+03
1.777333071411389028e+03
1.777333071411382207e+03
1.777333071411399715e+03
1.777333071411454057e+03
1.777333071411395849e+03
1.777333071411457922e+03
1.777333071411490664e+03
1.777333071411413130e+03
1.777333071411420633e+03
1.777333071411411993e+03
1.777333071411410174e+03
1.777333071411419041e+03
1.777333071411470883e+03
1.777333071411473384e+03
1.777333071411502488e+03
1.777333071411391757e+03
1.777333071411427227e+03
1.777333071411504079e+03
1.777333071411433366e+03
1.777333071411410401e+03
1.777333071411414721e+03
1.777333071411497713e+03
1.777333071411440869e+03
1.777333071411485435e+03
1.777333071411493393e+03
1.777333071411460878e+03
1.777333071411482933e+03
1.777333071411417677e+03
1.777333071411472474e+03
1.777333071411518858e+03
1.777333071411453375e+03
1.777333071411443143e+03
1.777333071411407445e+03
1.777333071411447690e+03
1.777333071411484070e+03
1.777333071411457922e+03
1.777333071411408127e+03
1.777333071411383798e+03
1.777333071411393803e+03
1.777333071411399715e+03
1.777333071411390620e+03
1.777333071411428364e+03
1.777333071411356514e+03
1.777333071411510900e+03
1.777333071411391757e+03
1.777333071411396986e+03
1.777333071411471792e+03
1.777333071411471110e+03
1.777333071411527271e+03
1.777333071411479978e+03
1.777333071411385390e+03
1.777333071411459969e+03
1.777333071411473384e+03
1.777333071411432456e+03
1.777333071411383571e+03
1.777333071411501578e+03
1.777333071411413812e+03
1.777333071411420406e+03
1.777333071411433593e+03
1.777333071411483388e+03
1.777333071411402670e+03
1.777333071411401761e+03
1.777333071411424044e+03
1.777333071411386754e+03
1.777333071411494757e+03
1.777333071411464971e+03
1.777333071411390392e+03
1.777333071411472929e+03
1.777333071411405172e+03
1.777333071411416086e+03
1.777333071411389028e+03
1.777333071411410174e+03
1.777333071411497258e+03
1.777333071411416086e+03
1.777333071411497258e+03
1.777333071411469064e+03
1.777333071411395167e+03
1.777333071411526589e+03
1.777333071411406308e+03
1.777333071411412220e+03
1.777333071411473611e+03
1.777333071411471565e+03
1.777333071411386527e+03
1.777333071411409719e+03
1.777333071411371066e+03
1.777333071411508399e+03
1.777333071411488163e+03
1.777333071411462697e+03
1.777333071411401761e+03
1.777333071411451101e+03
1.777333071411445871e+03
1.777333071411479750e+03
1.777333071411406308e+03
1.777333071411431774e+03
1.777333071411381752e+03
1.777333071411474521e+03
1.777333071411400397e+03
1.777333071411468609e+03
1.777333071411432911e+03
1.777333071411477476e+03
1.777333071411456785e+03
1.777333071411475203e+03
1.777333071411460878e+03
1.777333071411375840e+03
1.777333071411449964e+03
1.777333071411471110e+03
1.777333071411417222e+03
1.777333071411471337e+03
1.777333071411389483e+03
1.777333071411388346e+03
1.777333071411408355e+03
1.777333071411389483e+03
1.777333071411506126e+03
1.777333071411482933e+03
1.777333071411462697e+03
1.777333071411421997e+03
1.777333071411514993e+03
1.777333071411462015e+03
1.777333071411497485e+03
1.777333071411401761e+03
1.777333071411503397e+03
1.777333071411414267e+03
1.777333071411425408e+03
1.777333071411469973e+03
1.777333071411477931e+03
1.777333071411445644e+03
1.777333071411463152e+03
1.777333071411481342e+03
1.777333071411402216e+03
1.777333071411416086e+03
1.777333071411424726e+03
1.777333071411495666e+03
1.777333071411448600e+03
1.777333071411461788e+03
1.777333071411452011e+03
1.777333071411394940e+03
1.777333071411401988e+03
1.777333071411445189e+03
1.777333071411502488e+03
1.777333071411487936e+03
1.777333071411438596e+03
1.777333071411465880e+03
1.777333071411491574e+03
1.777333071411500214e+03
1.777333071411505671e+03
1.777333071411400852e+03
1.777333071411462242e+03
1.777333071411411765e+03
1.777333071411410401e+03
1.777333071411401079e+03
1.777333071411464744e+03
1.777333071411495894e+03
1.777333071411466562e+03
1.777333071411434048e+03
1.777333071411496803e+03
1.777333071411480205e+03
1.777333071411428136e+03
1.777333071411425635e+03
1.777333071411471792e+03
1.777333071411395395e+03
1.777333071411445189e+03
1.777333071411445417e+03
1.777333071411412675e+03
1.777333071411411993e+03
1.777333071411398578e+03
1.777333071411452693e+03
1.777333071411426317e+03
1.777333071411472702e+03
1.777333071411469064e+03
1.777333071411449282e+03
1.777333071411424498e+03
1.777333071411488390e+03
1.777333071411397668e+03
1.777333071411438141e+03
1.777333071411394030e+03
1.777333071411379933e+03
1.777333071411470655e+03
1.777333071411409037e+03
1.777333071411403353e+03
1.777333071411380843e+03
1.777333071411508854e+03
1.777333071411512037e+03
1.777333071411431320e+03
1.777333071411372430e+03
1.777333071411500669e+03
1.777333071411522951e+03
1.777333071411474521e+03
1.777333071411474521e+03
1.777333071411422679e+03
1.777333071411413130e+03
1.777333071411442461e+03
1.777333071411432229e+03
1.777333071411411083e+03
1.777333071411434275e+03
1.777333071411457240e+03
1.777333071411377887e+03
1.777333071411452238e+03
1.777333071411387891e+03
1.777333071411380160e+03
1.777333071411516130e+03
1.777333071411398123e+03
1.777333071411485662e+03
1.777333071411404035e+03
1.777333071411445644e+03
1.777333071411420406e+03
1.777333071411431547e+03
1.777333071411441324e+03
1.777333071411440415e+03
1.777333071411413357e+03
1.777333071411496348e+03
1.777333071411457013e+03
1.777333071411400624e+03
1.777333071411403580e+03
1.777333071411471110e+03
1.777333071411389028e+03
1.777333071411473156e+03
1.777333071411483388e+03
1.777333071411444280e+03
1.777333071411459287e+03
1.777333071411493620e+03
1.777333071411440415e+03
1.777333071411398805e+03
1.777333071411361971e+03
1.777333071411485207e+03
1.777333071411472474e+03
1.777333071411432456e+03
1.777333071411465426e+03
1.777333071411486117e+03
1.777333071411413357e+03
1.777333071411452011e+03
1.777333071411404035e+03
1.777333071411359697e+03
1.777333071411491574e+03
1.777333071411473838e+03
1.777333071411444962e+03
1.777333071411482706e+03
1.777333071411433593e+03
1.777333071411413130e+03
1.777333071411474293e+03
1.777333071411440415e+03
1.777333071411432456e+03
1.777333071411418132e+03
1.777333071411489072e+03
1.777333071411494302e+03
1.777333071411425863e+03
1.777333071411409946e+03
1.777333071411421088e+03
1.777333071411358787e+03
1.777333071411464061e+03
1.777333071411417450e+03
1.777333071411401761e+03
1.777333071411504761e+03
1.777333071411408582e+03
1.777333071411505671e+03
1.777333071411472929e+03
1.777333071411419269e+03
1.777333071411472474e+03
1.777333071411481342e+03
1.777333071411370611e+03
1.777333071411510446e+03
1.777333071411455649e+03
1.777333071411489982e+03
1.777333071411365836e+03
1.777333071411485207e+03
1.777333071411449737e+03
1.777333071411391984e+03
1.777333071411396304e+03
1.777333071411490437e+03
1.777333071411416768e+03
1.777333071411463834e+03
1.777333071411504079e+03
1.777333071411464971e+03
1.777333071411482024e+03
1.777333071411417222e+03
1.777333071411461106e+03
1.777333071411360379e+03
1.777333071411412675e+03
1.777333071411403580e+03
1.777333071411484525e+03
1.777333071411462242e+03
1.777333071411425408e+03
1.777333071411430637e+03
1.777333071411439960e+03
1.777333071411475203e+03
1.777333071411380388e+03
1.777333071411494529e+03
1.777333071411424498e+03
1.777333071411424271e+03
1.777333071411423361e+03
1.777333071411428591e+03
1.777333071411416995e+03
1.777333071411386754e+03
1.777333071411387664e+03
1.777333071411484298e+03
1.777333071411381752e+03
1.777333071411407218e+03
1.777333071411425408e+03
1.777333071411420178e+03
1.777333071411495439e+03
1.777333071411400397e+03
1.777333071411487708e+03
1.777333071411388119e+03
1.777333071411474066e+03
1.777333071411477476e+03
1.777333071411399487e+03
1.777333071411476794e+03
1.777333071411478613e+03
1.777333071411423134e+03
1.777333071411410629e+03
1.777333071411470883e+03
1.777333071411412220e+03
1.777333071411383571e+03
1.777333071411522496e+03
1.777333071411393348e+03
1.777333071411515448e+03
1.777333071411482251e+03
1.777333071411394940e+03
1.777333071411434048e+03
1.777333071411494075e+03
1.777333071411398350e+03
1.777333071411383344e+03
1.777333071411438141e+03
1.777333071411476567e+03
1.777333071411497258e+03
1.777333071411412448e+03
1.777333071411391984e+03
1.777333071411450192e+03
1.777333071411530909e+03
1.777333071411458832e+03
1.777333071411437231e+03
1.777333071411402670e+03
1.777333071411466790e+03
1.777333071411429046e+03
1.777333071411402443e+03
1.777333071411507717e+03
1.777333071411406308e+03
1.777333071411494075e+03
1.777333071411514084e+03
1.777333071411457240e+03
1.777333071411531591e+03
1.777333071411476794e+03
1.777333071411493393e+03
1.777333071411369474e+03
1.777333071411446554e+03
1.777333071411457013e+03
1.777333071411427909e+03
1.777333071411502942e+03
1.777333071411433821e+03
1.777333071411425408e+03
1.777333071411480205e+03
1.777333071411372430e+03
1.777333071411428364e+03
1.777333071411423816e+03
1.777333071411399260e+03
1.777333071411458150e+03
1.777333071411362198e+03
1.777333071411487708e+03
1.777333071411462925e+03
1.777333071411437686e+03
1.777333071411454739e+03
1.777333071411401534e+03
1.777333071411494529e+03
1.777333071411422452e+03
1.777333071411542733e+03
1.777333071411376295e+03
1.777333071411447463e+03
1.777333071411486117e+03
1.777333071411492028e+03
1.777333071411488390e+03
1.777333071411430183e+03
1.777333071411479978e+03
1.777333071411429728e+03
1.777333071411409492e+03
1.777333071411461788e+03
1.777333071411414494e+03
1.777333071411384026e+03
1.777333071411403353e+03
1.777333071411395622e+03
1.777333071411503624e+03
1.777333071411464971e+03
1.777333071411392439e+03
1.777333071411393576e+03
1.777333071411520905e+03
1.777333071411413357e+03
1.777333071411386527e+03
1.777333071411478841e+03
1.777333071411397214e+03
1.777333071411487708e+03
1.777333071411398578e+03
1.777333071411466562e+03
1.777333071411469518e+03
1.777333071411494529e+03
1.777333071411430637e+03
1.777333071411400397e+03
1.777333071411453830e+03
1.777333071411500896e+03
1.777333071411492938e+03
1.777333071411448600e+03
1.777333071411388573e+03
1.777333071411456785e+03
1.777333071411492483e+03
1.777333071411514084e+03
1.777333071411453602e+03
1.777333071411489755e+03
1.777333071411513401e+03
1.777333071411401534e+03
1.777333071411441551e+03
1.777333071411456331e+03
1.777333071411372657e+03
1.777333071411434503e+03
1.777333071411381979e+03
1.777333071411447236e+03
1.777333071411429955e+03
1.777333071411473838e+03
1.777333071411476340e+03
1.777333071411407900e+03
1.777333071411471792e+03
1.777333071411479295e+03
1.777333071411448600e+03
1.777333071411403580e+03
1.777333071411378796e+03
1.777333071411476794e+03
1.777333071411383571e+03
1.777333071411484752e+03
1.777333071411465426e+03
1.777333071411495666e+03
1.777333071411417905e+03
1.777333071411424044e+03
1.777333071411500669e+03
1.777333071411433139e+03
1.777333071411480660e+03
1.777333071411414494e+03
1.777333071411387436e+03
1.777333071411432684e+03
1.777333071411502715e+03
1.777333071411488845e+03
1.777333071411456785e+03
1.777333071411488163e+03
1.777333071411410174e+03
1.777333071411404262e+03
1.777333071411452920e+03
1.777333071411406308e+03
1.777333071411484980e+03
1.777333071411445417e+03
1.777333071411447690e+03
1.777333071411442461e+03
1.777333071411397441e+03
1.777333071411418814e+03
1.777333071411417450e+03
1.777333071411481342e+03
1.777333071411446781e+03
1.777333071411493620e+03
1.777333071411479978e+03
1.777333071411411993e+03
1.777333071411443598e+03
1.777333071411486344e+03
1.777333071411485435e+03
1.777333071411431320e+03
1.777333071411462242e+03
1.777333071411447008e+03
1.777333071411474748e+03
1.777333071411451556e+03
1.777333071411469746e+03
1.777333071411383798e+03
1.777333071411419724e+03
1.777333071411382207e+03
1.777333071411454512e+03
1.777333071411453147e+03
1.777333071411384253e+03
1.777333071411391757e+03
1.777333071411400624e+03
1.777333071411413357e+03
1.777333071411372885e+03
1.777333071411462925e+03
1.777333071411367655e+03
1.777333071411421088e+03
1.777333071411414039e+03
1.777333071411409719e+03
1.777333071411463379e+03
1.777333071411373567e+03
1.777333071411403807e+03
1.777333071411474293e+03
1.777333071411508627e+03
1.777333071411413584e+03
1.777333071411465198e+03
1.777333071411367655e+03
1.777333071411467245e+03
1.777333071411461333e+03
1.777333071411383344e+03
1.777333071411434958e+03
1.777333071411468609e+03
1.777333071411492256e+03
1.777333071411501805e+03
1.777333071411426317e+03
1.777333071411422452e+03
1.777333071411430183e+03
1.777333071411416086e+03
1.777333071411442916e+03
1.777333071411402216e+03
1.777333071411411993e+03
1.777333071411453602e+03
1.777333071411416086e+03
1.777333071411413357e+03
1.777333071411471110e+03
1.777333071411454284e+03
1.777333071411465653e+03
1.777333071411508627e+03
1.777333071411429728e+03
1.777333071411463152e+03
1.777333071411463607e+03
1.777333071411480660e+03
1.777333071411436094e+03
1.777333071411463152e+03
1.777333071411457695e+03
1.777333071411483388e+03
1.777333071411364244e+03
1.777333071411447463e+03
1.777333071411496121e+03
1.777333071411414039e+03
1.777333071411419724e+03
1.777333071411481342e+03
1.777333071411408810e+03
1.777333071411414039e+03
1.777333071411569790e+03
1.777333071411419724e+03
1.777333071411477476e+03
1.777333071411474066e+03
1.777333071411390392e+03
1.777333071411519086e+03
1.777333071411419951e+03
1.777333071411444962e+03
1.777333071411489527e+03
1.777333071411492938e+03
1.777333071411434503e+03
1.777333071411473384e+03
1.777333071411419041e+03
1.777333071411531819e+03
1.777333071411457695e+03
1.777333071411465198e+03
1.777333071411466335e+03
1.777333071411388801e+03
1.777333071411398578e+03
1.777333071411418132e+03
1.777333071411496576e+03
1.777333071411484980e+03
1.777333071411460878e+03
1.777333071411417222e+03
1.777333071411457240e+03
1.777333071411390392e+03
1.777333071411487253e+03
1.777333071411449282e+03
1.777333071411406991e+03
1.777333071411423816e+03
1.777333071411469746e+03
1.777333071411408127e+03
1.777333071411430865e+03
1.777333071411421315e+03
1.777333071411467017e+03
1.777333071411404944e+03
1.777333071411463152e+03
1.777333071411447008e+03
1.777333071411444735e+03
1.777333071411456558e+03
1.777333071411443143e+03
1.777333071411403807e+03
1.777333071411410174e+03
1.777333071411417222e+03
1.777333071411392211e+03
1.777333071411465880e+03
1.777333071411414267e+03
1.777333071411433821e+03
1.777333071411481797e+03
1.777333071411409264e+03
1.777333071411392211e+03
1.777333071411386982e+03
1.777333071411371748e+03
1.777333071411395849e+03
1.777333071411403807e+03
1.777333071411522724e+03
1.777333071411398123e+03
1.777333071411401306e+03
1.777333071411407445e+03
1.777333071411453830e+03
1.777333071411486799e+03
1.777333071411489300e+03
1.777333071411488390e+03
1.777333071411446326e+03
1.777333071411476567e+03
1.777333071411400852e+03
1.777333071411464289e+03
1.777333071411478613e+03
1.777333071411419269e+03
1.777333071411457240e+03
1.777333071411360834e+03
1.777333071411490209e+03
1.777333071411392439e+03
1.777333071411388801e+03
1.777333071411448145e+03
1.777333071411486571e+03
1.777333071411472929e+03
1.777333071411489982e+03
1.777333071411470655e+03
1.777333071411431547e+03
1.777333071411428591e+03
1.777333071411387209e+03
1.777333071411516812e+03
1.777333071411374476e+03
1.777333071411396077e+03
1.777333071411411765e+03
1.777333071411412220e+03
1.777333071411344463e+03
1.777333071411483843e+03
1.777333071411454284e+03
1.777333071411412902e+03
1.777333071411433821e+03
1.777333071411431092e+03
1.777333071411458604e+03
1.777333071411491801e+03
1.777333071411516130e+03
1.777333071411512947e+03
1.777333071411429273e+03
1.777333071411478386e+03
1.777333071411485207e+03
1.777333071411453830e+03
1.777333071411390392e+03
1.777333071411470883e+03
1.777333071411444280e+03
1.777333071411474748e+03
1.777333071411466790e+03
1.777333071411399942e+03
1.777333071411459741e+03
1.777333071411364017e+03
1.777333071411413812e+03
1.777333071411474066e+03
1.777333071411412220e+03
1.777333071411479068e+03
1.777333071411440415e+03
1.777333071411401306e+03
1.777333071411412220e+03
1.777333071411470428e+03
1.777333071411379251e+03
1.777333071411420860e+03
1.777333071411421088e+03
1.777333071411461560e+03
1.777333071411474975e+03
1.777333071411439278e+03
1.777333071411417222e+03
1.777333071411502260e+03
1.777333071411407445e+03
1.777333071411479295e+03
1.777333071411430410e+03
1.777333071411434730e+03
1.777333071411439505e+03
1.777333071411480432e+03
1.777333071411470200e+03
1.777333071411455876e+03
1.777333071411399260e+03
1.777333071411422907e+03
1.777333071411519086e+03
1.777333071411400169e+03
1.777333071411468381e+03
1.777333071411404717e+03
1.777333071411427909e+03
1.777333071411503397e+03
1.777333071411389483e+03
1.777333071411477249e+03
1.777333071411385845e+03
1.777333071411374021e+03
1.777333071411416313e+03
1.777333071411403353e+03
1.777333071411399260e+03
1.777333071411473156e+03
1.777333071411408582e+03
1.777333071411417905e+03
1.777333071411396531e+03
1.777333071411490209e+03
1.777333071411455649e+03
1.777333071411473838e+03
1.777333071411486799e+03
1.777333071411491119e+03
1.777333071411513174e+03
1.777333071411417450e+03
1.777333071411477704e+03
1.777333071411505216e+03
1.777333071411419269e+03
1.777333071411421543e+03
1.777333071411474293e+03
1.777333071411518176e+03
1.777333071411466108e+03
1.777333071411414949e+03
1.777333071411444507e+03
1.777333071411402898e+03
1.777333071411472019e+03
1.777333071411391529e+03
1.777333071411429728e+03
1.777333071411417222e+03
1.777333071411436322e+03
1.777333071411397896e+03
1.777333071411385390e+03
1.777333071411470200e+03
1.777333071411473838e+03
1.777333071411413130e+03
1.777333071411423134e+03
1.777333071411466562e+03
1.777333071411401534e+03
1.777333071411502260e+03
1.777333071411442234e+03
1.777333071411431092e+03
1.777333071411470655e+03
1.777333071411454739e+03
1.777333071411402670e+03
1.777333071411386072e+03
1.777333071411429955e+03
1.777333071411408810e+03
1.777333071411447008e+03
1.777333071411434503e+03
1.777333071411425635e+03
1.777333071411449509e+03
1.777333071411478159e+03
1.777333071411416313e+03
1.777333071411402216e+03
1.777333071411461333e+03
1.777333071411399033e+03
1.777333071411405854e+03
1.777333071411439050e+03
1.777333071411419269e+03
1.777333071411402670e+03
1.777333071411482251e+03
1.777333071411389028e+03
1.777333071411490664e+03
1.777333071411443598e+03
1.777333071411381979e+03
1.777333071411484070e+03
1.777333071411386982e+03
1.777333071411438368e+03
1.777333071411506353e+03
1.777333071411495212e+03
1.777333071411465653e+03
1.777333071411430183e+03
1.777333071411491346e+03
1.777333071411485662e+03
1.777333071411493393e+03
1.777333071411385163e+03
1.777333071411484525e+03
1.777333071411389028e+03
1.777333071411424498e+03
1.777333071411400169e+03
1.777333071411504079e+03
1.777333071411431320e+03
1.777333071411493393e+03
1.777333071411465198e+03
1.777333071411425635e+03
1.777333071411390165e+03
1.777333071411499304e+03
1.777333071411429501e+03
1.777333071411475203e+03
1.777333071411408127e+03
1.777333071411457240e+03
1.777333071411409946e+03
1.777333071411386982e+03
1.777333071411474748e+03
1.777333071411421088e+03
1.777333071411426999e+03
1.777333071411419724e+03
1.777333071411396986e+03
1.777333071411414949e+03
1.777333071411486117e+03
1.777333071411450646e+03
1.777333071411468154e+03
1.777333071411502033e+03
1.777333071411433366e+03
1.777333071411512719e+03
1.777333071411468836e+03
1.777333071411421315e+03
1.777333071411424498e+03
1.777333071411499304e+03
1.777333071411347191e+03
1.777333071411481342e+03
1.777333071411435185e+03
1.777333071411401079e+03
1.777333071411407900e+03
1.777333071411439050e+03
1.777333071411466562e+03
1.777333071411427227e+03
1.777333071411475430e+03
1.777333071411474521e+03
1.777333071411464744e+03
1.777333071411434048e+03
1.777333071411471792e+03
1.777333071411478386e+03
1.777333071411490891e+03
1.777333071411404035e+03
1.777333071411469973e+03
1.777333071411401306e+03
1.777333071411401534e+03
1.777333071411465653e+03
1.777333071411395167e+03
1.777333071411495666e+03
1.777333071411465198e+03
1.777333071411403580e+03
1.777333071411513174e+03
1.777333071411500441e+03
1.777333071411496121e+03
1.777333071411383798e+03
1.777333071411467472e+03
1.777333071411470883e+03
1.777333071411423134e+03
1.777333071411499759e+03
1.777333071411434958e+03
1.777333071411399942e+03
1.777333071411399487e+03
1.777333071411390392e+03
1.777333071411475430e+03
1.777333071411387436e+03
1.777333071411437459e+03
1.777333071411469518e+03
1.777333071411432456e+03
1.777333071411424726e+03
1.777333071411487708e+03
1.777333071411480205e+03
1.777333071411504079e+03
1.777333071411423816e+03
1.777333071411429955e+03
1.777333071411499077e+03
1.777333071411436094e+03
1.777333071411385845e+03
1.777333071411440187e+03
1.777333071411486799e+03
1.777333071411466335e+03
1.777333071411424498e+03
1.777333071411439278e+03
1.777333071411389938e+03
1.777333071411377432e+03
1.777333071411365154e+03
1.777333071411390847e+03
1.777333071411489982e+03
1.777333071411393576e+03
1.777333071411398350e+03
1.777333071411452238e+03
1.777333071411477022e+03
1.777333071411425635e+03
1.777333071411428364e+03
1.777333071411385617e+03
1.777333071411489527e+03
1.777333071411394485e+03
1.777333071411469291e+03
1.777333071411384481e+03
1.777333071411489755e+03
1.777333071411396986e+03
1.777333071411438141e+03
1.777333071411488390e+03
1.777333071411398123e+03
1.777333071411458832e+03
1.777333071411394258e+03
1.777333071411420178e+03
1.777333071411414494e+03
1.777333071411450874e+03
1.777333071411487708e+03
1.777333071411407900e+03
1.777333071411405626e+03
1.777333071411448373e+03
1.777333071411492938e+03
1.777333071411393121e+03
1.777333071411402670e+03
1.777333071411488390e+03
1.777333071411480432e+03
1.777333071411484525e+03
1.777333071411466335e+03
1.777333071411450419e+03
1.777333071411451328e+03
1.777333071411393576e+03
1.777333071411396304e+03
1.777333071411472702e+03
1.777333071411483161e+03
1.777333071411446326e+03
1.777333071411429501e+03
1.777333071411499077e+03
1.777333071411457013e+03
1.777333071411406763e+03
1.777333071411467245e+03
1.777333071411393576e+03
1.777333071411486117e+03
1.777333071411343099e+03
1.777333071411413812e+03
1.777333071411421997e+03
1.777333071411461333e+03
1.777333071411481114e+03
1.777333071411404262e+03
1.777333071411466108e+03
1.777333071411515448e+03
1.777333071411470883e+03
1.777333071411500214e+03
1.777333071411504079e+03
1.777333071411487708e+03
1.777333071411481797e+03
1.777333071411415403e+03
1.777333071411374476e+03
1.777333071411489300e+03
1.777333071411389710e+03
1.777333071411479978e+03
1.777333071411398805e+03
1.777333071411428818e+03
1.777333071411404035e+03
1.777333071411411311e+03
1.777333071411456331e+03
1.777333071411427227e+03
1.777333071411513174e+03
1.777333071411424044e+03
1.777333071411398123e+03
1.777333071411498167e+03
1.777333071411396986e+03
1.777333071411419724e+03
1.777333071411407673e+03
1.777333071411473838e+03
1.777333071411468381e+03
1.777333071411358105e+03
1.777333071411408127e+03
1.777333071411419269e+03
1.777333071411521132e+03
1.777333071411517494e+03
1.777333071411440869e+03
1.777333071411493393e+03
1.777333071411468836e+03
1.777333071411459287e+03
1.777333071411440642e+03
1.777333071411429728e+03
1.777333071411390392e+03
1.777333071411468381e+03
1.777333071411426317e+03
1.777333071411470428e+03
1.777333071411474748e+03
1.777333071411416768e+03
1.777333071411503170e+03
1.777333071411374931e+03
1.777333071411417222e+03
1.777333071411402443e+03
1.777333071411415403e+03
1.777333071411429955e+03
1.777333071411466335e+03
1.777333071411461788e+03
1.777333071411448145e+03
1.777333071411400397e+03
1.777333071411472247e+03
1.777333071411414949e+03
1.777333071411416540e+03
1.777333071411481114e+03
1.777333071411427909e+03
1.777333071411472929e+03
1.777333071411380843e+03
1.777333071411429273e+03
1.777333071411475885e+03
1.777333071411509991e+03
1.777333071411454284e+03
1.777333071411400397e+03
1.777333071411378342e+03
1.777333071411361516e+03
1.777333071411504307e+03
1.777333071411439505e+03
1.777333071411401079e+03
1.777333071411387209e+03
1.777333071411428591e+03
1.777333071411370611e+03
1.777333071411383571e+03
1.777333071411412902e+03
1.777333071411382889e+03
1.777333071411434275e+03
1.777333071411464744e+03
1.777333071411350147e+03
1.777333071411375158e+03
1.777333071411484070e+03
1.777333071411491801e+03
1.777333071411479523e+03
1.777333071411454512e+03
1.777333071411490891e+03
1.777333071411480660e+03
1.777333071411413130e+03
1.777333071411428364e+03
1.777333071411393121e+03
1.777333071411384935e+03
1.777333071411473838e+03
1.777333071411411083e+03
1.777333071411479295e+03
1.777333071411454739e+03
1.777333071411414949e+03
1.777333071411459741e+03
1.777333071411484752e+03
1.777333071411472474e+03
1.777333071411451783e+03
1.777333071411437231e+03
1.777333071411471110e+03
1.777333071411422907e+03
1.777333071411485435e+03
1.777333071411437004e+03
1.777333071411477931e+03
1.777333071411434503e+03
1.777333071411408127e+03
1.777333071411412448e+03
1.777333071411462242e+03
1.777333071411499077e+03
1.777333071411430410e+03
1.777333071411396077e+03
1.777333071411446099e+03
1.777333071411475657e+03
1.777333071411474975e+03
1.777333071411452693e+03
1.777333071411406763e+03
1.777333071411426090e+03
1.777333071411482024e+03
1.777333071411478841e+03
1.777333071411488845e+03
1.777333071411502942e+03
1.777333071411467699e+03
1.777333071411422452e+03
1.777333071411454284e+03
1.777333071411471337e+03
1.777333071411415631e+03
1.777333071411389938e+03
1.777333071411516812e+03
1.777333071411504534e+03
1.777333071411456785e+03
1.777333071411458377e+03
1.777333071411407900e+03
1.777333071411505671e+03
1.777333071411450419e+03
1.777333071411388573e+03
1.777333071411415858e+03
1.777333071411397896e+03
1.777333071411475203e+03
1.777333071411358333e+03
1.777333071411479750e+03
1.777333071411477249e+03
1.777333071411466790e+03
1.777333071411371520e+03
1.777333071411483843e+03
1.777333071411397214e+03
1.777333071411411993e+03
1.777333071411471110e+03
1.777333071411420406e+03
1.777333071411400169e+03
1.777333071411483843e+03
1.777333071411463607e+03
1.777333071411503170e+03
1.777333071411397896e+03
1.777333071411435867e+03
1.777333071411463607e+03
1.777333071411479750e+03
1.777333071411390847e+03
1.777333071411481797e+03
1.777333071411419269e+03
1.777333071411403580e+03
1.777333071411470655e+03
1.777333071411491574e+03
1.777333071411489300e+03
1.777333071411387891e+03
1.777333071411387436e+03
1.777333071411421088e+03
1.777333071411405399e+03
1.777333071411433366e+03
1.777333071411490209e+03
1.777333071411413357e+03
1.777333071411488390e+03
1.777333071411517267e+03
1.777333071411379478e+03
1.777333071411386982e+03
1.777333071411436094e+03
1.777333071411433593e+03
1.777333071411442234e+03
1.777333071411411538e+03
1.777333071411342871e+03
1.777333071411393576e+03
1.777333071411409264e+03
1.777333071411452465e+03
1.777333071411394712e+03
1.777333071411490664e+03
1.777333071411432456e+03
1.777333071411429728e+03
1.777333071411428591e+03
1.777333071411431547e+03
1.777333071411373567e+03
1.777333071411487481e+03
1.777333071411485435e+03
1.777333071411461106e+03
1.777333071411481342e+03
1.777333071411473838e+03
1.777333071411415176e+03
1.777333071411440415e+03
1.777333071411461788e+03
1.777333071411487708e+03
1.777333071411431774e+03
1.777333071411388801e+03
1.777333071411477022e+03
1.777333071411387209e+03
1.777333071411419496e+03
1.777333071411381979e+03
1.777333071411422225e+03
1.777333071411404262e+03
1.777333071411422907e+03
1.777333071411422907e+03
1.777333071411443370e+03
1.777333071411460196e+03
1.777333071411496348e+03
1.777333071411494757e+03
1.777333071411348328e+03
1.777333071411378569e+03
1.777333071411456558e+03
1.777333071411483616e+03
1.777333071411410856e+03
1.777333071411471110e+03
1.777333071411387436e+03
1.777333071411433366e+03
1.777333071411401761e+03
1.777333071411442461e+03
1.777333071411371748e+03
1.777333071411508627e+03
1.777333071411429728e+03
1.777333071411427454e+03
1.777333071411403580e+03
1.777333071411374704e+03
1.777333071411420633e+03
1.777333071411489300e+03
1.777333071411500896e+03
1.777333071411359015e+03
1.777333071411397668e+03
1.777333071411415403e+03
1.777333071411448145e+03
1.777333071411458604e+03
1.777333071411401079e+03
1.777333071411399715e+03
1.777333071411441324e+03
1.777333071411397214e+03
1.777333071411434958e+03
1.777333071411483161e+03
1.777333071411432911e+03
1.777333071411447690e+03
1.777333071411396759e+03
1.777333071411369474e+03
1.777333071411462470e+03
1.777333071411415631e+03
1.777333071411450646e+03
1.777333071411479068e+03
1.777333071411390165e+03
1.777333071411443143e+03
1.777333071411461106e+03
1.777333071411447236e+03
1.777333071411414267e+03
1.777333071411382207e+03
1.777333071411474066e+03
1.777333071411482933e+03
1.777333071411465653e+03
1.777333071411398578e+03
1.777333071411456331e+03
1.777333071411400169e+03
1.777333071411380843e+03
1.777333071411426545e+03
1.777333071411421315e+03
1.777333071411482024e+03
1.777333071411419041e+03
1.777333071411406081e+03
1.777333071411388573e+03
1.777333071411411083e+03
1.777333071411388346e+03
1.777333071411386072e+03
1.777333071411426999e+03
1.777333071411424044e+03
1.777333071411484525e+03
1.777333071411478159e+03
1.777333071411487708e+03
1.777333071411415176e+03
1.777333071411406308e+03
1.777333071411421543e+03
1.777333071411486799e+03
1.777333071411469291e+03
1.777333071411408355e+03
1.777333071411425180e+03
1.777333071411474748e+03
1.777333071411486571e+03
1.777333071411527044e+03
1.777333071411453602e+03
1.777333071411413357e+03
1.777333071411414267e+03
1.777333071411493165e+03
1.777333071411393121e+03
1.777333071411376523e+03
1.777333071411517722e+03
1.777333071411459514e+03
1.777333071411393121e+03
1.777333071411470655e+03
1.777333071411357651e+03
1.777333071411396531e+03
1.777333071411385390e+03
1.777333071411404489e+03
1.777333071411446326e+03
1.777333071411478841e+03
1.777333071411470428e+03
1.777333071411428818e+03
1.777333071411514311e+03
1.777333071411503397e+03
1.777333071411453602e+03
1.777333071411440187e+03
1.777333071411491346e+03
1.777333071411486571e+03
1.777333071411441097e+03
1.777333071411431092e+03
1.777333071411465198e+03
1.777333071411506580e+03
1.777333071411385390e+03
1.777333071411411083e+03
1.777333071411505216e+03
1.777333071411421770e+03
1.777333071411443143e+03
1.777333071411421997e+03
1.777333071411489300e+03
1.777333071411408127e+03
1.777333071411423816e+03
1.777333071411383571e+03
1.777333071411440869e+03
1.777333071411444507e+03
1.777333071411448827e+03
1.777333071411366745e+03
1.777333071411462697e+03
1.777333071411398578e+03
1.777333071411434730e+03
1.777333071411412448e+03
1.777333071411347419e+03
1.777333071411372885e+03
1.777333071411443370e+03
1.777333071411408127e+03
1.777333071411414039e+03
1.777333071411480660e+03
1.777333071411480660e+03
1.777333071411368792e+03
1.777333071411424044e+03
1.777333071411428818e+03
1.777333071411512719e+03
1.777333071411414721e+03
1.777333071411498395e+03
1.777333071411405172e+03
1.777333071411421315e+03
1.777333071411468609e+03
1.777333071411527953e+03
1.777333071411425180e+03
1.777333071411518404e+03
1.777333071411463152e+03
1.777333071411430637e+03
1.777333071411406081e+03
1.777333071411438141e+03
1.777333071411440187e+03
1.777333071411491574e+03
1.777333071411426090e+03
1.777333071411381525e+03
1.777333071411471565e+03
1.777333071411409946e+03
1.777333071411498167e+03
1.777333071411496121e+03
1.777333071411414267e+03
1.777333071411462697e+03
1.777333071411451783e+03
1.777333071411422907e+03
1.777333071411444280e+03
1.777333071411411765e+03
1.777333071411384481e+03
1.777333071411440642e+03
1.777333071411445644e+03
1.777333071411436549e+03
1.777333071411531591e+03
1.777333071411406081e+03
1.777333071411416313e+03
1.777333071411510218e+03
1.777333071411400624e+03
1.777333071411432002e+03
1.777333071411424953e+03
1.777333071411409492e+03
1.777333071411409264e+03
1.777333071411424953e+03
1.777333071411411765e+03
1.777333071411473156e+03
1.777333071411460423e+03
1.777333071411523633e+03
1.777333071411419496e+03
1.777333071411455649e+03
1.777333071411410629e+03
1.777333071411413584e+03
1.777333071411442461e+03
1.777333071411408127e+03
1.777333071411450646e+03
1.777333071411404035e+03
1.777333071411425408e+03
1.777333071411499759e+03
1.777333071411406536e+03
1.777333071411425180e+03
1.777333071411450874e+03
1.777333071411364699e+03
1.777333071411437459e+03
1.777333071411495666e+03
1.777333071411466335e+03
1.777333071411471110e+03
1.777333071411399942e+03
1.777333071411495666e+03
1.777333071411462242e+03
1.777333071411461106e+03
1.777333071411416313e+03
1.777333071411494984e+03
1.777333071411494984e+03
1.777333071411469746e+03
1.777333071411415403e+03
1.777333071411474975e+03
1.777333071411452920e+03
1.777333071411411993e+03
1.777333071411408127e+03
1.777333071411420633e+03
1.777333071411524315e+03
1.777333071411422452e+03
1.777333071411432911e+03
1.777333071411455649e+03
1.777333071411385163e+03
1.777333071411489982e+03
1.777333071411385845e+03
1.777333071411377887e+03
1.777333071411503852e+03
1.777333071411495666e+03
1.777333071411412675e+03
1.777333071411371748e+03
1.777333071411449964e+03
1.777333071411489072e+03
1.777333071411487481e+03
1.777333071411477704e+03
1.777333071411400852e+03
1.777333071411511128e+03
1.777333071411411765e+03
1.777333071411468609e+03
1.777333071411486571e+03
1.777333071411481114e+03
1.777333071411503624e+03
1.777333071411514993e+03
1.777333071411425408e+03
1.777333071411474293e+03
1.777333071411463379e+03
1.777333071411466562e+03
1.777333071411469291e+03
1.777333071411404035e+03
1.777333071411491801e+03
1.777333071411480432e+03
1.777333071411484070e+03
1.777333071411400169e+03
1.777333071411475657e+03
1.777333071411408810e+03
1.777333071411440187e+03
1.777333071411424953e+03
1.777333071411405854e+03
1.777333071411461788e+03
1.777333071411434048e+03
1.777333071411478386e+03
1.777333071411472929e+03
1.777333071411370156e+03
1.777333071411467927e+03
1.777333071411427682e+03
1.777333071411418132e+03
1.777333071411387664e+03
1.777333071411462470e+03
1.777333071411432456e+03
1.777333071411442006e+03
1.777333071411403353e+03
1.777333071411378342e+03
1.777333071411394030e+03
1.777333071411458377e+03
1.777333071411386754e+03
1.777333071411456331e+03
1.777333071411471565e+03
1.777333071411400624e+03
1.777333071411492710e+03
1.777333071411494529e+03
1.777333071411493847e+03
1.777333071411413584e+03
1.777333071411455194e+03
1.777333071411395622e+03
1.777333071411497713e+03
1.777333071411417222e+03
1.777333071411427682e+03
1.777333071411400169e+03
1.777333071411387891e+03
1.777333071411487936e+03
1.777333071411457922e+03
1.777333071411478386e+03
1.777333071411371975e+03
1.777333071411408582e+03
1.777333071411414949e+03
1.777333071411403807e+03
1.777333071411443370e+03
1.777333071411411311e+03
1.777333071411444735e+03
1.777333071411415631e+03
1.777333071411414039e+03
1.777333071411385617e+03
1.777333071411480432e+03
1.777333071411408355e+03
1.777333071411459059e+03
1.777333071411461333e+03
1.777333071411403125e+03
1.777333071411414721e+03
1.777333071411460651e+03
1.777333071411464744e+03
1.777333071411405399e+03
1.777333071411449509e+03
1.777333071411465198e+03
1.777333071411437686e+03
1.777333071411480205e+03
1.777333071411390392e+03
1.777333071411488845e+03
1.777333071411460878e+03
1.777333071411494984e+03
1.777333071411425635e+03
1.777333071411462697e+03
1.777333071411386300e+03
1.777333071411366291e+03
1.777333071411410174e+03
1.777333071411465198e+03
1.777333071411483161e+03
1.777333071411418587e+03
1.777333071411428818e+03
1.777333071411437913e+03
1.777333071411441324e+03
1.777333071411396531e+03
1.777333071411361061e+03
1.777333071411436777e+03
1.777333071411437004e+03
1.777333071411405399e+03
1.777333071411415631e+03
1.777333071411407218e+03
1.777333071411475657e+03
1.777333071411503170e+03
1.777333071411461560e+03
1.777333071411480205e+03
1.777333071411400852e+03
1.777333071411517039e+03
1.777333071411413130e+03
1.777333071411335823e+03
1.777333071411517722e+03
1.777333071411478613e+03
1.777333071411447236e+03
1.777333071411476567e+03
1.777333071411473156e+03
1.777333071411433366e+03
1.777333071411397668e+03
1.777333071411472247e+03
1.777333071411417450e+03
1.777333071411481342e+03
1.777333071411413584e+03
1.777333071411467017e+03
1.777333071411489982e+03
1.777333071411393576e+03
1.777333071411433139e+03
1.777333071411376523e+03
1.777333071411461333e+03
1.777333071411391984e+03
1.777333071411411538e+03
1.777333071411356059e+03
1.777333071411476112e+03
1.777333071411456558e+03
1.777333071411393121e+03
1.777333071411403125e+03
1.777333071411417450e+03
1.777333071411474975e+03
1.777333071411495212e+03
1.777333071411414721e+03
1.777333071411476794e+03
1.777333071411431320e+03
1.777333071411393348e+03
1.777333071411485889e+03
1.777333071411404489e+03
1.777333071411344463e+03
1.777333071411418359e+03
1.777333071411472474e+03
1.777333071411491119e+03
1.777333071411453602e+03
1.777333071411374704e+03
1.777333071411462015e+03
1.777333071411454739e+03
1.777333071411484980e+03
1.777333071411402216e+03
1.777333071411500214e+03
1.777333071411399715e+03
1.777333071411400397e+03
1.777333071411405854e+03
1.777333071411440869e+03
1.777333071411496576e+03
1.777333071411449509e+03
1.777333071411385617e+03
1.777333071411478841e+03
1.777333071411415176e+03
1.777333071411458604e+03
1.777333071411415631e+03
1.777333071411445871e+03
1.777333071411413812e+03
1.777333071411455649e+03
1.777333071411419951e+03
1.777333071411492710e+03
1.777333071411455194e+03
1.777333071411478159e+03
1.777333071411524998e+03
1.777333071411483616e+03
1.777333071411462015e+03
1.777333071411424271e+03
1.777333071411454739e+03
1.777333071411417905e+03
1.777333071411398578e+03
1.777333071411411765e+03
1.777333071411397214e+03
1.777333071411414721e+03
1.777333071411476112e+03
1.777333071411438823e+03
1.777333071411423134e+03
1.777333071411404035e+03
1.777333071411418132e+03
1.777333071411477476e+03
1.777333071411557285e+03
1.777333071411416313e+03
1.777333071411400852e+03
1.777333071411407673e+03
1.777333071411414267e+03
1.777333071411387436e+03
1.777333071411423134e+03
1.777333071411439050e+03
1.777333071411482706e+03
1.777333071411388119e+03
1.777333071411373567e+03
1.777333071411421997e+03
1.777333071411472247e+03
1.777333071411518631e+03
1.777333071411365381e+03
1.777333071411497485e+03
1.777333071411437459e+03
1.777333071411487253e+03
1.777333071411395849e+03
1.777333071411397214e+03
1.777333071411454057e+03
1.777333071411419496e+03
1.777333071411365609e+03
1.777333071411479978e+03
1.777333071411404035e+03
1.777333071411505898e+03
1.777333071411417677e+03
1.777333071411354467e+03
1.777333071411527271e+03
1.777333071411445871e+03
1.777333071411392439e+03
1.777333071411401306e+03
1.777333071411462015e+03
1.777333071411436777e+03
1.777333071411458150e+03
1.777333071411419724e+03
1.777333071411394940e+03
1.777333071411466335e+03
1.777333071411440187e+03
1.777333071411446099e+03
1.777333071411509991e+03
1.777333071411371748e+03
1.777333071411494984e+03
1.777333071411457013e+03
1.777333071411476340e+03
1.777333071411446326e+03
1.777333071411465198e+03
1.777333071411511582e+03
1.777333071411404717e+03
1.777333071411417905e+03
1.777333071411464289e+03
1.777333071411410174e+03
1.777333071411400852e+03
1.777333071411468381e+03
1.777333071411478613e+03
1.777333071411399487e+03
1.777333071411410629e+03
1.777333071411499077e+03
1.777333071411439050e+03
1.777333071411441324e+03
1.777333071411464061e+03
1.777333071411450646e+03
1.777333071411379933e+03
1.777333071411471110e+03
1.777333071411373567e+03
1.777333071411482251e+03
1.777333071411465198e+03
1.777333071411386300e+03
1.777333071411476794e+03
1.777333071411492938e+03
1.777333071411393348e+03
1.777333071411397668e+03
1.777333071411419724e+03
1.777333071411404489e+03
1.777333071411450874e+03
1.777333071411508399e+03
1.777333071411502033e+03
1.777333071411396986e+03
1.777333071411379251e+03
1.777333071411392666e+03
1.777333071411427454e+03
1.777333071411445871e+03
1.777333071411414494e+03
1.777333071411401534e+03
1.777333071411377887e+03
1.777333071411401534e+03
1.777333071411505216e+03
1.777333071411462242e+03
1.777333071411457013e+03
1.777333071411474066e+03
1.777333071411460878e+03
1.777333071411458377e+03
1.777333071411461106e+03
1.777333071411386072e+03
1.777333071411368792e+03
1.777333071411447918e+03
1.777333071411455649e+03
1.777333071411398123e+03
1.777333071411386982e+03
1.777333071411405399e+03
1.777333071411481342e+03
1.777333071411476794e+03
1.777333071411419496e+03
1.777333071411461106e+03
1.777333071411404035e+03
1.777333071411445871e+03
1.777333071411438141e+03
1.777333071411483161e+03
1.777333071411484980e+03
1.777333071411411993e+03
1.777333071411479295e+03
1.777333071411378342e+03
1.777333071411402898e+03
1.777333071411419269e+03
1.777333071411392893e+03
1.777333071411452693e+03
1.777333071411493847e+03
1.777333071411409492e+03
1.777333071411393803e+03
1.777333071411504534e+03
1.777333071411471337e+03
1.777333071411439278e+03
1.777333071411441551e+03
1.777333071411438596e+03
1.777333071411392439e+03
1.777333071411489300e+03
1.777333071411403807e+03
1.777333071411396077e+03
1.777333071411433139e+03
1.777333071411409037e+03
1.777333071411415631e+03
1.777333071411480887e+03
1.777333071411463152e+03
1.777333071411487936e+03
1.777333071411385163e+03
1.777333071411449737e+03
1.777333071411353558e+03
1.777333071411467927e+03
1.777333071411428591e+03
1.777333071411444735e+03
1.777333071411407900e+03
1.777333071411361743e+03
1.777333071411476340e+03
1.777333071411401761e+03
1.777333071411456785e+03
1.777333071411497713e+03
1.777333071411417222e+03
1.777333071411473384e+03
1.777333071411433366e+03
1.777333071411503624e+03
1.777333071411394940e+03
1.777333071411482479e+03
1.777333071411399033e+03
1.777333071411461333e+03
1.777333071411441779e+03
1.777333071411416086e+03
1.777333071411463152e+03
1.777333071411495666e+03
1.777333071411416540e+03
1.777333071411400852e+03
1.777333071411382662e+03
1.777333071411482933e+03
1.777333071411459059e+03
1.777333071411492710e+03
1.777333071411394940e+03
1.777333071411396531e+03
1.777333071411418587e+03
1.777333071411438596e+03
1.777333071411481342e+03
1.777333071411382434e+03
1.777333071411390392e+03
1.777333071411396077e+03
1.777333071411479295e+03
1.777333071411424044e+03
1.777333071411449964e+03
1.777333071411461106e+03
1.777333071411490209e+03
1.777333071411459741e+03
1.777333071411402216e+03
1.777333071411465653e+03
1.777333071411402216e+03
1.777333071411429955e+03
1.777333071411460651e+03
1.777333071411417222e+03
1.777333071411428591e+03
1.777333071411468154e+03
1.777333071411430410e+03
1.777333071411437913e+03
1.777333071411434730e+03
1.777333071411399942e+03
1.777333071411420860e+03
1.777333071411397214e+03
1.777333071411443598e+03
1.777333071411399487e+03
1.777333071411479750e+03
1.777333071411492710e+03
1.777333071411469746e+03
1.777333071411504534e+03
1.777333071411523179e+03
1.777333071411438141e+03
1.777333071411487253e+03
1.777333071411481342e+03
1.777333071411482706e+03
1.777333071411519541e+03
1.777333071411478159e+03
1.777333071411472929e+03
1.777333071411394258e+03
1.777333071411415403e+03
1.777333071411405172e+03
1.777333071411467245e+03
1.777333071411443825e+03
1.777333071411438141e+03
1.777333071411401306e+03
1.777333071411500669e+03
1.777333071411454966e+03
1.777333071411394485e+03
1.777333071411503852e+03
1.777333071411395167e+03
1.777333071411409037e+03
1.777333071411494529e+03
1.777333071411353558e+03
1.777333071411418587e+03
1.777333071411460878e+03
1.777333071411425408e+03
1.777333071411481797e+03
1.777333071411487936e+03
1.777333071411433821e+03
1.777333071411485435e+03
1.777333071411443370e+03
1.777333071411434730e+03
1.777333071411432229e+03
1.777333071411423589e+03
1.777333071411416995e+03
1.777333071411393803e+03
1.777333071411411083e+03
1.777333071411490664e+03
1.777333071411464516e+03
1.777333071411427227e+03
1.777333071411492256e+03
1.777333071411482479e+03
1.777333071411490209e+03
1.777333071411513856e+03
1.777333071411410629e+03
1.777333071411471110e+03
1.777333071411412675e+03
1.777333071411411311e+03
1.777333071411395167e+03
1.777333071411474066e+03
1.777333071411514538e+03
1.777333071411409264e+03
1.777333071411418359e+03
1.777333071411413812e+03
1.777333071411404035e+03
1.777333071411376295e+03
1.777333071411457468e+03
1.777333071411416768e+03
1.777333071411449964e+03
1.777333071411430183e+03
1.777333071411370611e+03
1.777333071411456558e+03
1.777333071411427227e+03
1.777333071411420633e+03
1.777333071411460878e+03
1.777333071411410174e+03
1.777333071411453602e+03
1.777333071411471792e+03
1.777333071411409946e+03
1.777333071411415403e+03
1.777333071411395622e+03
1.777333071411507035e+03
1.777333071411397896e+03
1.777333071411471110e+03
1.777333071411494984e+03
1.777333071411428591e+03
1.777333071411370383e+03
1.777333071411489300e+03
1.777333071411495894e+03
1.777333071411476567e+03
1.777333071411372885e+03
1.777333071411434503e+03
1.777333071411511810e+03
1.777333071411375158e+03
1.777333071411501578e+03
1.777333071411467927e+03
1.777333071411374249e+03
1.777333071411452693e+03
1.777333071411496576e+03
1.777333071411425408e+03
1.777333071411409492e+03
1.777333071411440187e+03
1.777333071411419951e+03
1.777333071411368110e+03
1.777333071411426772e+03
1.777333071411372202e+03
1.777333071411448145e+03
1.777333071411397668e+03
1.777333071411493165e+03
1.777333071411472929e+03
1.777333071411439050e+03
1.777333071411475203e+03
1.777333071411410174e+03
1.777333071411442916e+03
1.777333071411472474e+03
1.777333071411486117e+03
1.777333071411433593e+03
1.777333071411471565e+03
1.777333071411404944e+03
1.777333071411375840e+03
1.777333071411418814e+03
1.777333071411476567e+03
1.777333071411390847e+03
1.777333071411519995e+03
1.777333071411494075e+03
1.777333071411400397e+03
1.777333071411417222e+03
1.777333071411381979e+03
1.777333071411497940e+03
1.777333071411446326e+03
1.777333071411481569e+03
1.777333071411439050e+03
1.777333071411406991e+03
1.777333071411427909e+03
1.777333071411358560e+03
1.777333071411429501e+03
1.777333071411494075e+03
1.777333071411486344e+03
1.777333071411419041e+03
1.777333071411375158e+03
1.777333071411470428e+03
1.777333071411497031e+03
1.777333071411423589e+03
1.777333071411424726e+03
1.777333071411502715e+03
1.777333071411405626e+03
1.777333071411449964e+03
1.777333071411386982e+03
1.777333071411486799e+03
1.777333071411383344e+03
1.777333071411443143e+03
1.777333071411433821e+03
1.777333071411449737e+03
1.777333071411434275e+03
1.777333071411401534e+03
1.777333071411475430e+03
1.777333071411469291e+03
1.777333071411480660e+03
1.777333071411401988e+03
1.777333071411441097e+03
1.777333071411504079e+03
1.777333071411372430e+03
1.777333071411476112e+03
1.777333071411477931e+03
1.777333071411384481e+03
1.777333071411407673e+03
1.777333071411484525e+03
1.777333071411385845e+03
1.777333071411471110e+03
1.777333071411383571e+03
1.777333071411469746e+03
1.777333071411427682e+03
1.777333071411455194e+03
1.777333071411387664e+03
1.777333071411368792e+03
1.777333071411482706e+03
1.777333071411407445e+03
1.777333071411494757e+03
1.777333071411472247e+03
1.777333071411445644e+03
1.777333071411411765e+03
1.777333071411496803e+03
1.777333071411494075e+03
1.777333071411427909e+03
1.777333071411428364e+03
1.777333071411432229e+03
1.777333071411412675e+03
1.777333071411496348e+03
1.777333071411443825e+03
1.777333071411464289e+03
1.777333071411411765e+03
1.777333071411457013e+03
1.777333071411419269e+03
1.777333071411459287e+03
1.777333071411432911e+03
1.777333071411443370e+03
1.777333071411384253e+03
1.777333071411490664e+03
1.777333071411397441e+03
1.777333071411499304e+03
1.777333071411505443e+03
1.777333071411481797e+03
1.777333071411490437e+03
1.777333071411407900e+03
1.777333071411468381e+03
1.777333071411409264e+03
1.777333071411396077e+03
1.777333071411472019e+03
1.777333071411474748e+03
1.777333071411394485e+03
1.777333071411425180e+03
1.777333071411506808e+03
1.777333071411387664e+03
1.777333071411379024e+03
1.777333071411402216e+03
1.777333071411490891e+03
1.777333071411422679e+03
1.777333071411474066e+03
1.777333071411435185e+03
1.777333071411491119e+03
1.777333071411384026e+03
1.777333071411453602e+03
1.777333071411473384e+03
1.777333071411395849e+03
1.777333071411442461e+03
1.777333071411409946e+03
1.777333071411493847e+03
1.777333071411463834e+03
1.777333071411419269e+03
1.777333071411395395e+03
1.777333071411469973e+03
1.777333071411470655e+03
1.777333071411434503e+03
1.777333071411435867e+03
1.777333071411480660e+03
1.777333071411415631e+03
1.777333071411437004e+03
1.777333071411462015e+03
1.777333071411454057e+03
1.777333071411419951e+03
1.777333071411499986e+03
1.777333071411471110e+03
1.777333071411460651e+03
1.777333071411463152e+03
1.777333071411432002e+03
1.777333071411429046e+03
1.777333071411394712e+03
1.777333071411425180e+03
1.777333071411499304e+03
1.777333071411454512e+03
1.777333071411385845e+03
1.777333071411427227e+03
1.777333071411410629e+03
1.777333071411375386e+03
1.777333071411476794e+03
1.777333071411380843e+03
1.777333071411409946e+03
1.777333071411469291e+03
1.777333071411404035e+03
1.777333071411405172e+03
1.777333071411437459e+03
1.777333071411402216e+03
1.777333071411465426e+03
1.777333071411410401e+03
1.777333071411458832e+03
1.777333071411420860e+03
1.777333071411482251e+03
1.777333071411463607e+03
1.777333071411501123e+03
1.777333071411416313e+03
1.777333071411424726e+03
1.777333071411408355e+03
1.777333071411402898e+03
1.777333071411435412e+03
1.777333071411433139e+03
1.777333071411491346e+03
1.777333071411394712e+03
1.777333071411530227e+03
1.777333071411414267e+03
1.777333071411418587e+03
1.777333071411416313e+03
1.777333071411513401e+03
1.777333071411470428e+03
1.777333071411459969e+03
1.777333071411396759e+03
1.777333071411470428e+03
1.777333071411418359e+03
1.777333071411491801e+03
1.777333071411472474e+03
1.777333071411467245e+03
1.777333071411435185e+03
1.777333071411451556e+03
1.777333071411473838e+03
1.777333071411385845e+03
1.777333071411411538e+03
1.777333071411484752e+03
1.777333071411468609e+03
1.777333071411377887e+03
1.777333071411469973e+03
1.777333071411546371e+03
1.777333071411396986e+03
1.777333071411408582e+03
1.777333071411434275e+03
1.777333071411424271e+03
1.777333071411489982e+03
1.777333071411393576e+03
1.777333071411433366e+03
1.777333071411423134e+03
1.777333071411406991e+03
1.777333071411468154e+03
1.777333071411394485e+03
1.777333071411491574e+03
1.777333071411419724e+03
1.777333071411437686e+03
1.777333071411452465e+03
1.777333071411424271e+03
1.777333071411463834e+03
1.777333071411432684e+03
1.777333071411369247e+03
1.777333071411452693e+03
1.777333071411385163e+03
1.777333071411406308e+03
1.777333071411366518e+03
1.777333071411396304e+03
1.777333071411475885e+03
1.777333071411467017e+03
1.777333071411423589e+03
1.777333071411516357e+03
1.777333071411432229e+03
1.777333071411416086e+03
1.777333071411425180e+03
1.777333071411477249e+03
1.777333071411427682e+03
1.777333071411435185e+03
1.777333071411478613e+03
1.777333071411384026e+03
1.777333071411448600e+03
1.777333071411453602e+03
1.777333071411478841e+03
1.777333071411403125e+03
1.777333071411381070e+03
1.777333071411488618e+03
1.777333071411448373e+03
1.777333071411496348e+03
1.777333071411444053e+03
1.777333071411462470e+03
1.777333071411456785e+03
1.777333071411471792e+03
1.777333071411403580e+03
1.777333071411401079e+03
1.777333071411454057e+03
1.777333071411424498e+03
1.777333071411466562e+03
1.777333071411475657e+03
1.777333071411372657e+03
1.777333071411417905e+03
1.777333071411441551e+03
1.777333071411476567e+03
1.777333071411495666e+03
1.777333071411477476e+03
1.777333071411503397e+03
1.777333071411420178e+03
1.777333071411415858e+03
1.777333071411444053e+03
1.777333071411369247e+03
1.777333071411372885e+03
1.777333071411486571e+03
1.777333071411450874e+03
1.777333071411384708e+03
1.777333071411422679e+03
1.777333071411444507e+03
1.777333071411462242e+03
1.777333071411525907e+03
1.777333071411426317e+03
1.777333071411427227e+03
1.777333071411412675e+03
1.777333071411477931e+03
1.777333071411461560e+03
1.777333071411451328e+03
1.777333071411444280e+03
1.777333071411480205e+03
1.777333071411409719e+03
1.777333071411398123e+03
1.777333071411364926e+03
1.777333071411494984e+03
1.777333071411479295e+03
1.777333071411405626e+03
1.777333071411493165e+03
1.777333071411415403e+03
1.777333071411468609e+03
1.777333071411412448e+03
1.777333071411449737e+03
1.777333071411421543e+03
1.777333071411464971e+03
1.777333071411415858e+03
1.777333071411457922e+03
1.777333071411480432e+03
1.777333071411467699e+03
1.777333071411492256e+03
1.777333071411463379e+03
1.777333071411471565e+03
1.777333071411397668e+03
1.777333071411417450e+03
1.777333071411475885e+03
1.777333071411442916e+03
1.777333071411461560e+03
1.777333071411401761e+03
1.777333071411389938e+03
1.777333071411469973e+03
1.777333071411470200e+03
1.777333071411485435e+03
1.777333071411394485e+03
1.777333071411482024e+03
1.777333071411406536e+03
1.777333071411420406e+03
1.777333071411424271e+03
1.777333071411405626e+03
1.777333071411457013e+03
1.777333071411440642e+03
1.777333071411494075e+03
1.777333071411486117e+03
1.777333071411458150e+03
1.777333071411398578e+03
1.777333071411509309e+03
1.777333071411456558e+03
1.777333071411459059e+03
1.777333071411475657e+03
1.777333071411484070e+03
1.777333071411442234e+03
1.777333071411488618e+03
1.777333071411467017e+03
1.777333071411502942e+03
1.777333071411430865e+03
1.777333071411508854e+03
1.777333071411406763e+03
1.777333071411449737e+03
1.777333071411431774e+03
1.777333071411424726e+03
1.777333071411464744e+03
1.777333071411459287e+03
1.777333071411466108e+03
1.777333071411443370e+03
1.777333071411429955e+03
1.777333071411448827e+03
1.777333071411509081e+03
1.777333071411407445e+03
1.777333071411490209e+03
1.777333071411433139e+03
1.777333071411411538e+03
1.777333071411413812e+03
1.777333071411461788e+03
1.777333071411489527e+03
1.777333071411475657e+03
1.777333071411384708e+03
1.777333071411370611e+03
1.777333071411480887e+03
1.777333071411381979e+03
1.777333071411482706e+03
1.777333071411460878e+03
1.777333071411444053e+03
1.777333071411462925e+03
1.777333071411447236e+03
1.777333071411513174e+03
1.777333071411457922e+03
1.777333071411450874e+03
1.777333071411424498e+03
1.777333071411428136e+03
1.777333071411389028e+03
1.777333071411397668e+03
1.777333071411465426e+03
1.777333071411537730e+03
1.777333071411488618e+03
1.777333071411475430e+03
1.777333071411434730e+03
1.777333071411499759e+03
1.777333071411515675e+03
1.777333071411426772e+03
1.777333071411433593e+03
1.777333071411449055e+03
1.777333071411408810e+03
1.777333071411483616e+03
1.777333071411453375e+03
1.777333071411359697e+03
1.777333071411472702e+03
1.777333071411469518e+03
1.777333071411340825e+03
1.777333071411369247e+03
1.777333071411393803e+03
1.777333071411463834e+03
1.777333071411467245e+03
1.777333071411517267e+03
1.777333071411387664e+03
1.777333071411473838e+03
1.777333071411481797e+03
1.777333071411513629e+03
1.777333071411462242e+03
1.777333071411497485e+03
1.777333071411488618e+03
1.777333071411469064e+03
1.777333071411395167e+03
1.777333071411519995e+03
1.777333071411472247e+03
1.777333071411421543e+03
1.777333071411412220e+03
1.777333071411495212e+03
1.777333071411494529e+03
1.777333071411498622e+03
1.777333071411410629e+03
1.777333071411428364e+03
1.777333071411452238e+03
1.777333071411471110e+03
1.777333071411470428e+03
1.777333071411465880e+03
1.777333071411388573e+03
1.777333071411397214e+03
1.777333071411479978e+03
1.777333071411373112e+03
1.777333071411409719e+03
1.777333071411435412e+03
1.777333071411429046e+03
1.777333071411499532e+03
1.777333071411465198e+03
1.777333071411432229e+03
1.777333071411465880e+03
1.777333071411495894e+03
1.777333071411507945e+03
1.777333071411506126e+03
1.777333071411511355e+03
1.777333071411344690e+03
1.777333071411486344e+03
1.777333071411414949e+03
1.777333071411445871e+03
1.777333071411474521e+03
1.777333071411436777e+03
1.777333071411454057e+03
1.777333071411469746e+03
1.777333071411419496e+03
1.777333071411450646e+03
1.777333071411373339e+03
1.777333071411517949e+03
1.777333071411435640e+03
1.777333071411502033e+03
1.777333071411429501e+03
1.777333071411500441e+03
1.777333071411489072e+03
1.777333071411414949e+03
1.777333071411477476e+03
1.777333071411498395e+03
1.777333071411471110e+03
1.777333071411430410e+03
1.777333071411431774e+03
1.777333071411406308e+03
1.777333071411443825e+03
1.777333071411409946e+03
1.777333071411436322e+03
1.777333071411468609e+03
1.777333071411480205e+03
1.777333071411351511e+03
1.777333071411432229e+03
1.777333071411478159e+03
1.777333071411540686e+03
1.777333071411452011e+03
1.777333071411421770e+03
1.777333071411439732e+03
1.777333071411545689e+03
1.777333071411411311e+03
1.777333071411491119e+03
1.777333071411451783e+03
1.777333071411406081e+03
1.777333071411482024e+03
1.777333071411441551e+03
1.777333071411440187e+03
1.777333071411394485e+03
1.777333071411450646e+03
1.777333071411498622e+03
1.777333071411411538e+03
1.777333071411480432e+03
1.777333071411459059e+03
1.777333071411408582e+03
1.777333071411448373e+03
1.777333071411361516e+03
1.777333071411514538e+03
1.777333071411426317e+03
1.777333071411409037e+03
1.777333071411494075e+03
1.777333071411386072e+03
1.777333071411387891e+03
1.777333071411466790e+03
1.777333071411442006e+03
1.777333071411393576e+03
1.777333071411482933e+03
1.777333071411410401e+03
1.777333071411436094e+03
1.777333071411398123e+03
1.777333071411486344e+03
1.777333071411400852e+03
1.777333071411476112e+03
1.777333071411440415e+03
1.777333071411313767e+03
1.777333071411468836e+03
1.777333071411412220e+03
1.777333071411498167e+03
1.777333071411409492e+03
1.777333071411487708e+03
1.777333071411457240e+03
1.777333071411394940e+03
1.777333071411467017e+03
1.777333071411448600e+03
1.777333071411461788e+03
1.777333071411390392e+03
1.777333071411499986e+03
1.777333071411470655e+03
1.777333071411460651e+03
1.777333071411478159e+03
1.777333071411423361e+03
1.777333071411400169e+03
1.777333071411400624e+03
1.777333071411419724e+03
1.777333071411505671e+03
1.777333071411494302e+03
1.777333071411507490e+03
1.777333071411419951e+03
1.777333071411514538e+03
1.777333071411466335e+03
1.777333071411449055e+03
1.777333071411411311e+03
1.777333071411443370e+03
1.777333071411419496e+03
1.777333071411432456e+03
1.777333071411394258e+03
1.777333071411485889e+03
1.777333071411437459e+03
1.777333071411398578e+03
1.777333071411447918e+03
1.777333071411390165e+03
1.777333071411366063e+03
1.777333071411475885e+03
1.777333071411429728e+03
1.777333071411359015e+03
1.777333071411448373e+03
1.777333071411448373e+03
1.777333071411497258e+03
1.777333071411381525e+03
1.777333071411442916e+03
1.777333071411494529e+03
1.777333071411467472e+03
1.777333071411397214e+03
1.777333071411410629e+03
1.777333071411408810e+03
1.777333071411488163e+03
1.777333071411516357e+03
1.777333071411369929e+03
1.777333071411408810e+03
1.777333071411411993e+03
1.777333071411452011e+03
1.777333071411382889e+03
1.777333071411423589e+03
1.777333071411481569e+03
1.777333071411416540e+03
1.777333071411472474e+03
1.777333071411376523e+03
1.777333071411518176e+03
1.777333071411380843e+03
1.777333071411435640e+03
1.777333071411442006e+03
1.777333071411389483e+03
1.777333071411479750e+03
1.777333071411471792e+03
1.777333071411474975e+03
1.777333071411418359e+03
1.777333071411436549e+03
1.777333071411390847e+03
1.777333071411496803e+03
1.777333071411392211e+03
1.777333071411469291e+03
1.777333071411535002e+03
1.777333071411461333e+03
1.777333071411476112e+03
1.777333071411481569e+03
1.777333071411412448e+03
1.777333071411434503e+03
1.777333071411412448e+03
1.777333071411418587e+03
1.777333071411415858e+03
1.777333071411500214e+03
1.777333071411415858e+03
1.777333071411447918e+03
1.777333071411389710e+03
1.777333071411386300e+03
1.777333071411437913e+03
1.777333071411443370e+03
1.777333071411474521e+03
1.777333071411390392e+03
1.777333071411463379e+03
1.777333071411472474e+03
1.777333071411379251e+03
1.777333071411392211e+03
1.777333071411405854e+03
1.777333071411418359e+03
1.777333071411491346e+03
1.777333071411437459e+03
1.777333071411525680e+03
1.777333071411482706e+03
1.777333071411500896e+03
1.777333071411437004e+03
1.777333071411415176e+03
1.777333071411497258e+03
1.777333071411488390e+03
1.777333071411445417e+03
1.777333071411413812e+03
1.777333071411487481e+03
1.777333071411487481e+03
1.777333071411456331e+03
1.777333071411353330e+03
1.777333071411486117e+03
1.777333071411474975e+03
1.777333071411403807e+03
1.777333071411371293e+03
1.777333071411464971e+03
1.777333071411501578e+03
1.777333071411426772e+03
1.777333071411500896e+03
1.777333071411474975e+03
1.777333071411460878e+03
1.777333071411459514e+03
1.777333071411464971e+03
1.777333071411370156e+03
1.777333071411379024e+03
1.777333071411406308e+03
1.777333071411481342e+03
1.777333071411475430e+03
1.777333071411474975e+03
1.777333071411435640e+03
1.777333071411424953e+03
1.777333071411483161e+03
1.777333071411469518e+03
1.777333071411482706e+03
1.777333071411477249e+03
1.777333071411467017e+03
1.777333071411471110e+03
1.777333071411406991e+03
1.777333071411411311e+03
1.777333071411429046e+03
1.777333071411474748e+03
1.777333071411427682e+03
1.777333071411494984e+03
1.777333071411428818e+03
1.777333071411412675e+03
1.777333071411453830e+03
1.777333071411445417e+03
1.777333071411403125e+03
1.777333071411515903e+03
1.777333071411421997e+03
1.777333071411459059e+03
1.777333071411411538e+03
1.777333071411464289e+03
1.777333071411510673e+03
1.777333071411511810e+03
1.777333071411513174e+03
1.777333071411354013e+03
1.777333071411414721e+03
1.777333071411373112e+03
1.777333071411479750e+03
1.777333071411514311e+03
1.777333071411501123e+03
1.777333071411385390e+03
1.777333071411458832e+03
1.777333071411434275e+03
1.777333071411407673e+03
1.777333071411442461e+03
1.777333071411365154e+03
1.777333071411483388e+03
1.777333071411397214e+03
1.777333071411408355e+03
1.777333071411407445e+03
1.777333071411475657e+03
1.777333071411505443e+03
1.777333071411439050e+03
1.777333071411369247e+03
1.777333071411474748e+03
1.777333071411413812e+03
1.777333071411420633e+03
1.777333071411368564e+03
1.777333071411494757e+03
1.777333071411406081e+03
1.777333071411481569e+03
1.777333071411396759e+03
1.777333071411405626e+03
1.777333071411393803e+03
1.777333071411367655e+03
1.777333071411492483e+03
1.777333071411502260e+03
1.777333071411405172e+03
1.777333071411427682e+03
1.777333071411442688e+03
1.777333071411519995e+03
1.777333071411435640e+03
1.777333071411484070e+03
1.777333071411418359e+03
1.777333071411416540e+03
1.777333071411481569e+03
1.777333071411509536e+03
1.777333071411484298e+03
1.777333071411481797e+03
1.777333071411409946e+03
1.777333071411464061e+03
1.777333071411417905e+03
1.777333071411471337e+03
1.777333071411463152e+03
1.777333071411476794e+03
1.777333071411393576e+03
1.777333071411467017e+03
1.777333071411512947e+03
1.777333071411516130e+03
1.777333071411459514e+03
1.777333071411420178e+03
1.777333071411404489e+03
1.777333071411405626e+03
1.777333071411415631e+03
1.777333071411488390e+03
1.777333071411387209e+03
1.777333071411404717e+03
1.777333071411440642e+03
1.777333071411370383e+03
1.777333071411463379e+03
1.777333071411454057e+03
1.777333071411506126e+03
1.777333071411452465e+03
1.777333071411475657e+03
1.777333071411461106e+03
1.777333071411441551e+03
1.777333071411479068e+03
1.777333071411462242e+03
1.777333071411504307e+03
1.777333071411506808e+03
1.777333071411396077e+03
1.777333071411428364e+03
1.777333071411389028e+03
1.777333071411383571e+03
1.777333071411410401e+03
1.777333071411467927e+03
1.777333071411397896e+03
1.777333071411482251e+03
1.777333071411484070e+03
1.777333071411420633e+03
1.777333071411415403e+03
1.777333071411483843e+03
1.777333071411460196e+03
1.777333071411360834e+03
1.777333071411444962e+03
1.777333071411472929e+03
1.777333071411494757e+03
1.777333071411469518e+03
1.777333071411475203e+03
1.777333071411451328e+03
1.777333071411429273e+03
1.777333071411490664e+03
1.777333071411380160e+03
1.777333071411519541e+03
1.777333071411422679e+03
1.777333071411474975e+03
1.777333071411358333e+03
1.777333071411413130e+03
1.777333071411461788e+03
1.777333071411412448e+03
1.777333071411411765e+03
1.777333071411400397e+03
1.777333071411378796e+03
1.777333071411474521e+03
1.777333071411383571e+03
1.777333071411410856e+03
1.777333071411344690e+03
1.777333071411432229e+03
1.777333071411457468e+03
1.777333071411397896e+03
1.777333071411396531e+03
1.777333071411387436e+03
1.777333071411470883e+03
1.777333071411408127e+03
1.777333071411443598e+03
1.777333071411419724e+03
1.777333071411395167e+03
1.777333071411496121e+03
1.777333071411390620e+03
1.777333071411462925e+03
1.777333071411468836e+03
1.777333071411437004e+03
1.777333071411383798e+03
1.777333071411409946e+03
1.777333071411405854e+03
1.777333071411406308e+03
1.777333071411434730e+03
1.777333071411405399e+03
1.777333071411479750e+03
1.777333071411421997e+03
1.777333071411406081e+03
1.777333071411482479e+03
1.777333071411433366e+03
1.777333071411395395e+03
1.777333071411448600e+03
1.777333071411380843e+03
1.777333071411411311e+03
1.777333071411398578e+03
1.777333071411390392e+03
1.777333071411462015e+03
1.777333071411447236e+03
1.777333071411382889e+03
1.777333071411488390e+03
1.777333071411416313e+03
1.777333071411391984e+03
1.777333071411469518e+03
1.777333071411409946e+03
1.777333071411518176e+03
1.777333071411489300e+03
1.777333071411477931e+03
1.777333071411463834e+03
1.777333071411502715e+03
1.777333071411369019e+03
1.777333071411426317e+03
1.777333071411460651e+03
1.777333071411461788e+03
1.777333071411431547e+03
1.777333071411397441e+03
1.777333071411366518e+03
1.777333071411485207e+03
1.777333071411438141e+03
1.777333071411484980e+03
1.777333071411380160e+03
1.777333071411404262e+03
1.777333071411482706e+03
1.777333071411412448e+03
1.777333071411464289e+03
1.777333071411486571e+03
1.777333071411439278e+03
1.777333071411457922e+03
1.777333071411440642e+03
1.777333071411456103e+03
1.777333071411392893e+03
1.777333071411464516e+03
1.777333071411503170e+03
1.777333071411469973e+03
1.777333071411425863e+03
1.777333071411479295e+03
1.777333071411473384e+03
1.777333071411471110e+03
1.777333071411444280e+03
1.777333071411436777e+03
1.777333071411422679e+03
1.777333071411489527e+03
1.777333071411470200e+03
1.777333071411477931e+03
1.777333071411423361e+03
1.777333071411505443e+03
1.777333071411474521e+03
1.777333071411436094e+03
1.777333071411429046e+03
1.777333071411460878e+03
1.777333071411409492e+03
1.777333071411494529e+03
1.777333071411437459e+03
1.777333071411396531e+03
1.777333071411452920e+03
1.777333071411457922e+03
1.777333071411373112e+03
1.777333071411409264e+03
1.777333071411437459e+03
1.777333071411402216e+03
1.777333071411451328e+03
1.777333071411407218e+03
1.777333071411481797e+03
1.777333071411473838e+03
1.777333071411497031e+03
1.777333071411506580e+03
1.777333071411414267e+03
1.777333071411472702e+03
1.777333071411393803e+03
1.777333071411453602e+03
1.777333071411415176e+03
1.777333071411382434e+03
1.777333071411400169e+03
1.777333071411404717e+03
1.777333071411475430e+03
1.777333071411438368e+03
1.777333071411466562e+03
1.777333071411472019e+03
1.777333071411494302e+03
1.777333071411483388e+03
1.777333071411486344e+03
1.777333071411415176e+03
1.777333071411419041e+03
1.777333071411404944e+03
1.777333071411462470e+03
1.777333071411488390e+03
1.777333071411458604e+03
1.777333071411422679e+03
1.777333071411482479e+03
1.777333071411507035e+03
1.777333071411466335e+03
1.777333071411453375e+03
1.777333071411482933e+03
1.777333071411382434e+03
1.777333071411435185e+03
1.777333071411467927e+03
1.777333071411472247e+03
1.777333071411452238e+03
1.777333071411477704e+03
1.777333071411372430e+03
1.777333071411458377e+03
1.777333071411537958e+03
1.777333071411386300e+03
1.777333071411419041e+03
1.777333071411407218e+03
1.777333071411398578e+03
1.777333071411468836e+03
1.777333071411441779e+03
1.777333071411391302e+03
1.777333071411440642e+03
1.777333071411507262e+03
1.777333071411486571e+03
1.777333071411407218e+03
1.777333071411482251e+03
1.777333071411442688e+03
1.777333071411433366e+03
1.777333071411440642e+03
1.777333071411463607e+03
1.777333071411410629e+03
1.777333071411481114e+03
1.777333071411443825e+03
1.777333071411488845e+03
1.777333071411418359e+03
1.777333071411487253e+03
1.777333071411425408e+03
1.777333071411403807e+03
1.777333071411469291e+03
1.777333071411414721e+03
1.777333071411500214e+03
1.777333071411476567e+03
1.777333071411371293e+03
1.777333071411499304e+03
1.777333071411483388e+03
1.777333071411400397e+03
1.777333071411395622e+03
1.777333071411499304e+03
1.777333071411452011e+03
1.777333071411388573e+03
1.777333071411421770e+03
1.777333071411465198e+03
1.777333071411395622e+03
1.777333071411390392e+03
1.777333071411420860e+03
1.777333071411481797e+03
1.777333071411397896e+03
1.777333071411383344e+03
1.777333071411391529e+03
1.777333071411478613e+03
1.777333071411391984e+03
1.777333071411491574e+03
1.777333071411447918e+03
1.777333071411444507e+03
1.777333071411413812e+03
1.777333071411448145e+03
1.777333071411377205e+03
1.777333071411377887e+03
1.777333071411488845e+03
1.777333071411420406e+03
1.777333071411530000e+03
1.777333071411487253e+03
1.777333071411424953e+03
1.777333071411474293e+03
1.777333071411505443e+03
1.777333071411382434e+03
1.777333071411383116e+03
1.777333071411432684e+03
1.777333071411435412e+03
1.777333071411398350e+03
1.777333071411450419e+03
1.777333071411430183e+03
1.777333071411467245e+03
1.777333071411360379e+03
1.777333071411464516e+03
1.777333071411436094e+03
1.777333071411399260e+03
1.777333071411476567e+03
1.777333071411438141e+03
1.777333071411399942e+03
1.777333071411464971e+03
1.777333071411362198e+03
1.777333071411441779e+03
1.777333071411475203e+03
1.777333071411385390e+03
1.777333071411405172e+03
1.777333071411496576e+03
1.777333071411386300e+03
1.777333071411400852e+03
1.777333071411500441e+03
1.777333071411470428e+03
1.777333071411501578e+03
1.777333071411466108e+03
1.777333071411402898e+03
1.777333071411396531e+03
1.777333071411449964e+03
1.777333071411511128e+03
1.777333071411406763e+03
1.777333071411472929e+03
1.777333071411413130e+03
1.777333071411381979e+03
1.777333071411389938e+03
1.777333071411376977e+03
1.777333071411467245e+03
1.777333071411465880e+03
1.777333071411477931e+03
1.777333071411469064e+03
1.777333071411461788e+03
1.777333071411472474e+03
1.777333071411476340e+03
1.777333071411399260e+03
1.777333071411509081e+03
1.777333071411431092e+03
1.777333071411419496e+03
1.777333071411404944e+03
1.777333071411502715e+03
1.777333071411452920e+03
1.777333071411414494e+03
1.777333071411404489e+03
1.777333071411481569e+03
1.777333071411415858e+03
1.777333071411464061e+03
1.777333071411514538e+03
1.777333071411411083e+03
1.777333071411482706e+03
1.777333071411410174e+03
1.777333071411403353e+03
1.777333071411389255e+03
1.777333071411382434e+03
1.777333071411438141e+03
1.777333071411430183e+03
1.777333071411460878e+03
1.777333071411463834e+03
1.777333071411379024e+03
1.777333071411477476e+03
1.777333071411493620e+03
1.777333071411456558e+03
1.777333071411484070e+03
1.777333071411479068e+03
1.777333071411390392e+03
1.777333071411395849e+03
1.777333071411502715e+03
1.777333071411386982e+03
1.777333071411468154e+03
1.777333071411398350e+03
1.777333071411504761e+03
1.777333071411458150e+03
1.777333071411394712e+03
1.777333071411465880e+03
1.777333071411490891e+03
1.777333071411508172e+03
1.777333071411519086e+03
1.777333071411466562e+03
1.777333071411486571e+03
1.777333071411498622e+03
1.777333071411413357e+03
1.777333071411457240e+03
1.777333071411457240e+03
1.777333071411426090e+03
1.777333071411445644e+03
1.777333071411503170e+03
1.777333071411408355e+03
1.777333071411508172e+03
1.777333071411406763e+03
1.777333071411496121e+03
1.777333071411377432e+03
1.777333071411394258e+03
1.777333071411476567e+03
1.777333071411424271e+03
1.777333071411409946e+03
1.777333071411490891e+03
1.777333071411452920e+03
1.777333071411467699e+03
1.777333071411485662e+03
1.777333071411424953e+03
1.777333071411459969e+03
1.777333071411497485e+03
1.777333071411409037e+03
1.777333071411458150e+03
1.777333071411436322e+03
1.777333071411511128e+03
1.777333071411444053e+03
1.777333071411410174e+03
1.777333071411431547e+03
1.777333071411405399e+03
1.777333071411398578e+03
1.777333071411357196e+03
1.777333071411458150e+03
1.777333071411476112e+03
1.777333071411415403e+03
1.777333071411396531e+03
1.777333071411458604e+03
1.777333071411388801e+03
1.777333071411457695e+03
1.777333071411403807e+03
1.777333071411476112e+03
1.777333071411369019e+03
1.777333071411492483e+03
1.777333071411375386e+03
1.777333071411465653e+03
1.777333071411486571e+03
1.777333071411460196e+03
1.777333071411487026e+03
1.777333071411435185e+03
1.777333071411403807e+03
1.777333071411477249e+03
1.777333071411448827e+03
1.777333071411418132e+03
1.777333071411436094e+03
1.777333071411464744e+03
1.777333071411469973e+03
1.777333071411458832e+03
1.777333071411403125e+03
1.777333071411418359e+03
1.777333071411446781e+03
1.777333071411511582e+03
1.777333071411389255e+03
1.777333071411400852e+03
1.777333071411465880e+03
1.777333071411477931e+03
1.777333071411464971e+03
1.777333071411477249e+03
1.777333071411407445e+03
1.777333071411454057e+03
1.777333071411465653e+03
1.777333071411459741e+03
1.777333071411402443e+03
1.777333071411409492e+03
1.777333071411523406e+03
1.777333071411351511e+03
1.777333071411475885e+03
1.777333071411430183e+03
1.777333071411470655e+03
1.777333071411361743e+03
1.777333071411383116e+03
1.777333071411429955e+03
1.777333071411429955e+03
1.777333071411464516e+03
1.777333071411470883e+03
1.777333071411398350e+03
1.777333071411474066e+03
1.777333071411459969e+03
1.777333071411463607e+03
1.777333071411444962e+03
1.777333071411477022e+03
1.777333071411499532e+03
1.777333071411411765e+03
1.777333071411484980e+03
1.777333071411409946e+03
1.777333071411382207e+03
1.777333071411486117e+03
1.777333071411471565e+03
1.777333071411471565e+03
1.777333071411474521e+03
1.777333071411477249e+03
1.777333071411404717e+03
1.777333071411404489e+03
1.777333071411461106e+03
1.777333071411398805e+03
1.777333071411458150e+03
1.777333071411513629e+03
1.777333071411366973e+03
1.777333071411458604e+03
1.777333071411425180e+03
1.777333071411464061e+03
1.777333071411459969e+03
1.777333071411417905e+03
1.777333071411378114e+03
1.777333071411341507e+03
1.777333071411421315e+03
1.777333071411474293e+03
1.777333071411430183e+03
1.777333071411483388e+03
1.777333071411455649e+03
1.777333071411411993e+03
1.777333071411386754e+03
1.777333071411431774e+03
1.777333071411406763e+03
1.777333071411491346e+03
1.777333071411450419e+03
1.777333071411404717e+03
1.777333071411443370e+03
1.777333071411513856e+03
1.777333071411383116e+03
1.777333071411479295e+03
1.777333071411393576e+03
1.777333071411445417e+03
1.777333071411395622e+03
1.777333071411432911e+03
1.777333071411394712e+03
1.777333071411380843e+03
1.777333071411388801e+03
1.777333071411475885e+03
1.777333071411458377e+03
1.777333071411484525e+03
1.777333071411539322e+03
1.777333071411483843e+03
1.777333071411485207e+03
1.777333071411403353e+03
1.777333071411524315e+03
1.777333071411475203e+03
1.777333071411443825e+03
1.777333071411491574e+03
1.777333071411499986e+03
1.777333071411500441e+03
1.777333071411471337e+03
1.777333071411415176e+03
1.777333071411387436e+03
1.777333071411412902e+03
1.777333071411435867e+03
1.777333071411410401e+03
1.777333071411407900e+03
1.777333071411482933e+03
1.777333071411433139e+03
1.777333071411502715e+03
1.777333071411485889e+03
1.777333071411422452e+03
1.777333071411496576e+03
1.777333071411364472e+03
1.777333071411467017e+03
1.777333071411415176e+03
1.777333071411326728e+03
1.777333071411448373e+03
1.777333071411426999e+03
1.777333071411477704e+03
1.777333071411435185e+03
1.777333071411422679e+03
1.777333071411480432e+03
1.777333071411453147e+03
1.777333071411479523e+03
1.777333071411491346e+03
1.777333071411377659e+03
1.777333071411496576e+03
1.777333071411474521e+03
1.777333071411482479e+03
1.777333071411489982e+03
1.777333071411530000e+03
1.777333071411440415e+03
1.777333071411419269e+03
1.777333071411461333e+03
1.777333071411388573e+03
1.777333071411452011e+03
1.777333071411419496e+03
1.777333071411504761e+03
1.777333071411519313e+03
1.777333071411461560e+03
1.777333071411478613e+03
1.777333071411437231e+03
1.777333071411392439e+03
1.777333071411506353e+03
1.777333071411471337e+03
1.777333071411402443e+03
1.777333071411393803e+03
1.777333071411443143e+03
1.777333071411488618e+03
1.777333071411510446e+03
1.777333071411444962e+03
1.777333071411412675e+03
1.777333071411425863e+03
1.777333071411372430e+03
1.777333071411450646e+03
1.777333071411522951e+03
1.777333071411469064e+03
1.777333071411503624e+03
1.777333071411423589e+03
1.777333071411478613e+03
1.777333071411492028e+03
1.777333071411374249e+03
1.777333071411483616e+03
1.777333071411483388e+03
1.777333071411441324e+03
1.777333071411437231e+03
1.777333071411450874e+03
1.777333071411422225e+03
1.777333071411434730e+03
1.777333071411408582e+03
1.777333071411390847e+03
1.777333071411472702e+03
1.777333071411444962e+03
1.777333071411442461e+03
1.777333071411496576e+03
1.777333071411467245e+03
1.777333071411465653e+03
1.777333071411490437e+03
1.777333071411394258e+03
1.777333071411402443e+03
1.777333071411366973e+03
1.777333071411424953e+03
1.777333071411519995e+03
1.777333071411441097e+03
1.777333071411474975e+03
1.777333071411425863e+03
1.777333071411364244e+03
1.777333071411393121e+03
1.777333071411467472e+03
1.777333071411420860e+03
1.777333071411489982e+03
1.777333071411437686e+03
1.777333071411430183e+03
1.777333071411394258e+03
1.777333071411434730e+03
1.777333071411484980e+03
1.777333071411384253e+03
1.777333071411458150e+03
1.777333071411488618e+03
1.777333071411472929e+03
1.777333071411465426e+03
1.777333071411386072e+03
1.777333071411378114e+03
1.777333071411448600e+03
1.777333071411471337e+03
1.777333071411468154e+03
1.777333071411474521e+03
1.777333071411465426e+03
1.777333071411462470e+03
1.777333071411534547e+03
1.777333071411456785e+03
1.777333071411477931e+03
1.777333071411492256e+03
1.777333071411481797e+03
1.777333071411456331e+03
1.777333071411522951e+03
1.777333071411415403e+03
1.777333071411467245e+03
1.777333071411471565e+03
1.777333071411417677e+03
1.777333071411405172e+03
1.777333071411444962e+03
1.777333071411467017e+03
1.777333071411442688e+03
1.777333071411451328e+03
1.777333071411434958e+03
1.777333071411501123e+03
1.777333071411403125e+03
1.777333071411506808e+03
1.777333071411407900e+03
1.777333071411490209e+03
1.777333071411492938e+03
1.777333071411377887e+03
1.777333071411476794e+03
1.777333071411479523e+03
1.777333071411484980e+03
1.777333071411471337e+03
1.777333071411427454e+03
1.777333071411428364e+03
1.777333071411356741e+03
1.777333071411426772e+03
1.777333071411477931e+03
1.777333071411421088e+03
1.777333071411394485e+03
1.777333071411463379e+03
1.777333071411404944e+03
1.777333071411381070e+03
1.777333071411508627e+03
1.777333071411428364e+03
1.777333071411426772e+03
1.777333071411444280e+03
1.777333071411456331e+03
1.777333071411477249e+03
1.777333071411507035e+03
1.777333071411505443e+03
1.777333071411429501e+03
1.777333071411405399e+03
1.777333071411456785e+03
1.777333071411398350e+03
1.777333071411462470e+03
1.777333071411421997e+03
1.777333071411487481e+03
1.777333071411409492e+03
1.777333071411489755e+03
1.777333071411455194e+03
1.777333071411363107e+03
1.777333071411392439e+03
1.777333071411478613e+03
1.777333071411397896e+03
1.777333071411418359e+03
1.777333071411500214e+03
1.777333071411489982e+03
1.777333071411396531e+03
1.777333071411493620e+03
1.777333071411455194e+03
1.777333071411481342e+03
1.777333071411486799e+03
1.777333071411397668e+03
1.777333071411360379e+03
1.777333071411417905e+03
1.777333071411476567e+03
1.777333071411500214e+03
1.777333071411484752e+03
1.777333071411398805e+03
1.777333071411389255e+03
1.777333071411495894e+03
1.777333071411470883e+03
1.777333071411490891e+03
1.777333071411406308e+03
1.777333071411425408e+03
1.777333071411452693e+03
1.777333071411495212e+03
1.777333071411399260e+03
1.777333071411376068e+03
1.777333071411418587e+03
1.777333071411448373e+03
1.777333071411466562e+03
1.777333071411370156e+03
1.777333071411402670e+03
1.777333071411379024e+03
1.777333071411411538e+03
1.777333071411462925e+03
1.777333071411409264e+03
1.777333071411388801e+03
1.777333071411472247e+03
1.777333071411409492e+03
1.777333071411440415e+03
1.777333071411477022e+03
1.777333071411365836e+03
1.777333071411456558e+03
1.777333071411388119e+03
1.777333071411472247e+03
1.777333071411382207e+03
1.777333071411497258e+03
1.777333071411380615e+03
1.777333071411476794e+03
1.777333071411456558e+03
1.777333071411487936e+03
1.777333071411397896e+03
1.777333071411396759e+03
1.777333071411411311e+03
1.777333071411479523e+03
1.777333071411365609e+03
1.777333071411410629e+03
1.777333071411486344e+03
1.777333071411478841e+03
1.777333071411383798e+03
1.777333071411436549e+03
1.777333071411437686e+03
1.777333071411404717e+03
1.777333071411459514e+03
1.777333071411419951e+03
1.777333071411437686e+03
1.777333071411458604e+03
1.777333071411488163e+03
1.777333071411365609e+03
1.777333071411398123e+03
1.777333071411489300e+03
1.777333071411479750e+03
1.777333071411393121e+03
1.777333071411491574e+03
1.777333071411479068e+03
1.777333071411436322e+03
1.777333071411427454e+03
1.777333071411382434e+03
1.777333071411390392e+03
1.777333071411494302e+03
1.777333071411431547e+03
1.777333071411403807e+03
1.777333071411422452e+03
1.777333071411431092e+03
1.777333071411485662e+03
1.777333071411481569e+03
1.777333071411475885e+03
1.777333071411527499e+03
1.777333071411512492e+03
1.777333071411424726e+03
1.777333071411408810e+03
1.777333071411357423e+03
1.777333071411396531e+03
1.777333071411420178e+03
1.777333071411489300e+03
1.777333071411382889e+03
1.777333071411460651e+03
1.777333071411480432e+03
1.777333071411498167e+03
1.777333071411378569e+03
1.777333071411359697e+03
1.777333071411396759e+03
1.777333071411457695e+03
1.777333071411475657e+03
1.777333071411410629e+03
1.777333071411423589e+03
1.777333071411448827e+03
1.777333071411379933e+03
1.777333071411385617e+03
1.777333071411450192e+03
1.777333071411455421e+03
1.777333071411413812e+03
1.777333071411474975e+03
1.777333071411399260e+03
1.777333071411474975e+03
1.777333071411432456e+03
1.777333071411492256e+03
1.777333071411416995e+03
1.777333071411449282e+03
1.777333071411466562e+03
1.777333071411405172e+03
1.777333071411455876e+03
1.777333071411502260e+03
1.777333071411467017e+03
1.777333071411483161e+03
1.777333071411386754e+03
1.777333071411451101e+03
1.777333071411401761e+03
1.777333071411475885e+03
1.777333071411469291e+03
1.777333071411493165e+03
1.777333071411488163e+03
1.777333071411476794e+03
1.777333071411419041e+03
1.777333071411410629e+03
1.777333071411406991e+03
1.777333071411509763e+03
1.777333071411420406e+03
1.777333071411408810e+03
1.777333071411470428e+03
1.777333071411483388e+03
1.777333071411397214e+03
1.777333071411424498e+03
1.777333071411431547e+03
1.777333071411404035e+03
1.777333071411407900e+03
1.777333071411460878e+03
1.777333071411509763e+03
1.777333071411493393e+03
1.777333071411411311e+03
1.777333071411405172e+03
1.777333071411381525e+03
1.777333071411406308e+03
1.777333071411405172e+03
1.777333071411373112e+03
1.777333071411439505e+03
1.777333071411385163e+03
1.777333071411484298e+03
1.777333071411473156e+03
1.777333071411463834e+03
1.777333071411401988e+03
1.777333071411406536e+03
1.777333071411420178e+03
1.777333071411396986e+03
1.777333071411414267e+03
1.777333071411495666e+03
1.777333071411472929e+03
1.777333071411386300e+03
1.777333071411481797e+03
1.777333071411496348e+03
1.777333071411495894e+03
1.777333071411372657e+03
1.777333071411442234e+03
1.777333071411498850e+03
1.777333071411401306e+03
1.777333071411415403e+03
1.777333071411429501e+03
1.777333071411469973e+03
1.777333071411477249e+03
1.777333071411470883e+03
1.777333071411367655e+03
1.777333071411493165e+03
1.777333071411434730e+03
1.777333071411382662e+03
1.777333071411480205e+03
1.777333071411418814e+03
1.777333071411457922e+03
1.777333071411451101e+03
1.777333071411521132e+03
1.777333071411426772e+03
1.777333071411428591e+03
1.777333071411491119e+03
1.777333071411432229e+03
1.777333071411445189e+03
1.777333071411405626e+03
1.777333071411376523e+03
1.777333071411498167e+03
1.777333071411480887e+03
1.777333071411371293e+03
1.777333071411418814e+03
1.777333071411455649e+03
1.777333071411460423e+03
1.777333071411443825e+03
1.777333071411393121e+03
1.777333071411467699e+03
1.777333071411430183e+03
1.777333071411494757e+03
1.777333071411522951e+03
1.777333071411379024e+03
1.777333071411419041e+03
1.777333071411427909e+03
1.777333071411452238e+03
1.777333071411400397e+03
1.777333071411457922e+03
1.777333071411400397e+03
1.777333071411424271e+03
1.777333071411474066e+03
1.777333071411396304e+03
1.777333071411550918e+03
1.777333071411439505e+03
1.777333071411403353e+03
1.777333071411397668e+03
1.777333071411452920e+03
1.777333071411396759e+03
1.777333071411491119e+03
1.777333071411421088e+03
1.777333071411443143e+03
1.777333071411464516e+03
1.777333071411370156e+03
1.777333071411502942e+03
1.777333071411502942e+03
1.777333071411483161e+03
1.777333071411470200e+03
1.777333071411404944e+03
1.777333071411502942e+03
1.777333071411394712e+03
1.777333071411361743e+03
1.777333071411515675e+03
1.777333071411433366e+03
1.777333071411523861e+03
1.777333071411391302e+03
1.777333071411532046e+03
1.777333071411362653e+03
1.777333071411477022e+03
1.777333071411479978e+03
1.777333071411434730e+03
1.777333071411419269e+03
1.777333071411469973e+03
1.777333071411523406e+03
1.777333071411372430e+03
1.777333071411397441e+03
1.777333071411473611e+03
1.777333071411496576e+03
1.777333071411469064e+03
1.777333071411432684e+03
1.777333071411407673e+03
1.777333071411465198e+03
1.777333071411451556e+03
1.777333071411412902e+03
1.777333071411361971e+03
1.777333071411514311e+03
1.777333071411497258e+03
1.777333071411454284e+03
1.777333071411429955e+03
1.777333071411468154e+03
1.777333071411445644e+03
1.777333071411517494e+03
1.777333071411406308e+03
1.777333071411486571e+03
1.777333071411399942e+03
1.777333071411489982e+03
1.777333071411423361e+03
1.777333071411474748e+03
1.777333071411452238e+03
1.777333071411411311e+03
1.777333071411467017e+03
1.777333071411503624e+03
1.777333071411426772e+03
1.777333071411480432e+03
1.777333071411438368e+03
1.777333071411396304e+03
1.777333071411478841e+03
1.777333071411463607e+03
1.777333071411453602e+03
1.777333071411423134e+03
1.777333071411460423e+03
1.777333071411479068e+03
1.777333071411487481e+03
1.777333071411472019e+03
1.777333071411379706e+03
1.777333071411436322e+03
1.777333071411388346e+03
1.777333071411410856e+03
1.777333071411510446e+03
1.777333071411486117e+03
1.777333071411429728e+03
1.777333071411418814e+03
1.777333071411464061e+03
1.777333071411420178e+03
1.777333071411474748e+03
1.777333071411373794e+03
1.777333071411476794e+03
1.777333071411494075e+03
1.777333071411484752e+03
1.777333071411458150e+03
1.777333071411454966e+03
1.777333071411368792e+03
1.777333071411409037e+03
1.777333071411463834e+03
1.777333071411439278e+03
1.777333071411441779e+03
1.777333071411457695e+03
1.777333071411480205e+03
1.777333071411478841e+03
1.777333071411463152e+03
1.777333071411424271e+03
1.777333071411397214e+03
1.777333071411479523e+03
1.777333071411488390e+03
1.777333071411465880e+03
1.777333071411443370e+03
1.777333071411412220e+03
1.777333071411445644e+03
1.777333071411494302e+03
1.777333071411481569e+03
1.777333071411451328e+03
1.777333071411464744e+03
1.777333071411464744e+03
1.777333071411470655e+03
1.777333071411381070e+03
1.777333071411396986e+03
1.777333071411413584e+03
1.777333071411426317e+03
1.777333071411381979e+03
1.777333071411478159e+03
1.777333071411427909e+03
1.777333071411462925e+03
1.777333071411423816e+03
1.777333071411400852e+03
1.777333071411477704e+03
1.777333071411477022e+03
1.777333071411435640e+03
1.777333071411392439e+03
1.777333071411482024e+03
1.777333071411506580e+03
1.777333071411487481e+03
1.777333071411386527e+03
1.777333071411421315e+03
1.777333071411396759e+03
1.777333071411458150e+03
1.777333071411416995e+03
1.777333071411433593e+03
1.777333071411413812e+03
1.777333071411420633e+03
1.777333071411420633e+03
1.777333071411463379e+03
1.777333071411478841e+03
1.777333071411418587e+03
1.777333071411503624e+03
1.777333071411409719e+03
1.777333071411414949e+03
1.777333071411435640e+03
1.777333071411459969e+03
1.777333071411394940e+03
1.777333071411436322e+03
1.777333071411380160e+03
1.777333071411419951e+03
1.777333071411429955e+03
1.777333071411463834e+03
1.777333071411463152e+03
1.777333071411400169e+03
1.777333071411479523e+03
1.777333071411363107e+03
1.777333071411458150e+03
1.777333071411522042e+03
1.777333071411463607e+03
1.777333071411411083e+03
1.777333071411425408e+03
1.777333071411482479e+03
1.777333071411494075e+03
1.777333071411407673e+03
1.777333071411451783e+03
1.777333071411414494e+03
1.777333071411424953e+03
1.777333071411414039e+03
1.777333071411489755e+03
1.777333071411459741e+03
1.777333071411379024e+03
1.777333071411397668e+03
1.777333071411417222e+03
1.777333071411462242e+03
1.777333071411375386e+03
1.777333071411409037e+03
1.777333071411462470e+03
1.777333071411480205e+03
1.777333071411454284e+03
1.777333071411461788e+03
1.777333071411401761e+03
1.777333071411465426e+03
1.777333071411402443e+03
1.777333071411420633e+03
1.777333071411376750e+03
1.777333071411491119e+03
1.777333071411398578e+03
1.777333071411389255e+03
1.777333071411492256e+03
1.777333071411401761e+03
1.777333071411436549e+03
1.777333071411392666e+03
1.777333071411474748e+03
1.777333071411405399e+03
1.777333071411458150e+03
1.777333071411410401e+03
1.777333071411474293e+03
1.777333071411477249e+03
1.777333071411394485e+03
1.777333071411392439e+03
1.777333071411418359e+03
1.777333071411349010e+03
1.777333071411391757e+03
1.777333071411398578e+03
1.777333071411460196e+03
1.777333071411449509e+03
1.777333071411424271e+03
1.777333071411392666e+03
1.777333071411474521e+03
1.777333071411517039e+03
1.777333071411449509e+03
1.777333071411462470e+03
1.777333071411508854e+03
1.777333071411479750e+03
1.777333071411388346e+03
1.777333071411419269e+03
1.777333071411394258e+03
1.777333071411482024e+03
1.777333071411402898e+03
1.777333071411467699e+03
1.777333071411407900e+03
1.777333071411420406e+03
1.777333071411378796e+03
1.777333071411465198e+03
1.777333071411509536e+03
1.777333071411407445e+03
1.777333071411488618e+03
1.777333071411489072e+03
1.777333071411468609e+03
1.777333071411389710e+03
1.777333071411420406e+03
1.777333071411385390e+03
1.777333071411419724e+03
1.777333071411428364e+03
1.777333071411411083e+03
1.777333071411496576e+03
1.777333071411452920e+03
1.777333071411465198e+03
1.777333071411442916e+03
1.777333071411363335e+03
1.777333071411411765e+03
1.777333071411376977e+03
1.777333071411491346e+03
1.777333071411444280e+03
1.777333071411390847e+03
1.777333071411432229e+03
1.777333071411429728e+03
1.777333071411389028e+03
1.777333071411377205e+03
1.777333071411479068e+03
1.777333071411437459e+03
1.777333071411460878e+03
1.777333071411456785e+03
1.777333071411434958e+03
1.777333071411464971e+03
1.777333071411451328e+03
1.777333071411404035e+03
1.777333071411486344e+03
1.777333071411399487e+03
1.777333071411521587e+03
1.777333071411383571e+03
1.777333071411414267e+03
1.777333071411437231e+03
1.777333071411472019e+03
1.777333071411416313e+03
1.777333071411458150e+03
1.777333071411374021e+03
1.777333071411401534e+03
1.777333071411494757e+03
1.777333071411490891e+03
1.777333071411440869e+03
1.777333071411458150e+03
1.777333071411403125e+03
1.777333071411439505e+03
1.777333071411383344e+03
1.777333071411424953e+03
1.777333071411465880e+03
1.777333071411536366e+03
1.777333071411529545e+03
1.777333071411540004e+03
1.777333071411380160e+03
1.777333071411465653e+03
1.777333071411391757e+03
1.777333071411528181e+03
1.777333071411444053e+03
1.777333071411514311e+03
1.777333071411465880e+03
1.777333071411473838e+03
1.777333071411474293e+03
1.777333071411438141e+03
1.777333071411416768e+03
1.777333071411429273e+03
1.777333071411416313e+03
1.777333071411417222e+03
1.777333071411428364e+03
1.777333071411417450e+03
1.777333071411407900e+03
1.777333071411468609e+03
1.777333071411419041e+03
1.777333071411475203e+03
1.777333071411459287e+03
1.777333071411477704e+03
1.777333071411426772e+03
1.777333071411466562e+03
1.777333071411457695e+03
1.777333071411454057e+03
1.777333071411427454e+03
1.777333071411386300e+03
1.777333071411418132e+03
1.777333071411404035e+03
1.777333071411469518e+03
1.777333071411449282e+03
1.777333071411509081e+03
1.777333071411441779e+03
1.777333071411419041e+03
1.777333071411413357e+03
1.777333071411487936e+03
1.777333071411486344e+03
1.777333071411456558e+03
1.777333071411419496e+03
1.777333071411444735e+03
1.777333071411439050e+03
1.777333071411404035e+03
1.777333071411491346e+03
1.777333071411384481e+03
1.777333071411484525e+03
1.777333071411445871e+03
1.777333071411489072e+03
1.777333071411486344e+03
1.777333071411436777e+03
1.777333071411519768e+03
1.777333071411422452e+03
1.777333071411435185e+03
1.777333071411410174e+03
1.777333071411381070e+03
1.777333071411461333e+03
1.777333071411413812e+03
1.777333071411455876e+03
1.777333071411474293e+03
1.777333071411492938e+03
1.777333071411426090e+03
1.777333071411465426e+03
1.777333071411407673e+03
1.777333071411412902e+03
1.777333071411480432e+03
1.777333071411373339e+03
1.777333071411380843e+03
1.777333071411469064e+03
1.777333071411464744e+03
1.777333071411404035e+03
1.777333071411478386e+03
1.777333071411429728e+03
1.777333071411409492e+03
1.777333071411366063e+03
1.777333071411423134e+03
1.777333071411468609e+03
1.777333071411452465e+03
1.777333071411464516e+03
1.777333071411504761e+03
1.777333071411438141e+03
1.777333071411495212e+03
1.777333071411533638e+03
1.777333071411430865e+03
1.777333071411453375e+03
1.777333071411431774e+03
1.777333071411359924e+03
1.777333071411466562e+03
1.777333071411429955e+03
1.777333071411400169e+03
1.777333071411424498e+03
1.777333071411337642e+03
1.777333071411415403e+03
1.777333071411499077e+03
1.777333071411478841e+03
1.777333071411414721e+03
1.777333071411505898e+03
1.777333071411407445e+03
1.777333071411404035e+03
1.777333071411537048e+03
1.777333071411409719e+03
1.777333071411432002e+03
1.777333071411455194e+03
1.777333071411498622e+03
1.777333071411429728e+03
1.777333071411402216e+03
1.777333071411448827e+03
1.777333071411466335e+03
1.777333071411442234e+03
1.777333071411503397e+03
1.777333071411495212e+03
1.777333071411455194e+03
1.777333071411422452e+03
1.777333071411412448e+03
1.777333071411421543e+03
1.777333071411429046e+03
1.777333071411472019e+03
1.777333071411381070e+03
1.777333071411484070e+03
1.777333071411394258e+03
1.777333071411498167e+03
1.777333071411437004e+03
1.777333071411459059e+03
1.777333071411374704e+03
1.777333071411441551e+03
1.777333071411422225e+03
1.777333071411440642e+03
1.777333071411499759e+03
1.777333071411418814e+03
1.777333071411470883e+03
1.777333071411472019e+03
1.777333071411493165e+03
1.777333071411458150e+03
1.777333071411426317e+03
1.777333071411430410e+03
1.777333071411518176e+03
1.777333071411454739e+03
1.777333071411451328e+03
1.777333071411414494e+03
1.777333071411400624e+03
1.777333071411494302e+03
1.777333071411437004e+03
1.777333071411444962e+03
1.777333071411377887e+03
1.777333071411439505e+03
1.777333071411470883e+03
1.777333071411501805e+03
1.777333071411443598e+03
1.777333071411462697e+03
1.777333071411523861e+03
1.777333071411425180e+03
1.777333071411395167e+03
1.777333071411450419e+03
1.777333071411401988e+03
1.777333071411470428e+03
1.777333071411425635e+03
1.777333071411446326e+03
1.777333071411405399e+03
1.777333071411405854e+03
1.777333071411469291e+03
1.777333071411390392e+03
1.777333071411491346e+03
1.777333071411414721e+03
1.777333071411411083e+03
1.777333071411437913e+03
1.777333071411395849e+03
1.777333071411465653e+03
1.777333071411424498e+03
1.777333071411460878e+03
1.777333071411448145e+03
1.777333071411410856e+03
1.777333071411384481e+03
1.777333071411512492e+03
1.777333071411434730e+03
1.777333071411437459e+03
1.777333071411417905e+03
1.777333071411430637e+03
1.777333071411383798e+03
1.777333071411421088e+03
1.777333071411458150e+03
1.777333071411388801e+03
1.777333071411342871e+03
1.777333071411438596e+03
1.777333071411405626e+03
1.777333071411399033e+03
1.777333071411489527e+03
1.777333071411409264e+03
1.777333071411547962e+03
1.777333071411517949e+03
1.777333071411492938e+03
1.777333071411438823e+03
1.777333071411410401e+03
1.777333071411445644e+03
1.777333071411500896e+03
1.777333071411392211e+03
1.777333071411469973e+03
1.777333071411437686e+03
1.777333071411475657e+03
1.777333071411488845e+03
1.777333071411499986e+03
1.777333071411509081e+03
1.777333071411486117e+03
1.777333071411457695e+03
1.777333071411504989e+03
1.777333071411496803e+03
1.777333071411497485e+03
1.777333071411366973e+03
1.777333071411485207e+03
1.777333071411406763e+03
1.777333071411507262e+03
1.777333071411415631e+03
1.777333071411474521e+03
1.777333071411413130e+03
1.777333071411432684e+03
1.777333071411387209e+03
1.777333071411408810e+03
1.777333071411400397e+03
1.777333071411429273e+03
1.777333071411385390e+03
1.777333071411465426e+03
1.777333071411416313e+03
1.777333071411465198e+03
1.777333071411382207e+03
1.777333071411426090e+03
1.777333071411447918e+03
1.777333071411510900e+03
1.777333071411413584e+03
1.777333071411488390e+03
1.777333071411512265e+03
1.777333071411420178e+03
1.777333071411455649e+03
1.777333071411439960e+03
1.777333071411383798e+03
1.777333071411483843e+03
1.777333071411456331e+03
1.777333071411395167e+03
1.777333071411473838e+03
1.777333071411413357e+03
1.777333071411412902e+03
1.777333071411477249e+03
1.777333071411420633e+03
1.777333071411365154e+03
1.777333071411454284e+03
1.777333071411459059e+03
1.777333071411469291e+03
1.777333071411492710e+03
1.777333071411384935e+03
1.777333071411501123e+03
1.777333071411397214e+03
1.777333071411457240e+03
1.777333071411433139e+03
1.777333071411520905e+03
1.777333071411459287e+03
1.777333071411423134e+03
1.777333071411498622e+03
1.777333071411517722e+03
1.777333071411414039e+03
1.777333071411483616e+03
1.777333071411470428e+03
1.777333071411394030e+03
1.777333071411496803e+03
1.777333071411519995e+03
1.777333071411404035e+03
1.777333071411349010e+03
1.777333071411488163e+03
1.777333071411503624e+03
1.777333071411380843e+03
1.777333071411390847e+03
1.777333071411425635e+03
1.777333071411497258e+03
1.777333071411489527e+03
1.777333071411511810e+03
1.777333071411389255e+03
1.777333071411467472e+03
1.777333071411428136e+03
1.777333071411408355e+03
1.777333071411395167e+03
1.777333071411412902e+03
1.777333071411416313e+03
1.777333071411474066e+03
1.777333071411333776e+03
1.777333071411405626e+03
1.777333071411451783e+03
1.777333071411471792e+03
1.777333071411392893e+03
1.777333071411431092e+03
1.777333071411418359e+03
1.777333071411416086e+03
1.777333071411429728e+03
1.777333071411410401e+03
1.777333071411472929e+03
1.777333071411419496e+03
1.777333071411420178e+03
1.777333071411438141e+03
1.777333071411461788e+03
1.777333071411483843e+03
1.777333071411385617e+03
1.777333071411501351e+03
1.777333071411360834e+03
1.777333071411375386e+03
1.777333071411383571e+03
1.777333071411445417e+03
1.777333071411386300e+03
1.777333071411437459e+03
1.777333071411490209e+03
1.777333071411461788e+03
1.777333071411473611e+03
1.777333071411377659e+03
1.777333071411414494e+03
1.777333071411423361e+03
1.777333071411483843e+03
1.777333071411404944e+03
1.777333071411484525e+03
1.777333071411500441e+03
1.777333071411441097e+03
1.777333071411405854e+03
1.777333071411473611e+03
1.777333071411499759e+03
1.777333071411451328e+03
1.777333071411487708e+03
1.777333071411423816e+03
1.777333071411389028e+03
1.777333071411479750e+03
1.777333071411483388e+03
1.777333071411453602e+03
1.777333071411462015e+03
1.777333071411420633e+03
1.777333071411425863e+03
1.777333071411487253e+03
1.777333071411475203e+03
1.777333071411480660e+03
1.777333071411449964e+03
1.777333071411399260e+03
1.777333071411562514e+03
1.777333071411500441e+03
1.777333071411495212e+03
1.777333071411454057e+03
1.777333071411492710e+03
1.777333071411418359e+03
1.777333071411448145e+03
1.777333071411406763e+03
1.777333071411416313e+03
1.777333071411497713e+03
1.777333071411470655e+03
1.777333071411469746e+03
1.777333071411496803e+03
1.777333071411488390e+03
1.777333071411487253e+03
1.777333071411459514e+03
1.777333071411479750e+03
1.777333071411399033e+03
1.777333071411482024e+03
1.777333071411469064e+03
1.777333071411401079e+03
1.777333071411469291e+03
1.777333071411502033e+03
1.777333071411467927e+03
1.777333071411435640e+03
1.777333071411447236e+03
1.777333071411391302e+03
1.777333071411447690e+03
1.777333071411413357e+03
1.777333071411465426e+03
1.777333071411422225e+03
1.777333071411494075e+03
1.777333071411398123e+03
1.777333071411401761e+03
1.777333071411464289e+03
1.777333071411442234e+03
1.777333071411420406e+03
1.777333071411455421e+03
1.777333071411347646e+03
1.777333071411468609e+03
1.777333071411385390e+03
1.777333071411405854e+03
1.777333071411415631e+03
1.777333071411459969e+03
1.777333071411474748e+03
1.777333071411426772e+03
1.777333071411472929e+03
1.777333071411488618e+03
1.777333071411457695e+03
1.777333071411412675e+03
1.777333071411440642e+03
1.777333071411459741e+03
1.777333071411470883e+03
1.777333071411392666e+03
1.777333071411408582e+03
1.777333071411489527e+03
1.777333071411426999e+03
1.777333071411395622e+03
1.777333071411484980e+03
1.777333071411436094e+03
1.777333071411468381e+03
1.777333071411428818e+03
1.777333071411406991e+03
1.777333071411386982e+03
1.777333071411466335e+03
1.777333071411467472e+03
1.777333071411471110e+03
1.777333071411437231e+03
1.777333071411469746e+03
1.777333071411470428e+03
1.777333071411412675e+03
1.777333071411478159e+03
1.777333071411391757e+03
1.777333071411458832e+03
1.777333071411465426e+03
1.777333071411376750e+03
1.777333071411497940e+03
1.777333071411500669e+03
1.777333071411444735e+03
1.777333071411454739e+03
1.777333071411421088e+03
1.777333071411452011e+03
1.777333071411444962e+03
1.777333071411423134e+03
1.777333071411432002e+03
1.777333071411458377e+03
1.777333071411454057e+03
1.777333071411470200e+03
1.777333071411487481e+03
1.777333071411481797e+03
1.777333071411443598e+03
1.777333071411470883e+03
1.777333071411435185e+03
1.777333071411401306e+03
1.777333071411490664e+03
1.777333071411499532e+03
1.777333071411411765e+03
1.777333071411511355e+03
1.777333071411484525e+03
1.777333071411362653e+03
1.777333071411424726e+03
1.777333071411410629e+03
1.777333071411505898e+03
1.777333071411369701e+03
1.777333071411428136e+03
1.777333071411485662e+03
1.777333071411490664e+03
1.777333071411459741e+03
1.777333071411362880e+03
1.777333071411395167e+03
1.777333071411421088e+03
1.777333071411418132e+03
1.777333071411412448e+03
1.777333071411486117e+03
1.777333071411359015e+03
1.777333071411487708e+03
1.777333071411463834e+03
1.777333071411484070e+03
1.777333071411414721e+03
1.777333071411462015e+03
1.777333071411407673e+03
1.777333071411412902e+03
1.777333071411424044e+03
1.777333071411475885e+03
1.777333071411386527e+03
1.777333071411423816e+03
1.777333071411490664e+03
1.777333071411415403e+03
1.777333071411396759e+03
1.777333071411482251e+03
1.777333071411396531e+03
1.777333071411452693e+03
1.777333071411479295e+03
1.777333071411516812e+03
1.777333071411532956e+03
1.777333071411394712e+03
1.777333071411418359e+03
1.777333071411410856e+03
1.777333071411440187e+03
1.777333071411483616e+03
1.777333071411419269e+03
1.777333071411420860e+03
1.777333071411432456e+03
1.777333071411513401e+03
1.777333071411434503e+03
1.777333071411381979e+03
1.777333071411402898e+03
1.777333071411492256e+03
1.777333071411495439e+03
1.777333071411442688e+03
1.777333071411434503e+03
1.777333071411398123e+03
1.777333071411472702e+03
1.777333071411447008e+03
1.777333071411411083e+03
1.777333071411416768e+03
1.777333071411427227e+03
1.777333071411469746e+03
1.777333071411465426e+03
1.777333071411497940e+03
1.777333071411501805e+03
1.777333071411510900e+03
1.777333071411413357e+03
1.777333071411411311e+03
1.777333071411458150e+03
1.777333071411430865e+03
1.777333071411445417e+03
1.777333071411492028e+03
1.777333071411422907e+03
1.777333071411360834e+03
1.777333071411444962e+03
1.777333071411495439e+03
1.777333071411422907e+03
1.777333071411509536e+03
1.777333071411504989e+03
1.777333071411380388e+03
1.777333071411396531e+03
1.777333071411427227e+03
1.777333071411402216e+03
1.777333071411442916e+03
1.777333071411427682e+03
1.777333071411409492e+03
1.777333071411386527e+03
1.777333071411397441e+03
1.777333071411459969e+03
1.777333071411416086e+03
1.777333071411465198e+03
1.777333071411496348e+03
1.777333071411506353e+03
1.777333071411476794e+03
1.777333071411405626e+03
1.777333071411440187e+03
1.777333071411430183e+03
1.777333071411482479e+03
1.777333071411399942e+03
1.777333071411413357e+03
1.777333071411463379e+03
1.777333071411436549e+03
1.777333071411404262e+03
1.777333071411473156e+03
1.777333071411422225e+03
1.777333071411465653e+03
1.777333071411506808e+03
1.777333071411509536e+03
1.777333071411524770e+03
1.777333071411437004e+03
1.777333071411411993e+03
1.777333071411454284e+03
1.777333071411443825e+03
1.777333071411398578e+03
1.777333071411458377e+03
1.777333071411439960e+03
1.777333071411435867e+03
1.777333071411461560e+03
1.777333071411375613e+03
1.777333071411459287e+03
1.777333071411468609e+03
1.777333071411480432e+03
1.777333071411410401e+03
1.777333071411461106e+03
1.777333071411436322e+03
1.777333071411504534e+03
1.777333071411388801e+03
1.777333071411383571e+03
1.777333071411496576e+03
1.777333071411388346e+03
1.777333071411411993e+03
1.777333071411465198e+03
1.777333071411433821e+03
1.777333071411491119e+03
1.777333071411465198e+03
1.777333071411389483e+03
1.777333071411495666e+03
1.777333071411414267e+03
1.777333071411430637e+03
1.777333071411502260e+03
1.777333071411417450e+03
1.777333071411382889e+03
1.777333071411404262e+03
1.777333071411419951e+03
1.777333071411467472e+03
1.777333071411445644e+03
1.777333071411461106e+03
1.777333071411456103e+03
1.777333071411409264e+03
1.777333071411441779e+03
1.777333071411434730e+03
1.777333071411404489e+03
1.777333071411401306e+03
1.777333071411480205e+03
1.777333071411437459e+03
1.777333071411491346e+03
1.777333071411412902e+03
1.777333071411382889e+03
1.777333071411405399e+03
1.777333071411439278e+03
1.777333071411486117e+03
1.777333071411422907e+03
1.777333071411432229e+03
1.777333071411415176e+03
1.777333071411464516e+03
1.777333071411423589e+03
1.777333071411423816e+03
1.777333071411475657e+03
1.777333071411483843e+03
1.777333071411433821e+03
1.777333071411441324e+03
1.777333071411437231e+03
1.777333071411387664e+03
1.777333071411381070e+03
1.777333071411393803e+03
1.777333071411498850e+03
1.777333071411477249e+03
1.777333071411434730e+03
1.777333071411410629e+03
1.777333071411418587e+03
1.777333071411528408e+03
1.777333071411422452e+03
1.777333071411352876e+03
1.777333071411429728e+03
1.777333071411522042e+03
1.777333071411482024e+03
1.777333071411498622e+03
1.777333071411429955e+03
1.777333071411466790e+03
1.777333071411494529e+03
1.777333071411500669e+03
1.777333071411421770e+03
1.777333071411526589e+03
1.777333071411513174e+03
1.777333071411428136e+03
1.777333071411507945e+03
1.777333071411376068e+03
1.777333071411395849e+03
1.777333071411470200e+03
1.777333071411468836e+03
1.777333071411474293e+03
1.777333071411494302e+03
1.777333071411485435e+03
1.777333071411422225e+03
1.777333071411462470e+03
1.777333071411418132e+03
1.777333071411435640e+03
1.777333071411494302e+03
1.777333071411447463e+03
1.777333071411473838e+03
1.777333071411450874e+03
1.777333071411399942e+03
1.777333071411420406e+03
1.777333071411455649e+03
1.777333071411470655e+03
1.777333071411357878e+03
1.777333071411449964e+03
1.777333071411427454e+03
1.777333071411497031e+03
1.777333071411419724e+03
1.777333071411460423e+03
1.777333071411493847e+03
1.777333071411401534e+03
1.777333071411470428e+03
1.777333071411457695e+03
1.777333071411423134e+03
1.777333071411420178e+03
1.777333071411477022e+03
1.777333071411453602e+03
1.777333071411426090e+03
1.777333071411371748e+03
1.777333071411434503e+03
1.777333071411435640e+03
1.777333071411464061e+03
1.777333071411457922e+03
1.777333071411417450e+03
1.777333071411469064e+03
1.777333071411432684e+03
1.777333071411471565e+03
1.777333071411418132e+03
1.777333071411448827e+03
1.777333071411463379e+03
1.777333071411447008e+03
1.777333071411481569e+03
1.777333071411459741e+03
1.777333071411446781e+03
1.777333071411436322e+03
1.777333071411447008e+03
1.777333071411499986e+03
1.777333071411447463e+03
1.777333071411431320e+03
1.777333071411422452e+03
1.777333071411464971e+03
1.777333071411467245e+03
1.777333071411499759e+03
1.777333071411477022e+03
1.777333071411483388e+03
1.777333071411464289e+03
1.777333071411399033e+03
1.777333071411398123e+03
1.777333071411400397e+03
1.777333071411425180e+03
1.777333071411404717e+03
1.777333071411420633e+03
1.777333071411473838e+03
1.777333071411424953e+03
1.777333071411409264e+03
1.777333071411464061e+03
1.777333071411480660e+03
1.777333071411406763e+03
1.777333071411411765e+03
1.777333071411441324e+03
1.777333071411435640e+03
1.777333071411437459e+03
1.777333071411394258e+03
1.777333071411480432e+03
1.777333071411464516e+03
1.777333071411492256e+03
1.777333071411393121e+03
1.777333071411442688e+03
1.777333071411431320e+03
1.777333071411428364e+03
1.777333071411435640e+03
1.777333071411451556e+03
1.777333071411494757e+03
1.777333071411455649e+03
1.777333071411474748e+03
1.777333071411432229e+03
1.777333071411431547e+03
1.777333071411418359e+03
1.777333071411434730e+03
1.777333071411423816e+03
1.777333071411476340e+03
1.777333071411467245e+03
1.777333071411475885e+03
1.777333071411454284e+03
1.777333071411465653e+03
1.777333071411468381e+03
1.777333071411466335e+03
1.777333071411470883e+03
1.777333071411396986e+03
1.777333071411416768e+03
1.777333071411430637e+03
1.777333071411471792e+03
1.777333071411464289e+03
1.777333071411471110e+03
1.777333071411386072e+03
1.777333071411446781e+03
1.777333071411401306e+03
1.777333071411464971e+03
1.777333071411452238e+03
1.777333071411434048e+03
1.777333071411401534e+03
1.777333071411465198e+03
1.777333071411368564e+03
1.777333071411409264e+03
1.777333071411402443e+03
1.777333071411449055e+03
1.777333071411401988e+03
1.777333071411449509e+03
1.777333071411414949e+03
1.777333071411424044e+03
1.777333071411463379e+03
1.777333071411439960e+03
1.777333071411419724e+03
1.777333071411359469e+03
1.777333071411411311e+03
1.777333071411423361e+03
1.777333071411469746e+03
1.777333071411412902e+03
1.777333071411428364e+03
1.777333071411431547e+03
1.777333071411449509e+03
1.777333071411470200e+03
1.777333071411466790e+03
1.777333071411386982e+03
1.777333071411415858e+03
1.777333071411383344e+03
1.777333071411414267e+03
1.777333071411470200e+03
1.777333071411472247e+03
1.777333071411432456e+03
1.777333071411416995e+03
1.777333071411472019e+03
1.777333071411464289e+03
1.777333071411485207e+03
1.777333071411467017e+03
1.777333071411421315e+03
1.777333071411482479e+03
1.777333071411417222e+03
1.777333071411419951e+03
1.777333071411484525e+03
1.777333071411452693e+03
1.777333071411449282e+03
1.777333071411428818e+03
1.777333071411434275e+03
1.777333071411404489e+03
1.777333071411458377e+03
1.777333071411459741e+03
1.777333071411437231e+03
1.777333071411419951e+03
1.777333071411458377e+03
1.777333071411431774e+03
1.777333071411499986e+03
1.777333071411445417e+03
1.777333071411425408e+03
1.777333071411452920e+03
1.777333071411440415e+03
1.777333071411422907e+03
1.777333071411463379e+03
1.777333071411446781e+03
1.777333071411505216e+03
1.777333071411410856e+03
1.777333071411431547e+03
1.777333071411443370e+03
1.777333071411412220e+03
1.777333071411458150e+03
1.777333071411417677e+03
1.777333071411436322e+03
1.777333071411428591e+03
1.777333071411426772e+03
1.777333071411409946e+03
1.777333071411477704e+03
1.777333071411471792e+03
1.777333071411515903e+03
1.777333071411441324e+03
1.777333071411386527e+03
1.777333071411461106e+03
1.777333071411402443e+03
1.777333071411407673e+03
1.777333071411460651e+03
1.777333071411456558e+03
1.777333071411428136e+03
1.777333071411401534e+03
1.777333071411424271e+03
1.777333071411453375e+03
1.777333071411404262e+03
1.777333071411479295e+03
1.777333071411471110e+03
1.777333071411464516e+03
1.777333071411486571e+03
1.777333071411425180e+03
1.777333071411430183e+03
1.777333071411412675e+03
1.777333071411420178e+03
1.777333071411397668e+03
1.777333071411465426e+03
1.777333071411444507e+03
1.777333071411443143e+03
1.777333071411459514e+03
1.777333071411481342e+03
1.777333071411456785e+03
1.777333071411508172e+03
1.777333071411465426e+03
1.777333071411508399e+03
1.777333071411428364e+03
1.777333071411428591e+03
1.777333071411464971e+03
1.777333071411467245e+03
1.777333071411418587e+03
1.777333071411448145e+03
1.777333071411485889e+03
1.777333071411391984e+03
1.777333071411471792e+03
1.777333071411442461e+03
1.777333071411506580e+03
1.777333071411453602e+03
1.777333071411473611e+03
1.777333071411408810e+03
1.777333071411465880e+03
1.777333071411433366e+03
1.777333071411490891e+03
1.777333071411366063e+03
1.777333071411467927e+03
1.777333071411428818e+03
1.777333071411431774e+03
1.777333071411431547e+03
1.777333071411468154e+03
1.777333071411465198e+03
1.777333071411455421e+03
1.777333071411422225e+03
1.777333071411457695e+03
1.777333071411447918e+03
1.777333071411438596e+03
1.777333071411420633e+03
1.777333071411406991e+03
1.777333071411397668e+03
1.777333071411505216e+03
1.777333071411469518e+03
1.777333071411462470e+03
1.777333071411492710e+03
1.777333071411478159e+03
1.777333071411415858e+03
1.777333071411414494e+03
1.777333071411395395e+03
1.777333071411495894e+03
1.777333071411433139e+03
1.777333071411437686e+03
1.777333071411388346e+03
1.777333071411416086e+03
1.777333071411418814e+03
1.777333071411459969e+03
1.777333071411457013e+03
1.777333071411449055e+03
1.777333071411435412e+03
1.777333071411449737e+03
1.777333071411412902e+03
1.777333071411443143e+03
1.777333071411462242e+03
1.777333071411470200e+03
1.777333071411400852e+03
1.777333071411441779e+03
1.777333071411499077e+03
1.777333071411470883e+03
1.777333071411440187e+03
1.777333071411485435e+03
1.777333071411469518e+03
1.777333071411445417e+03
1.777333071411440187e+03
1.777333071411439732e+03
1.777333071411476340e+03
1.777333071411426999e+03
1.777333071411441097e+03
1.777333071411451556e+03
1.777333071411421543e+03
1.777333071411407445e+03
1.777333071411428818e+03
1.777333071411391984e+03
1.777333071411457013e+03
1.777333071411399715e+03
1.777333071411421770e+03
1.777333071411489527e+03
1.777333071411410174e+03
1.777333071411452011e+03
1.777333071411469746e+03
1.777333071411413130e+03
1.777333071411421997e+03
1.777333071411441324e+03
1.777333071411478613e+03
1.777333071411435185e+03
1.777333071411432002e+03
1.777333071411432684e+03
1.777333071411390165e+03
1.777333071411469746e+03
1.777333071411416540e+03
1.777333071411464289e+03
1.777333071411468609e+03
1.777333071411436322e+03
1.777333071411457468e+03
1.777333071411476567e+03
1.777333071411439505e+03
1.777333071411383798e+03
1.777333071411406763e+03
1.777333071411473384e+03
1.777333071411425863e+03
1.777333071411472247e+03
1.777333071411467699e+03
1.777333071411455876e+03
1.777333071411468609e+03
1.777333071411460423e+03
1.777333071411416086e+03
1.777333071411506353e+03
1.777333071411436322e+03
1.777333071411474748e+03
1.777333071411469746e+03
1.777333071411399033e+03
1.777333071411463379e+03
1.777333071411417222e+03
1.777333071411461560e+03
1.777333071411453375e+03
1.777333071411471110e+03
1.777333071411426090e+03
1.777333071411413812e+03
1.777333071411389710e+03
1.777333071411464061e+03
1.777333071411415631e+03
1.777333071411464744e+03
1.777333071411492483e+03
1.777333071411492938e+03
1.777333071411490437e+03
1.777333071411462925e+03
1.777333071411422452e+03
1.777333071411449509e+03
1.777333071411413357e+03
1.777333071411371520e+03
1.777333071411432229e+03
1.777333071411440869e+03
1.777333071411434275e+03
1.777333071411431774e+03
1.777333071411441779e+03
1.777333071411404262e+03
1.777333071411439505e+03
1.777333071411449964e+03
1.777333071411450419e+03
1.777333071411468154e+03
1.777333071411507945e+03
1.777333071411380160e+03
1.777333071411497485e+03
1.777333071411428591e+03
1.777333071411455421e+03
1.777333071411402216e+03
1.777333071411435412e+03
1.777333071411414721e+03
1.777333071411462925e+03
1.777333071411422452e+03
1.777333071411402443e+03
1.777333071411469291e+03
1.777333071411483616e+03
1.777333071411405854e+03
1.777333071411469518e+03
1.777333071411444280e+03
1.777333071411452011e+03
1.777333071411411311e+03
1.777333071411420178e+03
1.777333071411435867e+03
1.777333071411423361e+03
1.777333071411459514e+03
1.777333071411435867e+03
1.777333071411398123e+03
1.777333071411470655e+03
1.777333071411504761e+03
1.777333071411465198e+03
1.777333071411490891e+03
1.777333071411389710e+03
1.777333071411411765e+03
1.777333071411499532e+03
1.777333071411478159e+03
1.777333071411441324e+03
1.777333071411409264e+03
1.777333071411467245e+03
1.777333071411444507e+03
1.777333071411467245e+03
1.777333071411463152e+03
1.777333071411435185e+03
1.777333071411406081e+03
1.777333071411473838e+03
1.777333071411486117e+03
1.777333071411456785e+03
1.777333071411453147e+03
1.777333071411483616e+03
1.777333071411424271e+03
1.777333071411399487e+03
1.777333071411422907e+03
1.777333071411435640e+03
1.777333071411379478e+03
1.777333071411485207e+03
1.777333071411420860e+03
1.777333071411434730e+03
1.777333071411425635e+03
1.777333071411439505e+03
1.777333071411437004e+03
1.777333071411468381e+03
1.777333071411378569e+03
1.777333071411463834e+03
1.777333071411428364e+03
1.777333071411442461e+03
1.777333071411444280e+03
1.777333071411482479e+03
1.777333071411411538e+03
1.777333071411448600e+03
1.777333071411473156e+03
1.777333071411464516e+03
1.777333071411380615e+03
1.777333071411480660e+03
1.777333071411454966e+03
1.777333071411454512e+03
1.777333071411417905e+03
1.777333071411422679e+03
1.777333071411457013e+03
1.777333071411465653e+03
1.777333071411386982e+03
1.777333071411422452e+03
1.777333071411448827e+03
1.777333071411492256e+03
1.777333071411487481e+03
1.777333071411491574e+03
1.777333071411472247e+03
1.777333071411469746e+03
1.777333071411468154e+03
1.777333071411412675e+03
1.777333071411470655e+03
1.777333071411462470e+03
1.777333071411405172e+03
1.777333071411455421e+03
1.777333071411417677e+03
1.777333071411480660e+03
1.777333071411481797e+03
1.777333071411477704e+03
1.777333071411472019e+03
1.777333071411456103e+03
1.777333071411421997e+03
1.777333071411468836e+03
1.777333071411389028e+03
1.777333071411474521e+03
1.777333071411488618e+03
1.777333071411445417e+03
1.777333071411452011e+03
1.777333071411456103e+03
1.777333071411417905e+03
1.777333071411434958e+03
1.777333071411430865e+03
1.777333071411435185e+03
1.777333071411475430e+03
1.777333071411452693e+03
1.777333071411488845e+03
1.777333071411415176e+03
1.777333071411473838e+03
1.777333071411471792e+03
1.777333071411448827e+03
1.777333071411392666e+03
1.777333071411467245e+03
1.777333071411426090e+03
1.777333071411466108e+03
1.777333071411447236e+03
1.777333071411416768e+03
1.777333071411475885e+03
1.777333071411407218e+03
1.777333071411410856e+03
1.777333071411470428e+03
1.777333071411439960e+03
1.777333071411465653e+03
1.777333071411472247e+03
1.777333071411399715e+03
1.777333071411411993e+03
1.777333071411421543e+03
1.777333071411393348e+03
1.777333071411437459e+03
1.777333071411440415e+03
1.777333071411428136e+03
1.777333071411393121e+03
1.777333071411477931e+03
1.777333071411426317e+03
1.777333071411387664e+03
1.777333071411467927e+03
1.777333071411429273e+03
1.777333071411454057e+03
1.777333071411437686e+03
1.777333071411466108e+03
1.777333071411470428e+03
1.777333071411412448e+03
1.777333071411446099e+03
1.777333071411491574e+03
1.777333071411434275e+03
1.777333071411435867e+03
1.777333071411489072e+03
1.777333071411417450e+03
1.777333071411496121e+03
1.777333071411411538e+03
1.777333071411474293e+03
1.777333071411452465e+03
1.777333071411463834e+03
1.777333071411430183e+03
1.777333071411447690e+03
1.777333071411510900e+03
1.777333071411422907e+03
1.777333071411431320e+03
1.777333071411426999e+03
1.777333071411430865e+03
1.777333071411470200e+03
1.777333071411416540e+03
1.777333071411478613e+03
1.777333071411487481e+03
1.777333071411475657e+03
1.777333071411424726e+03
1.777333071411415858e+03
1.777333071411394940e+03
1.777333071411462697e+03
1.777333071411479978e+03
1.777333071411401306e+03
1.777333071411421997e+03
1.777333071411466335e+03
1.777333071411410629e+03
1.777333071411413584e+03
1.777333071411464061e+03
1.777333071411454284e+03
1.777333071411468381e+03
1.777333071411416995e+03
1.777333071411463152e+03
1.777333071411449055e+03
1.777333071411470883e+03
1.777333071411473156e+03
1.777333071411410174e+03
1.777333071411406308e+03
1.777333071411472247e+03
1.777333071411447690e+03
1.777333071411458832e+03
1.777333071411497940e+03
1.777333071411430183e+03
1.777333071411462015e+03
1.777333071411413812e+03
1.777333071411436549e+03
1.777333071411417677e+03
1.777333071411458832e+03
1.777333071411409492e+03
1.777333071411426317e+03
1.777333071411440642e+03
1.777333071411405399e+03
1.777333071411477249e+03
1.777333071411410174e+03
1.777333071411447008e+03
1.777333071411409719e+03
1.777333071411464289e+03
1.777333071411451101e+03
1.777333071411482933e+03
1.777333071411437913e+03
1.777333071411485207e+03
1.777333071411438596e+03
1.777333071411434048e+03
1.777333071411481342e+03
1.777333071411404035e+03
1.777333071411412902e+03
1.777333071411372430e+03
1.777333071411436322e+03
1.777333071411418132e+03
1.777333071411442006e+03
1.777333071411430183e+03
1.777333071411524315e+03
1.777333071411447008e+03
1.777333071411429501e+03
1.777333071411461333e+03
1.777333071411481569e+03
1.777333071411458832e+03
1.777333071411421770e+03
1.777333071411424271e+03
1.777333071411425408e+03
1.777333071411477931e+03
1.777333071411477022e+03
1.777333071411506808e+03
1.777333071411454966e+03
1.777333071411478159e+03
1.777333071411486571e+03
1.777333071411418587e+03
1.777333071411492710e+03
1.777333071411430183e+03
1.777333071411468836e+03
1.777333071411469518e+03
1.777333071411467017e+03
1.777333071411413584e+03
1.777333071411432684e+03
1.777333071411418587e+03
1.777333071411423816e+03
1.777333071411406991e+03
1.777333071411407445e+03
1.777333071411462242e+03
1.777333071411407900e+03
1.777333071411446099e+03
1.777333071411479068e+03
1.777333071411404944e+03
1.777333071411459287e+03
1.777333071411455649e+03
1.777333071411411311e+03
1.777333071411464516e+03
1.777333071411450874e+03
1.777333071411460196e+03
1.777333071411456785e+03
1.777333071411465426e+03
1.777333071411454966e+03
1.777333071411444507e+03
1.777333071411434958e+03
1.777333071411422225e+03
1.777333071411493847e+03
1.777333071411451783e+03
1.777333071411413130e+03
1.777333071411449964e+03
1.777333071411440642e+03
1.777333071411492256e+03
1.777333071411385845e+03
1.777333071411452011e+03
1.777333071411440415e+03
1.777333071411478386e+03
1.777333071411475203e+03
1.777333071411413812e+03
1.777333071411408127e+03
1.777333071411444507e+03
1.777333071411484525e+03
1.777333071411454739e+03
1.777333071411414039e+03
1.777333071411427682e+03
1.777333071411444507e+03
1.777333071411404262e+03
1.777333071411460651e+03
1.777333071411450646e+03
1.777333071411505898e+03
1.777333071411478841e+03
1.777333071411426772e+03
1.777333071411426090e+03
1.777333071411404262e+03
1.777333071411417905e+03
1.777333071411410629e+03
1.777333071411392666e+03
1.777333071411413130e+03
1.777333071411402443e+03
1.777333071411443825e+03
1.777333071411411083e+03
1.777333071411445417e+03
1.777333071411421997e+03
1.777333071411497031e+03
1.777333071411414721e+03
1.777333071411422679e+03
1.777333071411428364e+03
1.777333071411433139e+03
1.777333071411402443e+03
1.777333071411436549e+03
1.777333071411439505e+03
1.777333071411426772e+03
1.777333071411462015e+03
1.777333071411464289e+03
1.777333071411415403e+03
1.777333071411461788e+03
1.777333071411406536e+03
1.777333071411456331e+03
1.777333071411456331e+03
1.777333071411496576e+03
1.777333071411447236e+03
1.777333071411426090e+03
1.777333071411447236e+03
1.777333071411444735e+03
1.777333071411427682e+03
1.777333071411420633e+03
1.777333071411411765e+03
1.777333071411462242e+03
1.777333071411493847e+03
1.777333071411425408e+03
1.777333071411402216e+03
1.777333071411434730e+03
1.777333071411391529e+03
1.777333071411423589e+03
1.777333071411434503e+03
1.777333071411453602e+03
1.777333071411424271e+03
1.777333071411484525e+03
1.777333071411414721e+03
1.777333071411443143e+03
1.777333071411411538e+03
1.777333071411422679e+03
1.777333071411511128e+03
1.777333071411470883e+03
1.777333071411471337e+03
1.777333071411465653e+03
1.777333071411466562e+03
1.777333071411471792e+03
1.777333071411425635e+03
1.777333071411432229e+03
1.777333071411466562e+03
1.777333071411411538e+03
1.777333071411455649e+03
1.777333071411442916e+03
1.777333071411386754e+03
1.777333071411414039e+03
1.777333071411448145e+03
1.777333071411426545e+03
1.777333071411421543e+03
1.777333071411496348e+03
1.777333071411387436e+03
1.777333071411489982e+03
1.777333071411393576e+03
1.777333071411388119e+03
1.777333071411468609e+03
1.777333071411447236e+03
1.777333071411419269e+03
1.777333071411404262e+03
1.777333071411465653e+03
1.777333071411514993e+03
1.777333071411479523e+03
1.777333071411412902e+03
1.777333071411450419e+03
1.777333071411477704e+03
1.777333071411486571e+03
1.777333071411444735e+03
1.777333071411437004e+03
1.777333071411405399e+03
1.777333071411447690e+03
1.777333071411419951e+03
1.777333071411433366e+03
1.777333071411442688e+03
1.777333071411448145e+03
1.777333071411444053e+03
1.777333071411463834e+03
1.777333071411405172e+03
1.777333071411525225e+03
1.777333071411506126e+03
1.777333071411402670e+03
1.777333071411405854e+03
1.777333071411419269e+03
1.777333071411409719e+03
1.777333071411474975e+03
1.777333071411509991e+03
1.777333071411459059e+03
1.777333071411424726e+03
1.777333071411464289e+03
1.777333071411417222e+03
1.777333071411419724e+03
1.777333071411450646e+03
1.777333071411453147e+03
1.777333071411433821e+03
1.777333071411396986e+03
1.777333071411407900e+03
1.777333071411412220e+03
1.777333071411487481e+03
1.777333071411389028e+03
1.777333071411382434e+03
1.777333071411466562e+03
1.777333071411391984e+03
1.777333071411454057e+03
1.777333071411482706e+03
1.777333071411480205e+03
1.777333071411443598e+03
1.777333071411429273e+03
1.777333071411430183e+03
1.777333071411437231e+03
1.777333071411434958e+03
1.777333071411406763e+03
1.777333071411421315e+03
1.777333071411452238e+03
1.777333071411448827e+03
1.777333071411397214e+03
1.777333071411422679e+03
1.777333071411423134e+03
1.777333071411399715e+03
1.777333071411426545e+03
1.777333071411443143e+03
1.777333071411456331e+03
1.777333071411406763e+03
1.777333071411432229e+03
1.777333071411484070e+03
1.777333071411437686e+03
1.777333071411480432e+03
1.777333071411429046e+03
1.777333071411480887e+03
1.777333071411395395e+03
1.777333071411385163e+03
1.777333071411479295e+03
1.777333071411462242e+03
1.777333071411490437e+03
1.777333071411425863e+03
1.777333071411438596e+03
1.777333071411446326e+03
1.777333071411466108e+03
1.777333071411460196e+03
1.777333071411398123e+03
1.777333071411489072e+03
1.777333071411485889e+03
1.777333071411467927e+03
1.777333071411428364e+03
1.777333071411453147e+03
1.777333071411485662e+03
1.777333071411432911e+03
1.777333071411475430e+03
1.777333071411481114e+03
1.777333071411499759e+03
1.777333071411444053e+03
1.777333071411484980e+03
1.777333071411468836e+03
1.777333071411484980e+03
1.777333071411465426e+03
1.777333071411390165e+03
1.777333071411469746e+03
1.777333071411454284e+03
1.777333071411395622e+03
1.777333071411408355e+03
1.777333071411522951e+03
1.777333071411430637e+03
1.777333071411405399e+03
1.777333071411425863e+03
1.777333071411411311e+03
1.777333071411435185e+03
1.777333071411461788e+03
1.777333071411498850e+03
1.777333071411439050e+03
1.777333071411430865e+03
1.777333071411431774e+03
1.777333071411447690e+03
1.777333071411399033e+03
1.777333071411443143e+03
1.777333071411439050e+03
1.777333071411385617e+03
1.777333071411499304e+03
1.777333071411391757e+03
1.777333071411417905e+03
1.777333071411420178e+03
1.777333071411383344e+03
1.777333071411448827e+03
1.777333071411412220e+03
1.777333071411460651e+03
1.777333071411475203e+03
1.777333071411442688e+03
1.777333071411506126e+03
1.777333071411428364e+03
1.777333071411472929e+03
1.777333071411462470e+03
1.777333071411458150e+03
1.777333071411429273e+03
1.777333071411410174e+03
1.777333071411471337e+03
1.777333071411484298e+03
1.777333071411389710e+03
1.777333071411489982e+03
1.777333071411432002e+03
1.777333071411427227e+03
1.777333071411488390e+03
1.777333071411418132e+03
1.777333071411440187e+03
1.777333071411404944e+03
1.777333071411409264e+03
1.777333071411440869e+03
1.777333071411423816e+03
1.777333071411483388e+03
1.777333071411414721e+03
1.777333071411464289e+03
1.777333071411472247e+03
1.777333071411458377e+03
1.777333071411392439e+03
1.777333071411448145e+03
1.777333071411452920e+03
1.777333071411477022e+03
1.777333071411465426e+03
1.777333071411417222e+03
1.777333071411418132e+03
1.777333071411489300e+03
1.777333071411430183e+03
1.777333071411491801e+03
1.777333071411470200e+03
1.777333071411445189e+03
1.777333071411438141e+03
1.777333071411428136e+03
1.777333071411445417e+03
1.777333071411431547e+03
1.777333071411446326e+03
1.777333071411422225e+03
1.777333071411451328e+03
1.777333071411488618e+03
1.777333071411422452e+03
1.777333071411473611e+03
1.777333071411431320e+03
1.777333071411471792e+03
1.777333071411444280e+03
1.777333071411477249e+03
1.777333071411464061e+03
1.777333071411436777e+03
1.777333071411424498e+03
1.777333071411419724e+03
1.777333071411445871e+03
1.777333071411400852e+03
1.777333071411434958e+03
1.777333071411414949e+03
1.777333071411441779e+03
1.777333071411476340e+03
1.777333071411471565e+03
1.777333071411488390e+03
1.777333071411445189e+03
1.777333071411450646e+03
1.777333071411389483e+03
1.777333071411462470e+03
1.777333071411420178e+03
1.777333071411333094e+03
1.777333071411464744e+03
1.777333071411403125e+03
1.777333071411472702e+03
1.777333071411438141e+03
1.777333071411458377e+03
1.777333071411479523e+03
1.777333071411479523e+03
1.777333071411456785e+03
1.777333071411460423e+03
1.777333071411433139e+03
1.777333071411427454e+03
1.777333071411379024e+03
1.777333071411373567e+03
1.777333071411469518e+03
1.777333071411490664e+03
1.777333071411455421e+03
1.777333071411487481e+03
1.777333071411448600e+03
1.777333071411434730e+03
1.777333071411442916e+03
1.777333071411445871e+03
1.777333071411428136e+03
1.777333071411407673e+03
1.777333071411412448e+03
1.777333071411428364e+03
1.777333071411490209e+03
1.777333071411457695e+03
1.777333071411411538e+03
1.777333071411407218e+03
1.777333071411412675e+03
1.777333071411417905e+03
1.777333071411473384e+03
1.777333071411399033e+03
1.777333071411449737e+03
1.777333071411422225e+03
1.777333071411444507e+03
1.777333071411460423e+03
1.777333071411472247e+03
1.777333071411424271e+03
1.777333071411440187e+03
1.777333071411467699e+03
1.777333071411397441e+03
1.777333071411452693e+03
1.777333071411455194e+03
1.777333071411448373e+03
1.777333071411415858e+03
1.777333071411461560e+03
1.777333071411419951e+03
1.777333071411454284e+03
1.777333071411471337e+03
1.777333071411456558e+03
1.777333071411472929e+03
1.777333071411487481e+03
1.777333071411480205e+03
1.777333071411448145e+03
1.777333071411406536e+03
1.777333071411478386e+03
1.777333071411437459e+03
1.777333071411427227e+03
1.777333071411409037e+03
1.777333071411445189e+03
1.777333071411473611e+03
1.777333071411420633e+03
1.777333071411477249e+03
1.777333071411437459e+03
1.777333071411459514e+03
1.777333071411421997e+03
1.777333071411456785e+03
1.777333071411470428e+03
1.777333071411446099e+03
1.777333071411468381e+03
1.777333071411395622e+03
1.777333071411463607e+03
1.777333071411459287e+03
1.777333071411454057e+03
1.777333071411492028e+03
1.777333071411467472e+03
1.777333071411483161e+03
1.777333071411442688e+03
1.777333071411423589e+03
1.777333071411467017e+03
1.777333071411544779e+03
1.777333071411383798e+03
1.777333071411426999e+03
1.777333071411516585e+03
1.777333071411481797e+03
1.777333071411494529e+03
1.777333071411455649e+03
1.777333071411461106e+03
1.777333071411454512e+03
1.777333071411412675e+03
1.777333071411479068e+03
1.777333071411420178e+03
1.777333071411436094e+03
1.777333071411480887e+03
1.777333071411437686e+03
1.777333071411435185e+03
1.777333071411466562e+03
1.777333071411484070e+03
1.777333071411478613e+03
1.777333071411450646e+03
1.777333071411446554e+03
1.777333071411434958e+03
1.777333071411412220e+03
1.777333071411448373e+03
1.777333071411393348e+03
1.777333071411489072e+03
1.777333071411452011e+03
1.777333071411469746e+03
1.777333071411448373e+03
1.777333071411400169e+03
1.777333071411413130e+03
1.777333071411476112e+03
1.777333071411451328e+03
1.777333071411393576e+03
1.777333071411462470e+03
1.777333071411469064e+03
1.777333071411508627e+03
1.777333071411470200e+03
1.777333071411476112e+03
1.777333071411435185e+03
1.777333071411410856e+03
1.777333071411384253e+03
1.777333071411478386e+03
1.777333071411462925e+03
1.777333071411426772e+03
1.777333071411425635e+03
1.777333071411463379e+03
1.777333071411452465e+03
1.777333071411421315e+03
1.777333071411424271e+03
1.777333071411391984e+03
1.777333071411414039e+03
1.777333071411410629e+03
1.777333071411411538e+03
1.777333071411482479e+03
1.777333071411437004e+03
1.777333071411495439e+03
1.777333071411394940e+03
1.777333071411459287e+03
1.777333071411399487e+03
1.777333071411467245e+03
1.777333071411437004e+03
1.777333071411425180e+03
1.777333071411464744e+03
1.777333071411439278e+03
1.777333071411475430e+03
1.777333071411452465e+03
1.777333071411481797e+03
1.777333071411475885e+03
1.777333071411446554e+03
1.777333071411409719e+03
1.777333071411485889e+03
1.777333071411465653e+03
1.777333071411422452e+03
1.777333071411507717e+03
1.777333071411462015e+03
1.777333071411368110e+03
1.777333071411411083e+03
1.777333071411459741e+03
1.777333071411387209e+03
1.777333071411411993e+03
1.777333071411415858e+03
1.777333071411419951e+03
1.777333071411452920e+03
1.777333071411462925e+03
1.777333071411426999e+03
1.777333071411456103e+03
1.777333071411469518e+03
1.777333071411421543e+03
1.777333071411429501e+03
1.777333071411415176e+03
1.777333071411462697e+03
1.777333071411460196e+03
1.777333071411426999e+03
1.777333071411422452e+03
1.777333071411443370e+03
1.777333071411402898e+03
1.777333071411428818e+03
1.777333071411421543e+03
1.777333071411487936e+03
1.777333071411411765e+03
1.777333071411457013e+03
1.777333071411442461e+03
1.777333071411458150e+03
1.777333071411457240e+03
1.777333071411394030e+03
1.777333071411386072e+03
1.777333071411406536e+03
1.777333071411368564e+03
1.777333071411452693e+03
1.777333071411471337e+03
1.777333071411420860e+03
1.777333071411542278e+03
1.777333071411479978e+03
1.777333071411452465e+03
1.777333071411428818e+03
1.777333071411401306e+03
1.777333071411407218e+03
1.777333071411444735e+03
1.777333071411453147e+03
1.777333071411464744e+03
1.777333071411412675e+03
1.777333071411438368e+03
1.777333071411434503e+03
1.777333071411420406e+03
1.777333071411457922e+03
1.777333071411476340e+03
1.777333071411423361e+03
1.777333071411465198e+03
1.777333071411424498e+03
1.777333071411428818e+03
1.777333071411464971e+03
1.777333071411411993e+03
1.777333071411464516e+03
1.777333071411467017e+03
1.777333071411435640e+03
1.777333071411454966e+03
1.777333071411432911e+03
1.777333071411455649e+03
1.777333071411443370e+03
1.777333071411421543e+03
1.777333071411437913e+03
1.777333071411411083e+03
1.777333071411428591e+03
1.777333071411381752e+03
1.777333071411430183e+03
1.777333071411438141e+03
1.777333071411411538e+03
1.777333071411422225e+03
1.777333071411421770e+03
1.777333071411423816e+03
1.777333071411421770e+03
1.777333071411435640e+03
1.777333071411472019e+03
1.777333071411398805e+03
1.777333071411449964e+03
1.777333071411412675e+03
1.777333071411435640e+03
1.777333071411436094e+03
1.777333071411410629e+03
1.777333071411433366e+03
1.777333071411425635e+03
1.777333071411487026e+03
1.777333071411420860e+03
1.777333071411519768e+03
1.777333071411449282e+03
1.777333071411410856e+03
1.777333071411465880e+03
1.777333071411441097e+03
1.777333071411454739e+03
1.777333071411489300e+03
1.777333071411426545e+03
1.777333071411383571e+03
1.777333071411432456e+03
1.777333071411435412e+03
1.777333071411422907e+03
1.777333071411463834e+03
1.777333071411513856e+03
1.777333071411421088e+03
1.777333071411466108e+03
1.777333071411422907e+03
1.777333071411420178e+03
1.777333071411406081e+03
1.777333071411416313e+03
1.777333071411454057e+03
1.777333071411415176e+03
1.777333071411482024e+03
1.777333071411535911e+03
1.777333071411448600e+03
1.777333071411485889e+03
1.777333071411423361e+03
1.777333071411461106e+03
1.777333071411417222e+03
1.777333071411387891e+03
1.777333071411429273e+03
1.777333071411427227e+03
1.777333071411445417e+03
1.777333071411447690e+03
1.777333071411406991e+03
1.777333071411409264e+03
1.777333071411427454e+03
1.777333071411437004e+03
1.777333071411467017e+03
1.777333071411433593e+03
1.777333071411433366e+03
1.777333071411473156e+03
1.777333071411437913e+03
1.777333071411400397e+03
1.777333071411458604e+03
1.777333071411499532e+03
1.777333071411508854e+03
1.777333071411475885e+03
1.777333071411470428e+03
1.777333071411384708e+03
1.777333071411464971e+03
1.777333071411453830e+03
1.777333071411401306e+03
1.777333071411402216e+03
1.777333071411453375e+03
1.777333071411459969e+03
1.777333071411547280e+03
1.777333071411485889e+03
1.777333071411462470e+03
1.777333071411469746e+03
1.777333071411452465e+03
1.777333071411434958e+03
1.777333071411471337e+03
1.777333071411426090e+03
1.777333071411417450e+03
1.777333071411450192e+03
1.777333071411395849e+03
1.777333071411433821e+03
1.777333071411399260e+03
1.777333071411436549e+03
1.777333071411416086e+03
1.777333071411398123e+03
1.777333071411430865e+03
1.777333071411431092e+03
1.777333071411448827e+03
1.777333071411461560e+03
1.777333071411451556e+03
1.777333071411492938e+03
1.777333071411417677e+03
1.777333071411462697e+03
1.777333071411409492e+03
1.777333071411458832e+03
1.777333071411482479e+03
1.777333071411413812e+03
1.777333071411418359e+03
1.777333071411441551e+03
1.777333071411412675e+03
1.777333071411430865e+03
1.777333071411436094e+03
1.777333071411416313e+03
1.777333071411405854e+03
1.777333071411440187e+03
1.777333071411488845e+03
1.777333071411421997e+03
1.777333071411406536e+03
1.777333071411417677e+03
1.777333071411467927e+03
1.777333071411438368e+03
1.777333071411481342e+03
1.777333071411438141e+03
1.777333071411488163e+03
1.777333071411427227e+03
1.777333071411436549e+03
1.777333071411472474e+03
1.777333071411456785e+03
1.777333071411426772e+03
1.777333071411486117e+03
1.777333071411420406e+03
1.777333071411448145e+03
1.777333071411457240e+03
1.777333071411418587e+03
1.777333071411441779e+03
1.777333071411430865e+03
1.777333071411478613e+03
1.777333071411422452e+03
1.777333071411500669e+03
1.777333071411475657e+03
1.777333071411373339e+03
1.777333071411456331e+03
1.777333071411449055e+03
1.777333071411457013e+03
1.777333071411519768e+03
1.777333071411399715e+03
1.777333071411432911e+03
1.777333071411370383e+03
1.777333071411388119e+03
1.777333071411485207e+03
1.777333071411469291e+03
1.777333071411389938e+03
1.777333071411429046e+03
1.777333071411416086e+03
1.777333071411491801e+03
1.777333071411434730e+03
1.777333071411372202e+03
1.777333071411423589e+03
1.777333071411440869e+03
1.777333071411413812e+03
1.777333071411459741e+03
1.777333071411452920e+03
1.777333071411403580e+03
1.777333071411465426e+03
1.777333071411506808e+03
1.777333071411401988e+03
1.777333071411456103e+03
1.777333071411460878e+03
1.777333071411440187e+03
1.777333071411493847e+03
1.777333071411428591e+03
1.777333071411418359e+03
1.777333071411430183e+03
1.777333071411464516e+03
1.777333071411472702e+03
1.777333071411452465e+03
1.777333071411376977e+03
1.777333071411418587e+03
1.777333071411396531e+03
1.777333071411415858e+03
1.777333071411473611e+03
1.777333071411391984e+03
1.777333071411461106e+03
1.777333071411423589e+03
1.777333071411405626e+03
1.777333071411470655e+03
1.777333071411404717e+03
1.777333071411474975e+03
1.777333071411454512e+03
1.777333071411413584e+03
1.777333071411465426e+03
1.777333071411393348e+03
1.777333071411429046e+03
1.777333071411439732e+03
1.777333071411427909e+03
1.777333071411440642e+03
1.777333071411471337e+03
1.777333071411395395e+03
1.777333071411469746e+03
1.777333071411482479e+03
1.777333071411422452e+03
1.777333071411417450e+03
1.777333071411393121e+03
1.777333071411467699e+03
1.777333071411433139e+03
1.777333071411459969e+03
1.777333071411431774e+03
1.777333071411463834e+03
1.777333071411489755e+03
1.777333071411455421e+03
1.777333071411471792e+03
1.777333071411461333e+03
1.777333071411478159e+03
1.777333071411401988e+03
1.777333071411436322e+03
1.777333071411485435e+03
1.777333071411456558e+03
1.777333071411410629e+03
1.777333071411463834e+03
1.777333071411434958e+03
1.777333071411418132e+03
1.777333071411464971e+03
1.777333071411453375e+03
1.777333071411467699e+03
1.777333071411414039e+03
1.777333071411416540e+03
1.777333071411465426e+03
1.777333071411409037e+03
1.777333071411486799e+03
1.777333071411464744e+03
1.777333071411468381e+03
1.777333071411425635e+03
1.777333071411436549e+03
1.777333071411405626e+03
1.777333071411402898e+03
1.777333071411414721e+03
1.777333071411413584e+03
1.777333071411456558e+03
1.777333071411399033e+03
1.777333071411454966e+03
1.777333071411454284e+03
1.777333071411434048e+03
1.777333071411464289e+03
1.777333071411507262e+03
1.777333071411406308e+03
1.777333071411470428e+03
1.777333071411419041e+03
1.777333071411462015e+03
1.777333071411491346e+03
1.777333071411524770e+03
1.777333071411482024e+03
1.777333071411497031e+03
1.777333071411414267e+03
1.777333071411485207e+03
1.777333071411401306e+03
1.777333071411482024e+03
1.777333071411471337e+03
1.777333071411459969e+03
1.777333071411439505e+03
1.777333071411454739e+03
1.777333071411475430e+03
1.777333071411422907e+03
1.777333071411454057e+03
1.777333071411453602e+03
1.777333071411408127e+03
1.777333071411453602e+03
1.777333071411471565e+03
1.777333071411498167e+03
1.777333071411471792e+03
1.777333071411436777e+03
1.777333071411439050e+03
1.777333071411387891e+03
1.777333071411406081e+03
1.777333071411378569e+03
1.777333071411424953e+03
1.777333071411368792e+03
1.777333071411411311e+03
1.777333071411432456e+03
1.777333071411404944e+03
1.777333071411440642e+03
1.777333071411404035e+03
1.777333071411403807e+03
1.777333071411462242e+03
1.777333071411444507e+03
1.777333071411472019e+03
1.777333071411447690e+03
1.777333071411370156e+03
1.777333071411466108e+03
1.777333071411420178e+03
1.777333071411361971e+03
1.777333071411399487e+03
1.777333071411414949e+03
1.777333071411512037e+03
1.777333071411476567e+03
1.777333071411459514e+03
1.777333071411412220e+03
1.777333071411414949e+03
1.777333071411426999e+03
1.777333071411361288e+03
1.777333071411483161e+03
1.777333071411396531e+03
1.777333071411376750e+03
1.777333071411422452e+03
1.777333071411424271e+03
1.777333071411490664e+03
1.777333071411449509e+03
1.777333071411473156e+03
1.777333071411424044e+03
1.777333071411403807e+03
1.777333071411440187e+03
1.777333071411482706e+03
1.777333071411457695e+03
1.777333071411412220e+03
1.777333071411453375e+03
1.777333071411422225e+03
1.777333071411400624e+03
1.777333071411468154e+03
1.777333071411442461e+03
1.777333071411455421e+03
1.777333071411430183e+03
1.777333071411467017e+03
1.777333071411448600e+03
1.777333071411421088e+03
1.777333071411474293e+03
1.777333071411467245e+03
1.777333071411424726e+03
1.777333071411452920e+03
1.777333071411512719e+03
1.777333071411438596e+03
1.777333071411440869e+03
1.777333071411449282e+03
1.777333071411407218e+03
1.777333071411456331e+03
1.777333071411479750e+03
1.777333071411423361e+03
1.777333071411474975e+03
1.777333071411467472e+03
1.777333071411461560e+03
1.777333071411383798e+03
1.777333071411469291e+03
1.777333071411479068e+03
1.777333071411485207e+03
1.777333071411475430e+03
1.777333071411474748e+03
1.777333071411450646e+03
1.777333071411464744e+03
1.777333071411399033e+03
1.777333071411407900e+03
1.777333071411450874e+03
1.777333071411427227e+03
1.777333071411424726e+03
1.777333071411427227e+03
1.777333071411412220e+03
1.777333071411387891e+03
1.777333071411474521e+03
1.777333071411405399e+03
1.777333071411444053e+03
1.777333071411488845e+03
1.777333071411409037e+03
1.777333071411414494e+03
1.777333071411446099e+03
1.777333071411417905e+03
1.777333071411418587e+03
1.777333071411417450e+03
1.777333071411475430e+03
1.777333071411464516e+03
1.777333071411492938e+03
1.777333071411473156e+03
1.777333071411452238e+03
1.777333071411409264e+03
1.777333071411419951e+03
1.777333071411384026e+03
1.777333071411413812e+03
1.777333071411414039e+03
1.777333071411416313e+03
1.777333071411448600e+03
1.777333071411498850e+03
1.777333071411419724e+03
1.777333071411406536e+03
1.777333071411371066e+03
1.777333071411468609e+03
1.777333071411467927e+03
1.777333071411452465e+03
1.777333071411462470e+03
1.777333071411405854e+03
1.777333071411470428e+03
1.777333071411442234e+03
1.777333071411409264e+03
1.777333071411444735e+03
1.777333071411399487e+03
1.777333071411429273e+03
1.777333071411421543e+03
1.777333071411424498e+03
1.777333071411458832e+03
1.777333071411452920e+03
1.777333071411455649e+03
1.777333071411489755e+03
1.777333071411478841e+03
1.777333071411421315e+03
1.777333071411425863e+03
1.777333071411473156e+03
1.777333071411384026e+03
1.777333071411459741e+03
1.777333071411411765e+03
1.777333071411459514e+03
1.777333071411402898e+03
1.777333071411436094e+03
1.777333071411443370e+03
1.777333071411484752e+03
1.777333071411445644e+03
1.777333071411425863e+03
1.777333071411397668e+03
1.777333071411438141e+03
1.777333071411406536e+03
1.777333071411414949e+03
1.777333071411459287e+03
1.777333071411429273e+03
1.777333071411442916e+03
1.777333071411477249e+03
1.777333071411467472e+03
1.777333071411383798e+03
1.777333071411423361e+03
1.777333071411487708e+03
1.777333071411519541e+03
1.777333071411410629e+03
1.777333071411407900e+03
1.777333071411438141e+03
1.777333071411431320e+03
1.777333071411464516e+03
1.777333071411452920e+03
1.777333071411417677e+03
1.777333071411466335e+03
1.777333071411450192e+03
1.777333071411484752e+03
1.777333071411469291e+03
1.777333071411453147e+03
1.777333071411428818e+03
1.777333071411481342e+03
1.777333071411401988e+03
1.777333071411401079e+03
1.777333071411424271e+03
1.777333071411450646e+03
1.777333071411421543e+03
1.777333071411409719e+03
1.777333071411450874e+03
1.777333071411462015e+03
1.777333071411444735e+03
1.777333071411469746e+03
1.777333071411440187e+03
1.777333071411478159e+03
1.777333071411430865e+03
1.777333071411421088e+03
1.777333071411500214e+03
1.777333071411417905e+03
1.777333071411426545e+03
1.777333071411432684e+03
1.777333071411390620e+03
1.777333071411419269e+03
1.777333071411392893e+03
1.777333071411417222e+03
1.777333071411448827e+03
1.777333071411437004e+03
1.777333071411456331e+03
1.777333071411488390e+03
1.777333071411454284e+03
1.777333071411473156e+03
1.777333071411403807e+03
1.777333071411404035e+03
1.777333071411462470e+03
1.777333071411474293e+03
1.777333071411428591e+03
1.777333071411428364e+03
1.777333071411399942e+03
1.777333071411447008e+03
1.777333071411424044e+03
1.777333071411401306e+03
1.777333071411419496e+03
1.777333071411424498e+03
1.777333071411491119e+03
1.777333071411431092e+03
1.777333071411464744e+03
1.777333071411455194e+03
1.777333071411447008e+03
1.777333071411499759e+03
1.777333071411389710e+03
1.777333071411407445e+03
1.777333071411462697e+03
1.777333071411391529e+03
1.777333071411418359e+03
1.777333071411454512e+03
1.777333071411465653e+03
1.777333071411428591e+03
1.777333071411413130e+03
1.777333071411398350e+03
1.777333071411406081e+03
1.777333071411405626e+03
1.777333071411415176e+03
1.777333071411479295e+03
1.777333071411425180e+03
1.777333071411430183e+03
1.777333071411466335e+03
1.777333071411471337e+03
1.777333071411461788e+03
1.777333071411473384e+03
1.777333071411483843e+03
1.777333071411455194e+03
1.777333071411462015e+03
1.777333071411455649e+03
1.777333071411391302e+03
1.777333071411409037e+03
1.777333071411430410e+03
1.777333071411446099e+03
1.777333071411477704e+03
1.777333071411465653e+03
1.777333071411401534e+03
1.777333071411421543e+03
1.777333071411414039e+03
1.777333071411482479e+03
1.777333071411456558e+03
1.777333071411504989e+03
1.777333071411448145e+03
1.777333071411429501e+03
1.777333071411433821e+03
1.777333071411407218e+03
1.777333071411419496e+03
1.777333071411398805e+03
1.777333071411386072e+03
1.777333071411383571e+03
1.777333071411464744e+03
1.777333071411433593e+03
1.777333071411441779e+03
1.777333071411399942e+03
1.777333071411436094e+03
1.777333071411423589e+03
1.777333071411428591e+03
1.777333071411494984e+03
1.777333071411427454e+03
1.777333071411429273e+03
1.777333071411433139e+03
1.777333071411483616e+03
1.777333071411484752e+03
1.777333071411454739e+03
1.777333071411470883e+03
1.777333071411404489e+03
1.777333071411408582e+03
1.777333071411417222e+03
1.777333071411433366e+03
1.777333071411437231e+03
1.777333071411460423e+03
1.777333071411461333e+03
1.777333071411468836e+03
1.777333071411479750e+03
1.777333071411438823e+03
1.777333071411461333e+03
1.777333071411406081e+03
1.777333071411437686e+03
1.777333071411471792e+03
1.777333071411446781e+03
1.777333071411473838e+03
1.777333071411475885e+03
1.777333071411423361e+03
1.777333071411405854e+03
1.777333071411444507e+03
1.777333071411399942e+03
1.777333071411446554e+03
1.777333071411409719e+03
1.777333071411405399e+03
1.777333071411472929e+03
1.777333071411498395e+03
1.777333071411405399e+03
1.777333071411507945e+03
1.777333071411450192e+03
1.777333071411434275e+03
1.777333071411420633e+03
1.777333071411449964e+03
1.777333071411439050e+03
1.777333071411474748e+03
1.777333071411435412e+03
1.777333071411432456e+03
1.777333071411452465e+03
1.777333071411465880e+03
1.777333071411484752e+03
1.777333071411379478e+03
1.777333071411428818e+03
1.777333071411447008e+03
1.777333071411482251e+03
1.777333071411434503e+03
1.777333071411440415e+03
1.777333071411458832e+03
1.777333071411415176e+03
1.777333071411438141e+03
1.777333071411410401e+03
1.777333071411460651e+03
1.777333071411414039e+03
1.777333071411411538e+03
1.777333071411468381e+03
1.777333071411463152e+03
1.777333071411430865e+03
1.777333071411451783e+03
1.777333071411440869e+03
1.777333071411460878e+03
1.777333071411458377e+03
1.777333071411399033e+03
1.777333071411471565e+03
1.777333071411433593e+03
1.777333071411467017e+03
1.777333071411453147e+03
1.777333071411486344e+03
1.777333071411404717e+03
1.777333071411457922e+03
1.777333071411502715e+03
1.777333071411458150e+03
1.777333071411381070e+03
1.777333071411440415e+03
1.777333071411384253e+03
1.777333071411445871e+03
1.777333071411399487e+03
1.777333071411463152e+03
1.777333071411426999e+03
1.777333071411470883e+03
1.777333071411456785e+03
1.777333071411457240e+03
1.777333071411440187e+03
1.777333071411452920e+03
1.777333071411502033e+03
1.777333071411420406e+03
1.777333071411449964e+03
1.777333071411419951e+03
1.777333071411451783e+03
1.777333071411478841e+03
1.777333071411477022e+03
1.777333071411384481e+03
1.777333071411410856e+03
1.777333071411459741e+03
1.777333071411432684e+03
1.777333071411512037e+03
1.777333071411406308e+03
1.777333071411451783e+03
1.777333071411421315e+03
1.777333071411396077e+03
1.777333071411465198e+03
1.777333071411489755e+03
1.777333071411440642e+03
1.777333071411401079e+03
1.777333071411447690e+03
1.777333071411447690e+03
1.777333071411417905e+03
1.777333071411424953e+03
1.777333071411429955e+03
1.777333071411487708e+03
1.777333071411395167e+03
1.777333071411497713e+03
1.777333071411415403e+03
1.777333071411519768e+03
1.777333071411450192e+03
1.777333071411425863e+03
1.777333071411423816e+03
1.777333071411423134e+03
1.777333071411469973e+03
1.777333071411423361e+03
1.777333071411471337e+03
1.777333071411427682e+03
1.777333071411421997e+03
1.777333071411449737e+03
1.777333071411418814e+03
1.777333071411465198e+03
1.777333071411475657e+03
1.777333071411461560e+03
1.777333071411458377e+03
1.777333071411503170e+03
1.777333071411427909e+03
1.777333071411448827e+03
1.777333071411408127e+03
1.777333071411431547e+03
1.777333071411441779e+03
1.777333071411389028e+03
1.777333071411392893e+03
1.777333071411478613e+03
1.777333071411453602e+03
1.777333071411424953e+03
1.777333071411456103e+03
1.777333071411423134e+03
1.777333071411411993e+03
1.777333071411402898e+03
1.777333071411419269e+03
1.777333071411405399e+03
1.777333071411425635e+03
1.777333071411431774e+03
1.777333071411386527e+03
1.777333071411409946e+03
1.777333071411437913e+03
1.777333071411425863e+03
1.777333071411426999e+03
1.777333071411448600e+03
1.777333071411460423e+03
1.777333071411440642e+03
1.777333071411453147e+03
1.777333071411472247e+03
1.777333071411433593e+03
1.777333071411432684e+03
1.777333071411508399e+03
1.777333071411466790e+03
1.777333071411434275e+03
1.777333071411415176e+03
1.777333071411363790e+03
1.777333071411396986e+03
1.777333071411439732e+03
1.777333071411442688e+03
1.777333071411469291e+03
1.777333071411416540e+03
1.777333071411441097e+03
1.777333071411399942e+03
1.777333071411466790e+03
1.777333071411471565e+03
1.777333071411410856e+03
1.777333071411450192e+03
1.777333071411480205e+03
1.777333071411466562e+03
1.777333071411413812e+03
1.777333071411426772e+03
1.777333071411390620e+03
1.777333071411472929e+03
1.777333071411495894e+03
1.777333071411486571e+03
1.777333071411472247e+03
1.777333071411467472e+03
1.777333071411494075e+03
1.777333071411411538e+03
1.777333071411522042e+03
1.777333071411409037e+03
1.777333071411468154e+03
1.777333071411407673e+03
1.777333071411469291e+03
1.777333071411456558e+03
1.777333071411461788e+03
1.777333071411392439e+03
1.777333071411439732e+03
1.777333071411502260e+03
1.777333071411389938e+03
1.777333071411459741e+03
1.777333071411445871e+03
1.777333071411471337e+03
1.777333071411470655e+03
1.777333071411445189e+03
1.777333071411462242e+03
1.777333071411444053e+03
1.777333071411459059e+03
1.777333071411375613e+03
1.777333071411408355e+03
1.777333071411467472e+03
1.777333071411474748e+03
1.777333071411393348e+03
1.777333071411423134e+03
1.777333071411445871e+03
1.777333071411477249e+03
1.777333071411490209e+03
1.777333071411431774e+03
1.777333071411411083e+03
1.777333071411419041e+03
1.777333071411445871e+03
1.777333071411466790e+03
1.777333071411432684e+03
1.777333071411448600e+03
1.777333071411472247e+03
1.777333071411489982e+03
1.777333071411462242e+03
1.777333071411439505e+03
1.777333071411426090e+03
1.777333071411493620e+03
1.777333071411450646e+03
1.777333071411496803e+03
1.777333071411456785e+03
1.777333071411476567e+03
1.777333071411470883e+03
1.777333071411474521e+03
1.777333071411421770e+03
1.777333071411473611e+03
1.777333071411476794e+03
1.777333071411431320e+03
1.777333071411469291e+03
1.777333071411455649e+03
1.777333071411435640e+03
1.777333071411380615e+03
1.777333071411463379e+03
1.777333071411387891e+03
1.777333071411461106e+03
1.777333071411405854e+03
1.777333071411471565e+03
1.777333071411457013e+03
1.777333071411429273e+03
1.777333071411422225e+03
1.777333071411466335e+03
1.777333071411408810e+03
1.777333071411451328e+03
1.777333071411515675e+03
1.777333071411468381e+03
1.777333071411422679e+03
1.777333071411424271e+03
1.777333071411417905e+03
1.777333071411428591e+03
1.777333071411424726e+03
1.777333071411419269e+03
1.777333071411491119e+03
1.777333071411404944e+03
1.777333071411462242e+03
1.777333071411466562e+03
1.777333071411448373e+03
1.777333071411442688e+03
1.777333071411405172e+03
1.777333071411471337e+03
1.777333071411415403e+03
1.777333071411465426e+03
1.777333071411423816e+03
1.777333071411458150e+03
1.777333071411466108e+03
1.777333071411430637e+03
1.777333071411415858e+03
1.777333071411432456e+03
1.777333071411448373e+03
1.777333071411471565e+03
1.777333071411419951e+03
1.777333071411427227e+03
1.777333071411367200e+03
1.777333071411483161e+03
1.777333071411388119e+03
1.777333071411516357e+03
1.777333071411439278e+03
1.777333071411385845e+03
1.777333071411421543e+03
1.777333071411392439e+03
1.777333071411397214e+03
1.777333071411484070e+03
1.777333071411410174e+03
1.777333071411428818e+03
1.777333071411426090e+03
1.777333071411411083e+03
1.777333071411456785e+03
1.777333071411404944e+03
1.777333071411399033e+03
1.777333071411446326e+03
1.777333071411414494e+03
1.777333071411447236e+03
1.777333071411449737e+03
1.777333071411470883e+03
1.777333071411399715e+03
1.777333071411419269e+03
1.777333071411488390e+03
1.777333071411502260e+03
1.777333071411427227e+03
1.777333071411444280e+03
1.777333071411389255e+03
1.777333071411432911e+03
1.777333071411449055e+03
1.777333071411415403e+03
1.777333071411452465e+03
1.777333071411450419e+03
1.777333071411415631e+03
1.777333071411497940e+03
1.777333071411492483e+03
1.777333071411401761e+03
1.777333071411438368e+03
1.777333071411394712e+03
1.777333071411493847e+03
1.777333071411456103e+03
1.777333071411429046e+03
1.777333071411448827e+03
1.777333071411433366e+03
1.777333071411424726e+03
1.777333071411429728e+03
1.777333071411462015e+03
1.777333071411363107e+03
1.777333071411470883e+03
1.777333071411425635e+03
1.777333071411406081e+03
1.777333071411474521e+03
1.777333071411440642e+03
1.777333071411427454e+03
1.777333071411458604e+03
1.777333071411469064e+03
1.777333071411423816e+03
1.777333071411478386e+03
1.777333071411405399e+03
1.777333071411432229e+03
1.777333071411414039e+03
1.777333071411471337e+03
1.777333071411407900e+03
1.777333071411466108e+03
1.777333071411424498e+03
1.777333071411449055e+03
1.777333071411434730e+03
1.777333071411408127e+03
1.777333071411430183e+03
1.777333071411458604e+03
1.777333071411456331e+03
1.777333071411463607e+03
1.777333071411482024e+03
1.777333071411477022e+03
1.777333071411406308e+03
1.777333071411400624e+03
1.777333071411520450e+03
1.777333071411431774e+03
1.777333071411428818e+03
1.777333071411466335e+03
1.777333071411409037e+03
1.777333071411469064e+03
1.777333071411459741e+03
1.777333071411492028e+03
1.777333071411452465e+03
1.777333071411333776e+03
1.777333071411436777e+03
1.777333071411515675e+03
1.777333071411425863e+03
1.777333071411460878e+03
1.777333071411497258e+03
1.777333071411393348e+03
1.777333071411429046e+03
1.777333071411445417e+03
1.777333071411452238e+03
1.777333071411410629e+03
1.777333071411480887e+03
1.777333071411447463e+03
1.777333071411420406e+03
1.777333071411337414e+03
1.777333071411469973e+03
1.777333071411401079e+03
1.777333071411464744e+03
1.777333071411345827e+03
1.777333071411418132e+03
1.777333071411452693e+03
1.777333071411414267e+03
1.777333071411415403e+03
1.777333071411465653e+03
1.777333071411416313e+03
1.777333071411491346e+03
1.777333071411431547e+03
1.777333071411404944e+03
1.777333071411401534e+03
1.777333071411454512e+03
1.777333071411481797e+03
1.777333071411411083e+03
1.777333071411415403e+03
1.777333071411383344e+03
1.777333071411430410e+03
1.777333071411424498e+03
1.777333071411459287e+03
1.777333071411446781e+03
1.777333071411405172e+03
1.777333071411468836e+03
1.777333071411443825e+03
1.777333071411444962e+03
1.777333071411382662e+03
1.777333071411502033e+03
1.777333071411389255e+03
1.777333071411439505e+03
1.777333071411384253e+03
1.777333071411481114e+03
1.777333071411418814e+03
1.777333071411413130e+03
1.777333071411406536e+03
1.777333071411446099e+03
1.777333071411462015e+03
1.777333071411422679e+03
1.777333071411465880e+03
1.777333071411424498e+03
1.777333071411405399e+03
1.777333071411455649e+03
1.777333071411511810e+03
1.777333071411453375e+03
1.777333071411422679e+03
1.777333071411443370e+03
1.777333071411391757e+03
1.777333071411437231e+03
1.777333071411467927e+03
1.777333071411457240e+03
1.777333071411428364e+03
1.777333071411420633e+03
1.777333071411460878e+03
1.777333071411484525e+03
1.777333071411466562e+03
1.777333071411473156e+03
1.777333071411462015e+03
1.777333071411472247e+03
1.777333071411395622e+03
1.777333071411373112e+03
1.777333071411419496e+03
1.777333071411431092e+03
1.777333071411464516e+03
1.777333071411438141e+03
1.777333071411389710e+03
1.777333071411422679e+03
1.777333071411477704e+03
1.777333071411454284e+03
1.777333071411429955e+03
1.777333071411472019e+03
1.777333071411362198e+03
1.777333071411462697e+03
1.777333071411447690e+03
1.777333071411412902e+03
1.777333071411487481e+03
1.777333071411463607e+03
1.777333071411487481e+03
1.777333071411466790e+03
1.777333071411456331e+03
1.777333071411433821e+03
1.777333071411464744e+03
1.777333071411465426e+03
1.777333071411454966e+03
1.777333071411421770e+03
1.777333071411454057e+03
1.777333071411441097e+03
1.777333071411440869e+03
1.777333071411397214e+03
1.777333071411438596e+03
1.777333071411461333e+03
1.777333071411411765e+03
1.777333071411431547e+03
1.777333071411409037e+03
1.777333071411375158e+03
1.777333071411425408e+03
1.777333071411449737e+03
1.777333071411426545e+03
1.777333071411482933e+03
1.777333071411462470e+03
1.777333071411418359e+03
1.777333071411491801e+03
1.777333071411407673e+03
1.777333071411387209e+03
1.777333071411420178e+03
1.777333071411421997e+03
1.777333071411397214e+03
1.777333071411475885e+03
1.777333071411474521e+03
1.777333071411461788e+03
1.777333071411436322e+03
1.777333071411397668e+03
1.777333071411434958e+03
1.777333071411464971e+03
1.777333071411475203e+03
1.777333071411464971e+03
1.777333071411408355e+03
1.777333071411496803e+03
1.777333071411506580e+03
1.777333071411456785e+03
1.777333071411410174e+03
1.777333071411431547e+03
1.777333071411415631e+03
1.777333071411465653e+03
1.777333071411446781e+03
1.777333071411523633e+03
1.777333071411431774e+03
1.777333071411436094e+03
1.777333071411459059e+03
1.777333071411465426e+03
1.777333071411434275e+03
1.777333071411457240e+03
1.777333071411417222e+03
1.777333071411430637e+03
1.777333071411467927e+03
1.777333071411495894e+03
1.777333071411455421e+03
1.777333071411404035e+03
1.777333071411449055e+03
1.777333071411476794e+03
1.777333071411369474e+03
1.777333071411471110e+03
1.777333071411462015e+03
1.777333071411392893e+03
1.777333071411394030e+03
1.777333071411503852e+03
1.777333071411416768e+03
1.777333071411423361e+03
1.777333071411408810e+03
1.777333071411364017e+03
1.777333071411428136e+03
1.777333071411426317e+03
1.777333071411411538e+03
1.777333071411434958e+03
1.777333071411425635e+03
1.777333071411450646e+03
1.777333071411405626e+03
1.777333071411464971e+03
1.777333071411434730e+03
1.777333071411470655e+03
1.777333071411398123e+03
1.777333071411445871e+03
1.777333071411456558e+03
1.777333071411468609e+03
1.777333071411474293e+03
1.777333071411419269e+03
1.777333071411456103e+03
1.777333071411451556e+03
1.777333071411392439e+03
1.777333071411459059e+03
1.777333071411390620e+03
1.777333071411462242e+03
1.777333071411403807e+03
1.777333071411429046e+03
1.777333071411477022e+03
1.777333071411439960e+03
1.777333071411463834e+03
1.777333071411477022e+03
1.777333071411414949e+03
1.777333071411502260e+03
1.777333071411413584e+03
1.777333071411453602e+03
1.777333071411450192e+03
1.777333071411404489e+03
1.777333071411497713e+03
1.777333071411429955e+03
1.777333071411418587e+03
1.777333071411471110e+03
1.777333071411410174e+03
1.777333071411399260e+03
1.777333071411467699e+03
1.777333071411423361e+03
1.777333071411452693e+03
1.777333071411449964e+03
1.777333071411416540e+03
1.777333071411416540e+03
1.777333071411515903e+03
1.777333071411421315e+03
1.777333071411467245e+03
1.777333071411469973e+03
1.777333071411409946e+03
1.777333071411432456e+03
1.777333071411402670e+03
1.777333071411472702e+03
1.777333071411401306e+03
1.777333071411474293e+03
1.777333071411454966e+03
1.777333071411460196e+03
1.777333071411462015e+03
1.777333071411459741e+03
1.777333071411398805e+03
1.777333071411472702e+03
1.777333071411438823e+03
1.777333071411474521e+03
1.777333071411440187e+03
1.777333071411463607e+03
1.777333071411440415e+03
1.777333071411401079e+03
1.777333071411416540e+03
1.777333071411472929e+03
1.777333071411454284e+03
1.777333071411506126e+03
1.777333071411399033e+03
1.777333071411427227e+03
1.777333071411467472e+03
1.777333071411419496e+03
1.777333071411452011e+03
1.777333071411457013e+03
1.777333071411425863e+03
1.777333071411415858e+03
1.777333071411429501e+03
1.777333071411414267e+03
1.777333071411445417e+03
1.777333071411455194e+03
1.777333071411442688e+03
1.777333071411467017e+03
1.777333071411414949e+03
1.777333071411426545e+03
1.777333071411389483e+03
1.777333071411482479e+03
1.777333071411434958e+03
1.777333071411465426e+03
1.777333071411439278e+03
1.777333071411400852e+03
1.777333071411458604e+03
1.777333071411421315e+03
1.777333071411398578e+03
1.777333071411394258e+03
1.777333071411427227e+03
1.777333071411441324e+03
1.777333071411424498e+03
1.777333071411374704e+03
1.777333071411464971e+03
1.777333071411424726e+03
1.777333071411418359e+03
1.777333071411390165e+03
1.777333071411408582e+03
1.777333071411424498e+03
1.777333071411419041e+03
1.777333071411431547e+03
1.777333071411459287e+03
1.777333071411389255e+03
1.777333071411419951e+03
1.777333071411415631e+03
1.777333071411476112e+03
1.777333071411466335e+03
1.777333071411424271e+03
1.777333071411472019e+03
1.777333071411463607e+03
1.777333071411496803e+03
1.777333071411471792e+03
1.777333071411462925e+03
1.777333071411435640e+03
1.777333071411488390e+03
1.777333071411483616e+03
1.777333071411408810e+03
1.777333071411401306e+03
1.777333071411445189e+03
1.777333071411449282e+03
1.777333071411434503e+03
1.777333071411474748e+03
1.777333071411422679e+03
1.777333071411416086e+03
1.777333071411479978e+03
1.777333071411405172e+03
1.777333071411464971e+03
1.777333071411490891e+03
1.777333071411406763e+03
1.777333071411477476e+03
1.777333071411409264e+03
1.777333071411422907e+03
1.777333071411404262e+03
1.777333071411465198e+03
1.777333071411435867e+03
1.777333071411412902e+03
1.777333071411412220e+03
1.777333071411424726e+03
1.777333071411451328e+03
1.777333071411460878e+03
1.777333071411472929e+03
1.777333071411400169e+03
1.777333071411406536e+03
1.777333071411447918e+03
1.777333071411484070e+03
1.777333071411476340e+03
1.777333071411383116e+03
1.777333071411459741e+03
1.777333071411412675e+03
1.777333071411430865e+03
1.777333071411484070e+03
1.777333071411470428e+03
1.777333071411435867e+03
1.777333071411455649e+03
1.777333071411426999e+03
1.777333071411395849e+03
1.777333071411443825e+03
1.777333071411411765e+03
1.777333071411397668e+03
1.777333071411416768e+03
1.777333071411465880e+03
1.777333071411423134e+03
1.777333071411450874e+03
1.777333071411397441e+03
1.777333071411424953e+03
1.777333071411382434e+03
1.777333071411459059e+03
1.777333071411411311e+03
1.777333071411431774e+03
1.777333071411416540e+03
1.777333071411416995e+03
1.777333071411451783e+03
1.777333071411501123e+03
1.777333071411454512e+03
1.777333071411382662e+03
1.777333071411454966e+03
1.777333071411464971e+03
1.777333071411418359e+03
1.777333071411400852e+03
1.777333071411417450e+03
1.777333071411465426e+03
1.777333071411452693e+03
1.777333071411463607e+03
1.777333071411474293e+03
1.777333071411451556e+03
1.777333071411387891e+03
1.777333071411483161e+03
1.777333071411463152e+03
1.777333071411416995e+03
1.777333071411398123e+03
1.777333071411434730e+03
1.777333071411485889e+03
1.777333071411396759e+03
1.777333071411412902e+03
1.777333071411454966e+03
1.777333071411507490e+03
1.777333071411461333e+03
1.777333071411464289e+03
1.777333071411431320e+03
1.777333071411479068e+03
1.777333071411488163e+03
1.777333071411424498e+03
1.777333071411426772e+03
1.777333071411429501e+03
1.777333071411491346e+03
1.777333071411449509e+03
1.777333071411367882e+03
1.777333071411433821e+03
1.777333071411424498e+03
1.777333071411409037e+03
1.777333071411452238e+03
1.777333071411465880e+03
1.777333071411440415e+03
1.777333071411416540e+03
1.777333071411432456e+03
1.777333071411424726e+03
1.777333071411473838e+03
1.777333071411395167e+03
1.777333071411386527e+03
1.777333071411498167e+03
1.777333071411489300e+03
1.777333071411495439e+03
1.777333071411426772e+03
1.777333071411435640e+03
1.777333071411415631e+03
1.777333071411490664e+03
1.777333071411498622e+03
1.777333071411437686e+03
1.777333071411478613e+03
1.777333071411417905e+03
1.777333071411401988e+03
1.777333071411431774e+03
1.777333071411411765e+03
1.777333071411458150e+03
1.777333071411420178e+03
1.777333071411442234e+03
1.777333071411475657e+03
1.777333071411429046e+03
1.777333071411464061e+03
1.777333071411410174e+03
1.777333071411406308e+03
1.777333071411432002e+03
1.777333071411429273e+03
1.777333071411430637e+03
1.777333071411412448e+03
1.777333071411458832e+03
1.777333071411477931e+03
1.777333071411506808e+03
1.777333071411417677e+03
1.777333071411444507e+03
1.777333071411455649e+03
1.777333071411460196e+03
1.777333071411434048e+03
1.777333071411456785e+03
1.777333071411470655e+03
1.777333071411472019e+03
1.777333071411419496e+03
1.777333071411478841e+03
1.777333071411471337e+03
1.777333071411435867e+03
1.777333071411444507e+03
1.777333071411430410e+03
1.777333071411493393e+03
1.777333071411461106e+03
1.777333071411475430e+03
1.777333071411415631e+03
1.777333071411473384e+03
1.777333071411460423e+03
1.777333071411465198e+03
1.777333071411439732e+03
1.777333071411439960e+03
1.777333071411417677e+03
1.777333071411414949e+03
1.777333071411390847e+03
1.777333071411480660e+03
1.777333071411464289e+03
1.777333071411459287e+03
1.777333071411484298e+03
1.777333071411441779e+03
1.777333071411392893e+03
1.777333071411425408e+03
1.777333071411421315e+03
1.777333071411371293e+03
1.777333071411440415e+03
1.777333071411452920e+03
1.777333071411462015e+03
1.777333071411406308e+03
1.777333071411443825e+03
1.777333071411400624e+03
1.777333071411475885e+03
1.777333071411436549e+03
1.777333071411473838e+03
1.777333071411436777e+03
1.777333071411359015e+03
1.777333071411460196e+03
1.777333071411429273e+03
1.777333071411403580e+03
1.777333071411369701e+03
1.777333071411476340e+03
1.777333071411456785e+03
1.777333071411471337e+03
1.777333071411483388e+03
1.777333071411426317e+03
1.777333071411404035e+03
1.777333071411390847e+03
1.777333071411452465e+03
1.777333071411477931e+03
1.777333071411474066e+03
1.777333071411484752e+03
1.777333071411404944e+03
1.777333071411459287e+03
1.777333071411444735e+03
1.777333071411405854e+03
1.777333071411425863e+03
1.777333071411501578e+03
1.777333071411461788e+03
1.777333071411440869e+03
1.777333071411463379e+03
1.777333071411460651e+03
1.777333071411383571e+03
1.777333071411400169e+03
1.777333071411470883e+03
1.777333071411494529e+03
1.777333071411373339e+03
1.777333071411430183e+03
1.777333071411475657e+03
1.777333071411416768e+03
1.777333071411423589e+03
1.777333071411456785e+03
1.777333071411386300e+03
1.777333071411482479e+03
1.777333071411410856e+03
1.777333071411497713e+03
1.777333071411486799e+03
1.777333071411451556e+03
1.777333071411483388e+03
1.777333071411479978e+03
1.777333071411426999e+03
1.777333071411423134e+03
1.777333071411506353e+03
1.777333071411404035e+03
1.777333071411378342e+03
1.777333071411452693e+03
1.777333071411426317e+03
1.777333071411470655e+03
1.777333071411392893e+03
1.777333071411469291e+03
1.777333071411435412e+03
1.777333071411439278e+03
1.777333071411432229e+03
1.777333071411429046e+03
1.777333071411464744e+03
1.777333071411404944e+03
1.777333071411391984e+03
1.777333071411410856e+03
1.777333071411454739e+03
1.777333071411407900e+03
1.777333071411474975e+03
1.777333071411424498e+03
1.777333071411430637e+03
1.777333071411414949e+03
1.777333071411426999e+03
1.777333071411497031e+03
1.777333071411402670e+03
1.777333071411459059e+03
1.777333071411448600e+03
1.777333071411417222e+03
1.777333071411393803e+03
1.777333071411497485e+03
1.777333071411486799e+03
1.777333071411435185e+03
1.777333071411426999e+03
1.777333071411408355e+03
1.777333071411453602e+03
1.777333071411395849e+03
1.777333071411422679e+03
1.777333071411364926e+03
1.777333071411498395e+03
1.777333071411464289e+03
1.777333071411477022e+03
1.777333071411438596e+03
1.777333071411399033e+03
1.777333071411469746e+03
1.777333071411418132e+03
1.777333071411394940e+03
1.777333071411481797e+03
1.777333071411462697e+03
1.777333071411429728e+03
1.777333071411467017e+03
1.777333071411508172e+03
1.777333071411434275e+03
1.777333071411484525e+03
1.777333071411430637e+03
1.777333071411447463e+03
1.777333071411441324e+03
1.777333071411429955e+03
1.777333071411437231e+03
1.777333071411481342e+03
1.777333071411407900e+03
1.777333071411471337e+03
1.777333071411450419e+03
1.777333071411459969e+03
1.777333071411430410e+03
1.777333071411409037e+03
1.777333071411428136e+03
1.777333071411426772e+03
1.777333071411493393e+03
1.777333071411411993e+03
1.777333071411432002e+03
1.777333071411503170e+03
1.777333071411448373e+03
1.777333071411476567e+03
1.777333071411395395e+03
1.777333071411414494e+03
1.777333071411441779e+03
1.777333071411415403e+03
1.777333071411434048e+03
1.777333071411425180e+03
1.777333071411419951e+03
1.777333071411438368e+03
1.777333071411478613e+03
1.777333071411471565e+03
1.777333071411421997e+03
1.777333071411394030e+03
1.777333071411489072e+03
1.777333071411442234e+03
1.777333071411459287e+03
1.777333071411438368e+03
1.777333071411430183e+03
1.777333071411439278e+03
1.777333071411473611e+03
1.777333071411440642e+03
1.777333071411460878e+03
1.777333071411425408e+03
1.777333071411450419e+03
1.777333071411481342e+03
1.777333071411457922e+03
1.777333071411423134e+03
1.777333071411395395e+03
1.777333071411483843e+03
1.777333071411444280e+03
1.777333071411445417e+03
1.777333071411469973e+03
1.777333071411444053e+03
1.777333071411459969e+03
1.777333071411441779e+03
1.777333071411397896e+03
1.777333071411382889e+03
1.777333071411448600e+03
1.777333071411500441e+03
1.777333071411427454e+03
1.777333071411431774e+03
1.777333071411500669e+03
1.777333071411507717e+03
1.777333071411463152e+03
1.777333071411523633e+03
1.777333071411463152e+03
1.777333071411441097e+03
1.777333071411394258e+03
1.777333071411433593e+03
1.777333071411430865e+03
1.777333071411482706e+03
1.777333071411406991e+03
1.777333071411416540e+03
1.777333071411449737e+03
1.777333071411430865e+03
1.777333071411396986e+03
1.777333071411444962e+03
1.777333071411475885e+03
1.777333071411454966e+03
1.777333071411484752e+03
1.777333071411424726e+03
1.777333071411435867e+03
1.777333071411423361e+03
1.777333071411470655e+03
1.777333071411488390e+03
1.777333071411403580e+03
1.777333071411398350e+03
1.777333071411469973e+03
1.777333071411446099e+03
1.777333071411394030e+03
1.777333071411392893e+03
1.777333071411478386e+03
1.777333071411418814e+03
1.777333071411465426e+03
1.777333071411483616e+03
1.777333071411495212e+03
1.777333071411498850e+03
1.777333071411421088e+03
1.777333071411467699e+03
1.777333071411412448e+03
1.777333071411434048e+03
1.777333071411465880e+03
1.777333071411414721e+03
1.777333071411423589e+03
1.777333071411424271e+03
1.777333071411410856e+03
1.777333071411466790e+03
1.777333071411478613e+03
1.777333071411430637e+03
1.777333071411472247e+03
1.777333071411394030e+03
1.777333071411424498e+03
1.777333071411465198e+03
1.777333071411385163e+03
1.777333071411426090e+03
1.777333071411439732e+03
1.777333071411466790e+03
1.777333071411457695e+03
1.777333071411500441e+03
1.777333071411434730e+03
1.777333071411436549e+03
1.777333071411431547e+03
1.777333071411421770e+03
1.777333071411418587e+03
1.777333071411399487e+03
1.777333071411464289e+03
1.777333071411435640e+03
1.777333071411424953e+03
1.777333071411435640e+03
1.777333071411409719e+03
1.777333071411460651e+03
1.777333071411451328e+03
1.777333071411481342e+03
1.777333071411458150e+03
1.777333071411438368e+03
1.777333071411414267e+03
1.777333071411391984e+03
1.777333071411405399e+03
1.777333071411409037e+03
1.777333071411446099e+03
1.777333071411428818e+03
1.777333071411405172e+03
1.777333071411413130e+03
1.777333071411411765e+03
1.777333071411470200e+03
1.777333071411467245e+03
1.777333071411424271e+03
1.777333071411489300e+03
1.777333071411412220e+03
1.777333071411465198e+03
1.777333071411467472e+03
1.777333071411470883e+03
1.777333071411423134e+03
1.777333071411450874e+03
1.777333071411413130e+03
1.777333071411453375e+03
1.777333071411511582e+03
1.777333071411381979e+03
1.777333071411498167e+03
1.777333071411436777e+03
1.777333071411514993e+03
1.777333071411449737e+03
1.777333071411462015e+03
1.777333071411425635e+03
1.777333071411459059e+03
1.777333071411493165e+03
1.777333071411423816e+03
1.777333071411455194e+03
1.777333071411414267e+03
1.777333071411434048e+03
1.777333071411425408e+03
1.777333071411444280e+03
1.777333071411470883e+03
1.777333071411423589e+03
1.777333071411476112e+03
1.777333071411471337e+03
1.777333071411463379e+03
1.777333071411453830e+03
1.777333071411427227e+03
1.777333071411419496e+03
1.777333071411433139e+03
1.777333071411440187e+03
1.777333071411467699e+03
1.777333071411398805e+03
1.777333071411476567e+03
1.777333071411434730e+03
1.777333071411378114e+03
1.777333071411431547e+03
1.777333071411412902e+03
1.777333071411444053e+03
1.777333071411528636e+03
1.777333071411417905e+03
1.777333071411500441e+03
1.777333071411394940e+03
1.777333071411426772e+03
1.777333071411438823e+03
1.777333071411468609e+03
1.777333071411405854e+03
1.777333071411412675e+03
1.777333071411409946e+03
1.777333071411381070e+03
1.777333071411388119e+03
1.777333071411500214e+03
1.777333071411424953e+03
1.777333071411422907e+03
1.777333071411445417e+03
1.777333071411492483e+03
1.777333071411461560e+03
1.777333071411438823e+03
1.777333071411406536e+03
1.777333071411444280e+03
1.777333071411417677e+03
1.777333071411396531e+03
1.777333071411414494e+03
1.777333071411418132e+03
1.777333071411470655e+03
1.777333071411505216e+03
1.777333071411422225e+03
1.777333071411440187e+03
1.777333071411457468e+03
1.777333071411411311e+03
1.777333071411450646e+03
1.777333071411405854e+03
1.777333071411445871e+03
1.777333071411442234e+03
1.777333071411436549e+03
1.777333071411476112e+03
1.777333071411457695e+03
1.777333071411470200e+03
1.777333071411463152e+03
1.777333071411390847e+03
1.777333071411429501e+03
1.777333071411410174e+03
1.777333071411447918e+03
1.777333071411411311e+03
1.777333071411463152e+03
1.777333071411442688e+03
1.777333071411456785e+03
1.777333071411456331e+03
1.777333071411389938e+03
1.777333071411482479e+03
1.777333071411365381e+03
1.777333071411431320e+03
1.777333071411446099e+03
1.777333071411459741e+03
1.777333071411414721e+03
1.777333071411415858e+03
1.777333071411491574e+03
1.777333071411485207e+03
1.777333071411393803e+03
1.777333071411444962e+03
1.777333071411399260e+03
1.777333071411474293e+03
1.777333071411466562e+03
1.777333071411412220e+03
1.777333071411383798e+03
1.777333071411434048e+03
1.777333071411424726e+03
1.777333071411464516e+03
1.777333071411493165e+03
1.777333071411468836e+03
1.777333071411430865e+03
1.777333071411392211e+03
1.777333071411474293e+03
1.777333071411468381e+03
1.777333071411412220e+03
1.777333071411441324e+03
1.777333071411411538e+03
1.777333071411418359e+03
1.777333071411424726e+03
1.777333071411455421e+03
1.777333071411470883e+03
1.777333071411423361e+03
1.777333071411435185e+03
1.777333071411425408e+03
1.777333071411411538e+03
1.777333071411441551e+03
1.777333071411452920e+03
1.777333071411459287e+03
1.777333071411460878e+03
1.777333071411438823e+03
1.777333071411456103e+03
1.777333071411419724e+03
1.777333071411463607e+03
1.777333071411406763e+03
1.777333071411495666e+03
1.777333071411467017e+03
1.777333071411401079e+03
1.777333071411441551e+03
1.777333071411397441e+03
1.777333071411489072e+03
1.777333071411472929e+03
1.777333071411464744e+03
1.777333071411422225e+03
1.777333071411475657e+03
1.777333071411399942e+03
1.777333071411433593e+03
1.777333071411466790e+03
1.777333071411432911e+03
1.777333071411430183e+03
1.777333071411462925e+03
1.777333071411388346e+03
1.777333071411424044e+03
1.777333071411467927e+03
1.777333071411477704e+03
1.777333071411491119e+03
1.777333071411410401e+03
1.777333071411426317e+03
1.777333071411452465e+03
1.777333071411485207e+03
1.777333071411419269e+03
1.777333071411459059e+03
1.777333071411504079e+03
1.777333071411484980e+03
1.777333071411441097e+03
1.777333071411435640e+03
1.777333071411425863e+03
1.777333071411476112e+03
1.777333071411478386e+03
1.777333071411473156e+03
1.777333071411483161e+03
1.777333071411456785e+03
1.777333071411489527e+03
1.777333071411366745e+03
1.777333071411451328e+03
1.777333071411393576e+03
1.777333071411449055e+03
1.777333071411468609e+03
1.777333071411395622e+03
1.777333071411448600e+03
1.777333071411396986e+03
1.777333071411417677e+03
1.777333071411471110e+03
1.777333071411475430e+03
1.777333071411437913e+03
1.777333071411385845e+03
1.777333071411461788e+03
1.777333071411444735e+03
1.777333071411425635e+03
1.777333071411459969e+03
1.777333071411433593e+03
1.777333071411424953e+03
1.777333071411411311e+03
1.777333071411498622e+03
1.777333071411497940e+03
1.777333071411447690e+03
1.777333071411460423e+03
1.777333071411426999e+03
1.777333071411424726e+03
1.777333071411436322e+03
1.777333071411412448e+03
1.777333071411413130e+03
1.777333071411486117e+03
1.777333071411394940e+03
1.777333071411421088e+03
1.777333071411418359e+03
1.777333071411439050e+03
1.777333071411459059e+03
1.777333071411433593e+03
1.777333071411517039e+03
1.777333071411392666e+03
1.777333071411482024e+03
1.777333071411460878e+03
1.777333071411420178e+03
1.777333071411417905e+03
1.777333071411442916e+03
1.777333071411451556e+03
1.777333071411446326e+03
1.777333071411424271e+03
1.777333071411467245e+03
1.777333071411456558e+03
1.777333071411410174e+03
1.777333071411522496e+03
1.777333071411417450e+03
1.777333071411414267e+03
1.777333071411400397e+03
1.777333071411417222e+03
1.777333071411446781e+03
1.777333071411445644e+03
1.777333071411407673e+03
1.777333071411469291e+03
1.777333071411460196e+03
1.777333071411439732e+03
1.777333071411435185e+03
1.777333071411387209e+03
1.777333071411455194e+03
1.777333071411447690e+03
1.777333071411414494e+03
1.777333071411476567e+03
1.777333071411454512e+03
1.777333071411433366e+03
1.777333071411438368e+03
1.777333071411418359e+03
1.777333071411469518e+03
1.777333071411472929e+03
1.777333071411508399e+03
1.777333071411444507e+03
1.777333071411464971e+03
1.777333071411514993e+03
1.777333071411482024e+03
1.777333071411383798e+03
1.777333071411434275e+03
1.777333071411406763e+03
1.777333071411476794e+03
1.777333071411442688e+03
1.777333071411427682e+03
1.777333071411458832e+03
1.777333071411371748e+03
1.777333071411420633e+03
1.777333071411420178e+03
1.777333071411381070e+03
1.777333071411437459e+03
1.777333071411410174e+03
1.777333071411450646e+03
1.777333071411415631e+03
1.777333071411421997e+03
1.777333071411447463e+03
1.777333071411417222e+03
1.777333071411477022e+03
1.777333071411430183e+03
1.777333071411471565e+03
1.777333071411438368e+03
1.777333071411496121e+03
1.777333071411443598e+03
1.777333071411424726e+03
1.777333071411464289e+03
1.777333071411473838e+03
1.777333071411466790e+03
1.777333071411452465e+03
1.777333071411440415e+03
1.777333071411481569e+03
1.777333071411423134e+03
1.777333071411458832e+03
1.777333071411386982e+03
1.777333071411464744e+03
1.777333071411419041e+03
1.777333071411386754e+03
1.777333071411424044e+03
1.777333071411475885e+03
1.777333071411500896e+03
1.777333071411454284e+03
1.777333071411477249e+03
1.777333071411408810e+03
1.777333071411401761e+03
1.777333071411438596e+03
1.777333071411409946e+03
1.777333071411424498e+03
1.777333071411379024e+03
1.777333071411423589e+03
1.777333071411462242e+03
1.777333071411482933e+03
1.777333071411461788e+03
1.777333071411449509e+03
1.777333071411474748e+03
1.777333071411507717e+03
1.777333071411419724e+03
1.777333071411438823e+03
1.777333071411411993e+03
1.777333071411442688e+03
1.777333071411446099e+03
1.777333071411469973e+03
1.777333071411421543e+03
1.777333071411457013e+03
1.777333071411434503e+03
1.777333071411435640e+03
1.777333071411442916e+03
1.777333071411447008e+03
1.777333071411491346e+03
1.777333071411419041e+03
1.777333071411453830e+03
1.777333071411452465e+03
1.777333071411443825e+03
1.777333071411443143e+03
1.777333071411367428e+03
1.777333071411449055e+03
1.777333071411424498e+03
1.777333071411407900e+03
1.777333071411465880e+03
1.777333071411467017e+03
1.777333071411455421e+03
1.777333071411422679e+03
1.777333071411412902e+03
1.777333071411464061e+03
1.777333071411397668e+03
1.777333071411398123e+03
1.777333071411491119e+03
1.777333071411470428e+03
1.777333071411375386e+03
1.777333071411462242e+03
1.777333071411396077e+03
1.777333071411417677e+03
1.777333071411399260e+03
1.777333071411404489e+03
1.777333071411451556e+03
1.777333071411409946e+03
1.777333071411429501e+03
1.777333071411407673e+03
1.777333071411461560e+03
1.777333071411456331e+03
1.777333071411377659e+03
1.777333071411453147e+03
1.777333071411406536e+03
1.777333071411454057e+03
1.777333071411417677e+03
1.777333071411469064e+03
1.777333071411451101e+03
1.777333071411487026e+03
1.777333071411398123e+03
1.777333071411448600e+03
1.777333071411425863e+03
1.777333071411461560e+03
1.777333071411433366e+03
1.777333071411422679e+03
1.777333071411477931e+03
1.777333071411402898e+03
1.777333071411452011e+03
1.777333071411428364e+03
1.777333071411450874e+03
1.777333071411399942e+03
1.777333071411444962e+03
1.777333071411431092e+03
1.777333071411397896e+03
1.777333071411413584e+03
1.777333071411441097e+03
1.777333071411476567e+03
1.777333071411481342e+03
1.777333071411383798e+03
1.777333071411432456e+03
1.777333071411390392e+03
1.777333071411415631e+03
1.777333071411432684e+03
1.777333071411473384e+03
1.777333071411435412e+03
1.777333071411477704e+03
1.777333071411414494e+03
1.777333071411461106e+03
1.777333071411473838e+03
1.777333071411403353e+03
1.777333071411435867e+03
1.777333071411405626e+03
1.777333071411485889e+03
1.777333071411410174e+03
1.777333071411460423e+03
1.777333071411479978e+03
1.777333071411476567e+03
1.777333071411435412e+03
1.777333071411424271e+03
1.777333071411401761e+03
1.777333071411404489e+03
1.777333071411436777e+03
1.777333071411451328e+03
1.777333071411476340e+03
1.777333071411515448e+03
1.777333071411494075e+03
1.777333071411463834e+03
1.777333071411474293e+03
1.777333071411442916e+03
1.777333071411424498e+03
1.777333071411466335e+03
1.777333071411476340e+03
1.777333071411454057e+03
1.777333071411484070e+03
1.777333071411432002e+03
1.777333071411426772e+03
1.777333071411454512e+03
1.777333071411430637e+03
1.777333071411483616e+03
1.777333071411421315e+03
1.777333071411456103e+03
1.777333071411338324e+03
1.777333071411422452e+03
1.777333071411464744e+03
1.777333071411469291e+03
1.777333071411461788e+03
1.777333071411376523e+03
1.777333071411493165e+03
1.777333071411464971e+03
1.777333071411452693e+03
1.777333071411404489e+03
1.777333071411459059e+03
1.777333071411421770e+03
1.777333071411522269e+03
1.777333071411424953e+03
1.777333071411473156e+03
1.777333071411500214e+03
1.777333071411401761e+03
1.777333071411411993e+03
1.777333071411441324e+03
1.777333071411419269e+03
1.777333071411439960e+03
1.777333071411480660e+03
1.777333071411380160e+03
1.777333071411463152e+03
1.777333071411427454e+03
1.777333071411403807e+03
1.777333071411399487e+03
1.777333071411469746e+03
1.777333071411420178e+03
1.777333071411473156e+03
1.777333071411413130e+03
1.777333071411421088e+03
1.777333071411474748e+03
1.777333071411458604e+03
1.777333071411434048e+03
1.777333071411429046e+03
1.777333071411438596e+03
1.777333071411470200e+03
1.777333071411418814e+03
1.777333071411428136e+03
1.777333071411467472e+03
1.777333071411406991e+03
1.777333071411445189e+03
1.777333071411410629e+03
1.777333071411419041e+03
1.777333071411485889e+03
1.777333071411467245e+03
1.777333071411412902e+03
1.777333071411363335e+03
1.777333071411470883e+03
1.777333071411434048e+03
1.777333071411412220e+03
1.777333071411422452e+03
1.777333071411428591e+03
1.777333071411460878e+03
1.777333071411465198e+03
1.777333071411464971e+03
1.777333071411481797e+03
1.777333071411433366e+03
1.777333071411423816e+03
1.777333071411432684e+03
1.777333071411460651e+03
1.777333071411434275e+03
1.777333071411419496e+03
1.777333071411423361e+03
1.777333071411408127e+03
1.777333071411461106e+03
1.777333071411433593e+03
1.777333071411496348e+03
1.777333071411420633e+03
1.777333071411433366e+03
1.777333071411411765e+03
1.777333071411430183e+03
1.777333071411403125e+03
1.777333071411461106e+03
1.777333071411453147e+03
1.777333071411421543e+03
1.777333071411437913e+03
1.777333071411424498e+03
1.777333071411482024e+03
1.777333071411415631e+03
1.777333071411415403e+03
1.777333071411424953e+03
1.777333071411466790e+03
1.777333071411475885e+03
1.777333071411476340e+03
1.777333071411428364e+03
1.777333071411457013e+03
1.777333071411475885e+03
1.777333071411421770e+03
1.777333071411484298e+03
1.777333071411466562e+03
1.777333071411479068e+03
1.777333071411462925e+03
1.777333071411416768e+03
1.777333071411432456e+03
1.777333071411443598e+03
1.777333071411477022e+03
1.777333071411438823e+03
1.777333071411464516e+03
1.777333071411430637e+03
1.777333071411422225e+03
1.777333071411456558e+03
1.777333071411479523e+03
1.777333071411428591e+03
1.777333071411408582e+03
1.777333071411490891e+03
1.777333071411464971e+03
1.777333071411416768e+03
1.777333071411402216e+03
1.777333071411401534e+03
1.777333071411418814e+03
1.777333071411460423e+03
1.777333071411412220e+03
1.777333071411440187e+03
1.777333071411465653e+03
1.777333071411409719e+03
1.777333071411439732e+03
1.777333071411407218e+03
1.777333071411367655e+03
1.777333071411415858e+03
1.777333071411426545e+03
1.777333071411465426e+03
1.777333071411409946e+03
1.777333071411464289e+03
1.777333071411443143e+03
1.777333071411421088e+03
1.777333071411479295e+03
1.777333071411459287e+03
1.777333071411474521e+03
1.777333071411461333e+03
1.777333071411470428e+03
1.777333071411431320e+03
1.777333071411436322e+03
1.777333071411461560e+03
1.777333071411422452e+03
1.777333071411417677e+03
1.777333071411442461e+03
1.777333071411414039e+03
1.777333071411463152e+03
1.777333071411453830e+03
1.777333071411393576e+03
1.777333071411427454e+03
1.777333071411392439e+03
1.777333071411430410e+03
1.777333071411432002e+03
1.777333071411417905e+03
1.777333071411405399e+03
1.777333071411455876e+03
1.777333071411442234e+03
1.777333071411434048e+03
1.777333071411424726e+03
1.777333071411452238e+03
1.777333071411414949e+03
1.777333071411458832e+03
1.777333071411428136e+03
1.777333071411408582e+03
1.777333071411440869e+03
1.777333071411435640e+03
1.777333071411492938e+03
1.777333071411423134e+03
1.777333071411493620e+03
1.777333071411442688e+03
1.777333071411421088e+03
1.777333071411484298e+03
1.777333071411443825e+03
1.777333071411414949e+03
1.777333071411424726e+03
1.777333071411462925e+03
1.777333071411518631e+03
1.777333071411459741e+03
1.777333071411433593e+03
1.777333071411429046e+03
1.777333071411418814e+03
1.777333071411449509e+03
1.777333071411425180e+03
1.777333071411419496e+03
1.777333071411377432e+03
1.777333071411467927e+03
1.777333071411396759e+03
1.777333071411403580e+03
1.777333071411416086e+03
1.777333071411460878e+03
1.777333071411451783e+03
1.777333071411406081e+03
1.777333071411458150e+03
1.777333071411463834e+03
1.777333071411421543e+03
1.777333071411433593e+03
1.777333071411442916e+03
1.777333071411408355e+03
1.777333071411399260e+03
1.777333071411474748e+03
1.777333071411408355e+03
1.777333071411442234e+03
1.777333071411506580e+03
1.777333071411459741e+03
1.777333071411454284e+03
1.777333071411455649e+03
1.777333071411459514e+03
1.777333071411451101e+03
1.777333071411434048e+03
1.777333071411382434e+03
1.777333071411458832e+03
1.777333071411421315e+03
1.777333071411441779e+03
1.777333071411446781e+03
1.777333071411410629e+03
1.777333071411374021e+03
1.777333071411411993e+03
1.777333071411372430e+03
1.777333071411404035e+03
1.777333071411435412e+03
1.777333071411440415e+03
1.777333071411415631e+03
1.777333071411417905e+03
1.777333071411404717e+03
1.777333071411416768e+03
1.777333071411452920e+03
1.777333071411407673e+03
1.777333071411418359e+03
1.777333071411409946e+03
1.777333071411503624e+03
1.777333071411466562e+03
1.777333071411380615e+03
1.777333071411446099e+03
1.777333071411478386e+03
1.777333071411399487e+03
1.777333071411469064e+03
1.777333071411453830e+03
1.777333071411469746e+03
1.777333071411437004e+03
1.777333071411426317e+03
1.777333071411408127e+03
1.777333071411386300e+03
1.777333071411479750e+03
1.777333071411406763e+03
1.777333071411434275e+03
1.777333071411472247e+03
1.777333071411465653e+03
1.777333071411435412e+03
1.777333071411405399e+03
1.777333071411435185e+03
1.777333071411428818e+03
1.777333071411414721e+03
1.777333071411427454e+03
1.777333071411414039e+03
1.777333071411408355e+03
1.777333071411454057e+03
1.777333071411452011e+03
1.777333071411433366e+03
1.777333071411462470e+03
1.777333071411458604e+03
1.777333071411482706e+03
1.777333071411420860e+03
1.777333071411482251e+03
1.777333071411495894e+03
1.777333071411469973e+03
1.777333071411379024e+03
1.777333071411389710e+03
1.777333071411478159e+03
1.777333071411461106e+03
1.777333071411422225e+03
1.777333071411476340e+03
1.777333071411455194e+03
1.777333071411439505e+03
1.777333071411440869e+03
1.777333071411455649e+03
1.777333071411463379e+03
1.777333071411431547e+03
1.777333071411451556e+03
1.777333071411485435e+03
1.777333071411466108e+03
1.777333071411470883e+03
1.777333071411448373e+03
1.777333071411419041e+03
1.777333071411449964e+03
1.777333071411413812e+03
1.777333071411457695e+03
1.777333071411425863e+03
1.777333071411410629e+03
1.777333071411433593e+03
1.777333071411399715e+03
1.777333071411406763e+03
1.777333071411479750e+03
1.777333071411451328e+03
1.777333071411472019e+03
1.777333071411389938e+03
1.777333071411506126e+03
1.777333071411411765e+03
1.777333071411371520e+03
1.777333071411429046e+03
1.777333071411459969e+03
1.777333071411486117e+03
1.777333071411381752e+03
1.777333071411431774e+03
1.777333071411418132e+03
1.777333071411424271e+03
1.777333071411428818e+03
1.777333071411430183e+03
1.777333071411432229e+03
1.777333071411446099e+03
1.777333071411473384e+03
1.777333071411456785e+03
1.777333071411484298e+03
1.777333071411454512e+03
1.777333071411398805e+03
1.777333071411494075e+03
1.777333071411419951e+03
1.777333071411463607e+03
1.777333071411469973e+03
1.777333071411430637e+03
1.777333071411489982e+03
1.777333071411414721e+03
1.777333071411464744e+03
1.777333071411415858e+03
1.777333071411426090e+03
1.777333071411504079e+03
1.777333071411471337e+03
1.777333071411479750e+03
1.777333071411426090e+03
1.777333071411472929e+03
1.777333071411424498e+03
1.777333071411433366e+03
1.777333071411429046e+03
1.777333071411392666e+03
1.777333071411458832e+03
1.777333071411422679e+03
1.777333071411378114e+03
1.777333071411493393e+03
1.777333071411399260e+03
1.777333071411413130e+03
1.777333071411443370e+03
1.777333071411460651e+03
1.777333071411482706e+03
1.777333071411464744e+03
1.777333071411467017e+03
1.777333071411469518e+03
1.777333071411467927e+03
1.777333071411451783e+03
1.777333071411455649e+03
1.777333071411457695e+03
1.777333071411459741e+03
1.777333071411394940e+03
1.777333071411461333e+03
1.777333071411478386e+03
1.777333071411423589e+03
1.777333071411439278e+03
1.777333071411469973e+03
1.777333071411455194e+03
1.777333071411470428e+03
1.777333071411462470e+03
1.777333071411423134e+03
1.777333071411434730e+03
1.777333071411447690e+03
1.777333071411407218e+03
1.777333071411501123e+03
1.777333071411394485e+03
1.777333071411425635e+03
1.777333071411405172e+03
1.777333071411425408e+03
1.777333071411444053e+03
1.777333071411390847e+03
1.777333071411471565e+03
1.777333071411504079e+03
1.777333071411463152e+03
1.777333071411469746e+03
1.777333071411404489e+03
1.777333071411458377e+03
1.777333071411391984e+03
1.777333071411457695e+03
1.777333071411422225e+03
1.777333071411419269e+03
1.777333071411455876e+03
1.777333071411455421e+03
1.777333071411439732e+03
1.777333071411390392e+03
1.777333071411468609e+03
1.777333071411459969e+03
1.777333071411490437e+03
1.777333071411400852e+03
1.777333071411402216e+03
1.777333071411454966e+03
1.777333071411471565e+03
1.777333071411396759e+03
1.777333071411477931e+03
1.777333071411456331e+03
1.777333071411453830e+03
1.777333071411478613e+03
1.777333071411394940e+03
1.777333071411441551e+03
1.777333071411473156e+03
1.777333071411452465e+03
1.777333071411471792e+03
1.777333071411468381e+03
1.777333071411447690e+03
1.777333071411452920e+03
1.777333071411399033e+03
1.777333071411449964e+03
1.777333071411415403e+03
1.777333071411456785e+03
1.777333071411455876e+03
1.777333071411425180e+03
1.777333071411404944e+03
1.777333071411449055e+03
1.777333071411497485e+03
1.777333071411417905e+03
1.777333071411496348e+03
1.777333071411472474e+03
1.777333071411409946e+03
1.777333071411383798e+03
1.777333071411414721e+03
1.777333071411474293e+03
1.777333071411459287e+03
1.777333071411454739e+03
1.777333071411402670e+03
1.777333071411436549e+03
1.777333071411403580e+03
1.777333071411469291e+03
1.777333071411385845e+03
1.777333071411431320e+03
1.777333071411359015e+03
1.777333071411423589e+03
1.777333071411465653e+03
1.777333071411399942e+03
1.777333071411410401e+03
1.777333071411414949e+03
1.777333071411467699e+03
1.777333071411472929e+03
1.777333071411459969e+03
1.777333071411507717e+03
1.777333071411497031e+03
1.777333071411473156e+03
1.777333071411502942e+03
1.777333071411424726e+03
1.777333071411448600e+03
1.777333071411398578e+03
1.777333071411471565e+03
1.777333071411442006e+03
1.777333071411435185e+03
1.777333071411407900e+03
1.777333071411372657e+03
1.777333071411419041e+03
1.777333071411463607e+03
1.777333071411481569e+03
1.777333071411415858e+03
1.777333071411448827e+03
1.777333071411447463e+03
1.777333071411435867e+03
1.777333071411376750e+03
1.777333071411415403e+03
1.777333071411481797e+03
1.777333071411466790e+03
1.777333071411463834e+03
1.777333071411391984e+03
1.777333071411483388e+03
1.777333071411438368e+03
1.777333071411463379e+03
1.777333071411454057e+03
1.777333071411396759e+03
1.777333071411490437e+03
1.777333071411415176e+03
1.777333071411409264e+03
1.777333071411428818e+03
1.777333071411468609e+03
1.777333071411421088e+03
1.777333071411393576e+03
1.777333071411424726e+03
1.777333071411435185e+03
1.777333071411444053e+03
1.777333071411434958e+03
1.777333071411410629e+03
1.777333071411424271e+03
1.777333071411456558e+03
1.777333071411455649e+03
1.777333071411415631e+03
1.777333071411422452e+03
1.777333071411491119e+03
1.777333071411432456e+03
1.777333071411431547e+03
1.777333071411428818e+03
1.777333071411469291e+03
1.777333071411399942e+03
1.777333071411386072e+03
1.777333071411441551e+03
1.777333071411427227e+03
1.777333071411524088e+03
1.777333071411401079e+03
1.777333071411443370e+03
1.777333071411504079e+03
1.777333071411449509e+03
1.777333071411455421e+03
1.777333071411448600e+03
1.777333071411444280e+03
1.777333071411461788e+03
1.777333071411472702e+03
1.777333071411436549e+03
1.777333071411459514e+03
1.777333071411450874e+03
1.777333071411460651e+03
1.777333071411428364e+03
1.777333071411431092e+03
1.777333071411392439e+03
1.777333071411486571e+03
1.777333071411462015e+03
1.777333071411425635e+03
1.777333071411440187e+03
1.777333071411386072e+03
1.777333071411438141e+03
1.777333071411417905e+03
1.777333071411433821e+03
1.777333071411453830e+03
1.777333071411434503e+03
1.777333071411440642e+03
1.777333071411435185e+03
1.777333071411389255e+03
1.777333071411400852e+03
1.777333071411417677e+03
1.777333071411440869e+03
1.777333071411402670e+03
1.777333071411434730e+03
1.777333071411431320e+03
1.777333071411442461e+03
1.777333071411474066e+03
1.777333071411404262e+03
1.777333071411498167e+03
1.777333071411501578e+03
1.777333071411377887e+03
1.777333071411440642e+03
1.777333071411509991e+03
1.777333071411530909e+03
1.777333071411459287e+03
1.777333071411436549e+03
1.777333071411477249e+03
1.777333071411474748e+03
1.777333071411477704e+03
1.777333071411485662e+03
1.777333071411460423e+03
1.777333071411470655e+03
1.777333071411467699e+03
1.777333071411394030e+03
1.777333071411502715e+03
1.777333071411468836e+03
1.777333071411447690e+03
1.777333071411374021e+03
1.777333071411385617e+03
1.777333071411504079e+03
1.777333071411437004e+03
1.777333071411399487e+03
1.777333071411424271e+03
1.777333071411476112e+03
1.777333071411461106e+03
1.777333071411498395e+03
1.777333071411493393e+03
1.777333071411408127e+03
1.777333071411395167e+03
1.777333071411465198e+03
1.777333071411482024e+03
1.777333071411430637e+03
1.777333071411443370e+03
1.777333071411459741e+03
1.777333071411437913e+03
1.777333071411384253e+03
1.777333071411431774e+03
1.777333071411438368e+03
1.777333071411436322e+03
1.777333071411427682e+03
1.777333071411472929e+03
1.777333071411417222e+03
1.777333071411465880e+03
1.777333071411499986e+03
1.777333071411417450e+03
1.777333071411470655e+03
1.777333071411431092e+03
1.777333071411431092e+03
1.777333071411459969e+03
1.777333071411494302e+03
1.777333071411416768e+03
1.777333071411483388e+03
1.777333071411471337e+03
1.777333071411433593e+03
1.777333071411415176e+03
1.777333071411448373e+03
1.777333071411414267e+03
1.777333071411434048e+03
1.777333071411451101e+03
1.777333071411456558e+03
1.777333071411401988e+03
1.777333071411475203e+03
1.777333071411458604e+03
1.777333071411445417e+03
1.777333071411453602e+03
1.777333071411413130e+03
1.777333071411395849e+03
1.777333071411470428e+03
1.777333071411418587e+03
1.777333071411470200e+03
1.777333071411461788e+03
1.777333071411449282e+03
1.777333071411491119e+03
1.777333071411450192e+03
1.777333071411400624e+03
1.777333071411460651e+03
1.777333071411467699e+03
1.777333071411426999e+03
1.777333071411419269e+03
1.777333071411451783e+03
1.777333071411385845e+03
1.777333071411386072e+03
1.777333071411480205e+03
1.777333071411470200e+03
1.777333071411373794e+03
1.777333071411486344e+03
1.777333071411481569e+03
1.777333071411411538e+03
1.777333071411473838e+03
1.777333071411445871e+03
1.777333071411445189e+03
1.777333071411427454e+03
1.777333071411444507e+03
1.777333071411408582e+03
1.777333071411418587e+03
1.777333071411489755e+03
1.777333071411462015e+03
1.777333071411395167e+03
1.777333071411426772e+03
1.777333071411429955e+03
1.777333071411459059e+03
1.777333071411475657e+03
1.777333071411489982e+03
1.777333071411437459e+03
1.777333071411451328e+03
1.777333071411454284e+03
1.777333071411377887e+03
1.777333071411400397e+03
1.777333071411467699e+03
1.777333071411425863e+03
1.777333071411432229e+03
1.777333071411417905e+03
1.777333071411474066e+03
1.777333071411461560e+03
1.777333071411454966e+03
1.777333071411476340e+03
1.777333071411496576e+03
1.777333071411416086e+03
1.777333071411489300e+03
1.777333071411454284e+03
1.777333071411478386e+03
1.777333071411411993e+03
1.777333071411442916e+03
1.777333071411430637e+03
1.777333071411456331e+03
1.777333071411456558e+03
1.777333071411449964e+03
1.777333071411440642e+03
1.777333071411420178e+03
1.777333071411415176e+03
1.777333071411456331e+03
1.777333071411498850e+03
1.777333071411422907e+03
1.777333071411450646e+03
1.777333071411499304e+03
1.777333071411435185e+03
1.777333071411409264e+03
1.777333071411406991e+03
1.777333071411422907e+03
1.777333071411407900e+03
1.777333071411432911e+03
1.777333071411452238e+03
1.777333071411445417e+03
1.777333071411462470e+03
1.777333071411478159e+03
1.777333071411471565e+03
1.777333071411394712e+03
1.777333071411417450e+03
1.777333071411396531e+03
1.777333071411427454e+03
1.777333071411465653e+03
1.777333071411446554e+03
1.777333071411434958e+03
1.777333071411437004e+03
1.777333071411421997e+03
1.777333071411478159e+03
1.777333071411361971e+03
1.777333071411465426e+03
1.777333071411449737e+03
1.777333071411442006e+03
1.777333071411412448e+03
1.777333071411477022e+03
1.777333071411375158e+03
1.777333071411423816e+03
1.777333071411424498e+03
1.777333071411430637e+03
1.777333071411433366e+03
1.777333071411479750e+03
1.777333071411417450e+03
1.777333071411465653e+03
1.777333071411411993e+03
1.777333071411496803e+03
1.777333071411448827e+03
1.777333071411473838e+03
1.777333071411456558e+03
1.777333071411470883e+03
1.777333071411467245e+03
1.777333071411503397e+03
1.777333071411417677e+03
1.777333071411374931e+03
1.777333071411420178e+03
1.777333071411434275e+03
1.777333071411455194e+03
1.777333071411420178e+03
1.777333071411405399e+03
1.777333071411463834e+03
1.777333071411447463e+03
1.777333071411478841e+03
1.777333071411466790e+03
1.777333071411474748e+03
1.777333071411417905e+03
1.777333071411460196e+03
1.777333071411416768e+03
1.777333071411434275e+03
1.777333071411476340e+03
1.777333071411393348e+03
1.777333071411371066e+03
1.777333071411491346e+03
1.777333071411490209e+03
1.777333071411495212e+03
1.777333071411420406e+03
1.777333071411418359e+03
1.777333071411463152e+03
1.777333071411465198e+03
1.777333071411414949e+03
1.777333071411484070e+03
1.777333071411413584e+03
1.777333071411517949e+03
1.777333071411465653e+03
1.777333071411468609e+03
1.777333071411457240e+03
1.777333071411464516e+03
1.777333071411373567e+03
1.777333071411409946e+03
1.777333071411439050e+03
1.777333071411437913e+03
1.777333071411467017e+03
1.777333071411422679e+03
1.777333071411414494e+03
1.777333071411425863e+03
1.777333071411463834e+03
1.777333071411431092e+03
1.777333071411493165e+03
1.777333071411477022e+03
1.777333071411463607e+03
1.777333071411441551e+03
1.777333071411402898e+03
1.777333071411424498e+03
1.777333071411414267e+03
1.777333071411454739e+03
1.777333071411417905e+03
1.777333071411392439e+03
1.777333071411458377e+03
1.777333071411413584e+03
1.777333071411410401e+03
1.777333071411478159e+03
1.777333071411513174e+03
1.777333071411489300e+03
1.777333071411406081e+03
1.777333071411461106e+03
1.777333071411412220e+03
1.777333071411404035e+03
1.777333071411432229e+03
1.777333071411446781e+03
1.777333071411428364e+03
1.777333071411465653e+03
1.777333071411436094e+03
1.777333071411441324e+03
1.777333071411463834e+03
1.777333071411403807e+03
1.777333071411463607e+03
1.777333071411459969e+03
1.777333071411459059e+03
1.777333071411465426e+03
1.777333071411467699e+03
1.777333071411421997e+03
1.777333071411468609e+03
1.777333071411410856e+03
1.777333071411444053e+03
1.777333071411409719e+03
1.777333071411463152e+03
1.777333071411487026e+03
1.777333071411413584e+03
1.777333071411468836e+03
1.777333071411420178e+03
1.777333071411466562e+03
1.777333071411426772e+03
1.777333071411406763e+03
1.777333071411454739e+03
1.777333071411447463e+03
1.777333071411460196e+03
1.777333071411413357e+03
1.777333071411448373e+03
1.777333071411431092e+03
1.777333071411414494e+03
1.777333071411479978e+03
1.777333071411482706e+03
1.777333071411438596e+03
1.777333071411460423e+03
1.777333071411478613e+03
1.777333071411413357e+03
1.777333071411484298e+03
1.777333071411425408e+03
1.777333071411465198e+03
1.777333071411429955e+03
1.777333071411431774e+03
1.777333071411422679e+03
1.777333071411478841e+03
1.777333071411439960e+03
1.777333071411483161e+03
1.777333071411410401e+03
1.777333071411403353e+03
1.777333071411455421e+03
1.777333071411430183e+03
1.777333071411433821e+03
1.777333071411400397e+03
1.777333071411512265e+03
1.777333071411472019e+03
1.777333071411446781e+03
1.777333071411458150e+03
1.777333071411417677e+03
1.777333071411393803e+03
1.777333071411470200e+03
1.777333071411412220e+03
1.777333071411411538e+03
1.777333071411453602e+03
1.777333071411471110e+03
1.777333071411488845e+03
1.777333071411462015e+03
1.777333071411424953e+03
1.777333071411476794e+03
1.777333071411410401e+03
1.777333071411457695e+03
1.777333071411407673e+03
1.777333071411412448e+03
1.777333071411491801e+03
1.777333071411430865e+03
1.777333071411467017e+03
1.777333071411482933e+03
1.777333071411427909e+03
1.777333071411418587e+03
1.777333071411448145e+03
1.777333071411427909e+03
1.777333071411459741e+03
1.777333071411408127e+03
1.777333071411418814e+03
1.777333071411424271e+03
1.777333071411410856e+03
1.777333071411425408e+03
1.777333071411486344e+03
1.777333071411469518e+03
1.777333071411471792e+03
1.777333071411439278e+03
1.777333071411397441e+03
1.777333071411439050e+03
1.777333071411464971e+03
1.777333071411462925e+03
1.777333071411484980e+03
1.777333071411439960e+03
1.777333071411405626e+03
1.777333071411425635e+03
1.777333071411483843e+03
1.777333071411434730e+03
1.777333071411466562e+03
1.777333071411418587e+03
1.777333071411456558e+03
1.777333071411450192e+03
1.777333071411424271e+03
1.777333071411413357e+03
1.777333071411432684e+03
1.777333071411443825e+03
1.777333071411406991e+03
1.777333071411380615e+03
1.777333071411502260e+03
1.777333071411402898e+03
1.777333071411407900e+03
1.777333071411466790e+03
1.777333071411424498e+03
1.777333071411427454e+03
1.777333071411459059e+03
1.777333071411451101e+03
1.777333071411404489e+03
1.777333071411420860e+03
1.777333071411420178e+03
1.777333071411425408e+03
1.777333071411484298e+03
1.777333071411399487e+03
1.777333071411434958e+03
1.777333071411441779e+03
1.777333071411425180e+03
1.777333071411410174e+03
1.777333071411485889e+03
1.777333071411491119e+03
1.777333071411480205e+03
1.777333071411465880e+03
1.777333071411490437e+03
1.777333071411450192e+03
1.777333071411403353e+03
1.777333071411463379e+03
1.777333071411459969e+03
1.777333071411401534e+03
1.777333071411475430e+03
1.777333071411485662e+03
1.777333071411458150e+03
1.777333071411483843e+03
1.777333071411456558e+03
1.777333071411474521e+03
1.777333071411420860e+03
1.777333071411478386e+03
1.777333071411413357e+03
1.777333071411455194e+03
1.777333071411482706e+03
1.777333071411423589e+03
1.777333071411465198e+03
1.777333071411468381e+03
1.777333071411455194e+03
1.777333071411492028e+03
1.777333071411457240e+03
1.777333071411420178e+03
1.777333071411477022e+03
1.777333071411442234e+03
1.777333071411434275e+03
1.777333071411491119e+03
1.777333071411448827e+03
1.777333071411428136e+03
1.777333071411412675e+03
1.777333071411437686e+03
1.777333071411408127e+03
1.777333071411452693e+03
1.777333071411478159e+03
1.777333071411404717e+03
1.777333071411483388e+03
1.777333071411466108e+03
1.777333071411403353e+03
1.777333071411432002e+03
1.777333071411382434e+03
1.777333071411421543e+03
1.777333071411414039e+03
1.777333071411464516e+03
1.777333071411419041e+03
1.777333071411487481e+03
1.777333071411396759e+03
1.777333071411406536e+03
1.777333071411451783e+03
1.777333071411465426e+03
1.777333071411457695e+03
1.777333071411467017e+03
1.777333071411440869e+03
1.777333071411475885e+03
1.777333071411431320e+03
1.777333071411397441e+03
1.777333071411391984e+03
1.777333071411421315e+03
1.777333071411425408e+03
1.777333071411466108e+03
1.777333071411476794e+03
1.777333071411486117e+03
1.777333071411425408e+03
1.777333071411467472e+03
1.777333071411473838e+03
1.777333071411412220e+03
1.777333071411459969e+03
1.777333071411437686e+03
1.777333071411425180e+03
1.777333071411459969e+03
1.777333071411491574e+03
1.777333071411468836e+03
1.777333071411440415e+03
1.777333071411394485e+03
1.777333071411459059e+03
1.777333071411452465e+03
1.777333071411435185e+03
1.777333071411491346e+03
1.777333071411434958e+03
1.777333071411439960e+03
1.777333071411453375e+03
1.777333071411480887e+03
1.777333071411447236e+03
1.777333071411453375e+03
1.777333071411386072e+03
1.777333071411415176e+03
1.777333071411487481e+03
1.777333071411459969e+03
1.777333071411409719e+03
1.777333071411459969e+03
1.777333071411509081e+03
1.777333071411458604e+03
1.777333071411429501e+03
1.777333071411406991e+03
1.777333071411418587e+03
1.777333071411430865e+03
1.777333071411498167e+03
1.777333071411454057e+03
1.777333071411480660e+03
1.777333071411445644e+03
1.777333071411415403e+03
1.777333071411445189e+03
1.777333071411411538e+03
1.777333071411422679e+03
1.777333071411459969e+03
1.777333071411435640e+03
1.777333071411394485e+03
1.777333071411430865e+03
1.777333071411440869e+03
1.777333071411471792e+03
1.777333071411463379e+03
1.777333071411397668e+03
1.777333071411426317e+03
1.777333071411470428e+03
1.777333071411375840e+03
1.777333071411427682e+03
1.777333071411466335e+03
1.777333071411466790e+03
1.777333071411420178e+03
1.777333071411439050e+03
1.777333071411478841e+03
1.777333071411403353e+03
1.777333071411381297e+03
1.777333071411420860e+03
1.777333071411415631e+03
1.777333071411424726e+03
1.777333071411428364e+03
1.777333071411434730e+03
1.777333071411419951e+03
1.777333071411452238e+03
1.777333071411478841e+03
1.777333071411475203e+03
1.777333071411438141e+03
1.777333071411455876e+03
1.777333071411450192e+03
1.777333071411432229e+03
1.777333071411476340e+03
1.777333071411434275e+03
1.777333071411392439e+03
1.777333071411468381e+03
1.777333071411446099e+03
1.777333071411436549e+03
1.777333071411416995e+03
1.777333071411437459e+03
1.777333071411385390e+03
1.777333071411513174e+03
1.777333071411415176e+03
1.777333071411462697e+03
1.777333071411408582e+03
1.777333071411492028e+03
1.777333071411484298e+03
1.777333071411470200e+03
1.777333071411384708e+03
1.777333071411444735e+03
1.777333071411422452e+03
1.777333071411469064e+03
1.777333071411450874e+03
1.777333071411472247e+03
1.777333071411432684e+03
1.777333071411421315e+03
1.777333071411415858e+03
1.777333071411474293e+03
1.777333071411448145e+03
1.777333071411490891e+03
1.777333071411450874e+03
1.777333071411464516e+03
1.777333071411410856e+03
1.777333071411435867e+03
1.777333071411466335e+03
1.777333071411407218e+03
1.777333071411380615e+03
1.777333071411482479e+03
1.777333071411419496e+03
1.777333071411411311e+03
1.777333071411449282e+03
1.777333071411461106e+03
1.777333071411377205e+03
1.777333071411431320e+03
1.777333071411432002e+03
1.777333071411427909e+03
1.777333071411456785e+03
1.777333071411474748e+03
1.777333071411415176e+03
1.777333071411402670e+03
1.777333071411449964e+03
1.777333071411431547e+03
1.777333071411465653e+03
1.777333071411416768e+03
1.777333071411429501e+03
1.777333071411423361e+03
1.777333071411384253e+03
1.777333071411450419e+03
1.777333071411480432e+03
1.777333071411515448e+03
1.777333071411459287e+03
1.777333071411489300e+03
1.777333071411422452e+03
1.777333071411430183e+03
1.777333071411477931e+03
1.777333071411445644e+03
1.777333071411476112e+03
1.777333071411429046e+03
1.777333071411411538e+03
1.777333071411371975e+03
1.777333071411413357e+03
1.777333071411419724e+03
1.777333071411434048e+03
1.777333071411425863e+03
1.777333071411487253e+03
1.777333071411411311e+03
1.777333071411411083e+03
1.777333071411466562e+03
1.777333071411437913e+03
1.777333071411425635e+03
1.777333071411432456e+03
1.777333071411420633e+03
1.777333071411466562e+03
1.777333071411426772e+03
1.777333071411458604e+03
1.777333071411461106e+03
1.777333071411417677e+03
1.777333071411408355e+03
1.777333071411389710e+03
1.777333071411424498e+03
1.777333071411445644e+03
1.777333071411467017e+03
1.777333071411510900e+03
1.777333071411441324e+03
1.777333071411474293e+03
1.777333071411480887e+03
1.777333071411412675e+03
1.777333071411437686e+03
1.777333071411460423e+03
1.777333071411454966e+03
1.777333071411477931e+03
1.777333071411412902e+03
1.777333071411442234e+03
1.777333071411444735e+03
1.777333071411417905e+03
1.777333071411468154e+03
1.777333071411485435e+03
1.777333071411396304e+03
1.777333071411443825e+03
1.777333071411467927e+03
1.777333071411459969e+03
1.777333071411423134e+03
1.777333071411488390e+03
1.777333071411478841e+03
1.777333071411423134e+03
1.777333071411452011e+03
1.777333071411402670e+03
1.777333071411376977e+03
1.777333071411408582e+03
1.777333071411397441e+03
1.777333071411457240e+03
1.777333071411420633e+03
1.777333071411468154e+03
1.777333071411415858e+03
1.777333071411461106e+03
1.777333071411428364e+03
1.777333071411432229e+03
1.777333071411447008e+03
1.777333071411474066e+03
1.777333071411463379e+03
1.777333071411466335e+03
1.777333071411420633e+03
1.777333071411458832e+03
1.777333071411443598e+03
1.777333071411472247e+03
1.777333071411461560e+03
1.777333071411475885e+03
1.777333071411471110e+03
1.777333071411448373e+03
1.777333071411389938e+03
1.777333071411416768e+03
1.777333071411435185e+03
1.777333071411399942e+03
1.777333071411411765e+03
1.777333071411514311e+03
1.777333071411451783e+03
1.777333071411452238e+03
1.777333071411411083e+03
1.777333071411443370e+03
1.777333071411475657e+03
1.777333071411399260e+03
1.777333071411400397e+03
1.777333071411474293e+03
1.777333071411467472e+03
1.777333071411395622e+03
1.777333071411472702e+03
1.777333071411437686e+03
1.777333071411454966e+03
1.777333071411477704e+03
1.777333071411378569e+03
1.777333071411458377e+03
1.777333071411413812e+03
1.777333071411431774e+03
1.777333071411462925e+03
1.777333071411463834e+03
1.777333071411410174e+03
1.777333071411436777e+03
1.777333071411466790e+03
1.777333071411429728e+03
1.777333071411428591e+03
1.777333071411463379e+03
1.777333071411421543e+03
1.777333071411460878e+03
1.777333071411452693e+03
1.777333071411420860e+03
1.777333071411420860e+03
1.777333071411448145e+03
1.777333071411431774e+03
1.777333071411460196e+03
1.777333071411369929e+03
1.777333071411433139e+03
1.777333071411409264e+03
1.777333071411446326e+03
1.777333071411485435e+03
1.777333071411393576e+03
1.777333071411440869e+03
1.777333071411417222e+03
1.777333071411486799e+03
1.777333071411396531e+03
1.777333071411446554e+03
1.777333071411394712e+03
1.777333071411439960e+03
1.777333071411405172e+03
1.777333071411473838e+03
1.777333071411415403e+03
1.777333071411430410e+03
1.777333071411415176e+03
1.777333071411427454e+03
1.777333071411422225e+03
1.777333071411415858e+03
1.777333071411472474e+03
1.777333071411427454e+03
1.777333071411416768e+03
1.777333071411444507e+03
1.777333071411465880e+03
1.777333071411470200e+03
1.777333071411460651e+03
1.777333071411413357e+03
1.777333071411381070e+03
1.777333071411462015e+03
1.777333071411421997e+03
1.777333071411483388e+03
1.777333071411438368e+03
1.777333071411449055e+03
1.777333071411449055e+03
1.777333071411409264e+03
1.777333071411414721e+03
1.777333071411480660e+03
1.777333071411412902e+03
1.777333071411429955e+03
1.777333071411431092e+03
1.777333071411467017e+03
1.777333071411408582e+03
1.777333071411410401e+03
1.777333071411499304e+03
1.777333071411454057e+03
1.777333071411368337e+03
1.777333071411396759e+03
1.777333071411464516e+03
1.777333071411447690e+03
1.777333071411455649e+03
1.777333071411454284e+03
1.777333071411467017e+03
1.777333071411419269e+03
1.777333071411469746e+03
1.777333071411417905e+03
1.777333071411405854e+03
1.777333071411421997e+03
1.777333071411501578e+03
1.777333071411431092e+03
1.777333071411445417e+03
1.777333071411429501e+03
1.777333071411465198e+03
1.777333071411453375e+03
1.777333071411469291e+03
1.777333071411443370e+03
1.777333071411488845e+03
1.777333071411416768e+03
1.777333071411476567e+03
1.777333071411474066e+03
1.777333071411462015e+03
1.777333071411481569e+03
1.777333071411414039e+03
1.777333071411449964e+03
1.777333071411486571e+03
1.777333071411476794e+03
1.777333071411459969e+03
1.777333071411458150e+03
1.777333071411408810e+03
1.777333071411484525e+03
1.777333071411435640e+03
1.777333071411457240e+03
1.777333071411441324e+03
1.777333071411420633e+03
1.777333071411414721e+03
1.777333071411399033e+03
1.777333071411390620e+03
1.777333071411454284e+03
1.777333071411437686e+03
1.777333071411475657e+03
1.777333071411456331e+03
1.777333071411457922e+03
1.777333071411460423e+03
1.777333071411451783e+03
1.777333071411391302e+03
1.777333071411448827e+03
1.777333071411426999e+03
1.777333071411466108e+03
1.777333071411393803e+03
1.777333071411482251e+03
1.777333071411464744e+03
1.777333071411496121e+03
1.777333071411428364e+03
1.777333071411431092e+03
1.777333071411408127e+03
1.777333071411370838e+03
1.777333071411332867e+03
1.777333071411439050e+03
1.777333071411479068e+03
1.777333071411392439e+03
1.777333071411404262e+03
1.777333071411402898e+03
1.777333071411427454e+03
1.777333071411423816e+03
1.777333071411463607e+03
1.777333071411499077e+03
1.777333071411467245e+03
1.777333071411454284e+03
1.777333071411419496e+03
1.777333071411404944e+03
1.777333071411459514e+03
1.777333071411405626e+03
1.777333071411479068e+03
1.777333071411404717e+03
1.777333071411461560e+03
1.777333071411466108e+03
1.777333071411464516e+03
1.777333071411455649e+03
1.777333071411441097e+03
1.777333071411407900e+03
1.777333071411399487e+03
1.777333071411400852e+03
1.777333071411487708e+03
1.777333071411427909e+03
1.777333071411391302e+03
1.777333071411404717e+03
1.777333071411477931e+03
1.777333071411460651e+03
1.777333071411396304e+03
1.777333071411457468e+03
1.777333071411478841e+03
1.777333071411454057e+03
1.777333071411477249e+03
1.777333071411444507e+03
1.777333071411459741e+03
1.777333071411367655e+03
1.777333071411412675e+03
1.777333071411480205e+03
1.777333071411412448e+03
1.777333071411486117e+03
1.777333071411450419e+03
1.777333071411452693e+03
1.777333071411439505e+03
1.777333071411434048e+03
1.777333071411471337e+03
1.777333071411419269e+03
1.777333071411465880e+03
1.777333071411499986e+03
1.777333071411409946e+03
1.777333071411477249e+03
1.777333071411457468e+03
1.777333071411494529e+03
1.777333071411390165e+03
1.777333071411413812e+03
1.777333071411413130e+03
1.777333071411407900e+03
1.777333071411433139e+03
1.777333071411408355e+03
1.777333071411418359e+03
1.777333071411461333e+03
1.777333071411463834e+03
1.777333071411461788e+03
1.777333071411450646e+03
1.777333071411456103e+03
1.777333071411490664e+03
1.777333071411465426e+03
1.777333071411477704e+03
1.777333071411394940e+03
1.777333071411422225e+03
1.777333071411441097e+03
1.777333071411374931e+03
1.777333071411492256e+03
1.777333071411411538e+03
1.777333071411439960e+03
1.777333071411421770e+03
1.777333071411448827e+03
1.777333071411452011e+03
1.777333071411465653e+03
1.777333071411414494e+03
1.777333071411409492e+03
1.777333071411458150e+03
1.777333071411461333e+03
1.777333071411466335e+03
1.777333071411464061e+03
1.777333071411469973e+03
1.777333071411476567e+03
1.777333071411429273e+03
1.777333071411460878e+03
1.777333071411403125e+03
1.777333071411406308e+03
1.777333071411411311e+03
1.777333071411440642e+03
1.777333071411401988e+03
1.777333071411453147e+03
1.777333071411405854e+03
1.777333071411397896e+03
1.777333071411471110e+03
1.777333071411457013e+03
1.777333071411479523e+03
1.777333071411434048e+03
1.777333071411419041e+03
1.777333071411471337e+03
1.777333071411475885e+03
1.777333071411403353e+03
1.777333071411461560e+03
1.777333071411464289e+03
1.777333071411466562e+03
1.777333071411467699e+03
1.777333071411421315e+03
1.777333071411459514e+03
1.777333071411387209e+03
1.777333071411484070e+03
1.777333071411471337e+03
1.777333071411474293e+03
1.777333071411441779e+03
1.777333071411481114e+03
1.777333071411488618e+03
1.777333071411374704e+03
1.777333071411392211e+03
1.777333071411449509e+03
1.777333071411429728e+03
1.777333071411413812e+03
1.777333071411496121e+03
1.777333071411458832e+03
1.777333071411452238e+03
1.777333071411416540e+03
1.777333071411505898e+03
1.777333071411454284e+03
1.777333071411469746e+03
1.777333071411460196e+03
1.777333071411503170e+03
1.777333071411422679e+03
1.777333071411404262e+03
1.777333071411436777e+03
1.777333071411474521e+03
1.777333071411522496e+03
1.777333071411471565e+03
1.777333071411463152e+03
1.777333071411437004e+03
1.777333071411460651e+03
1.777333071411424044e+03
1.777333071411432456e+03
1.777333071411437686e+03
1.777333071411458604e+03
1.777333071411456558e+03
1.777333071411405172e+03
1.777333071411469518e+03
1.777333071411457468e+03
1.777333071411391984e+03
1.777333071411423589e+03
1.777333071411434958e+03
1.777333071411413130e+03
1.777333071411495894e+03
1.777333071411476340e+03
1.777333071411413584e+03
1.777333071411512037e+03
1.777333071411427682e+03
1.777333071411471792e+03
1.777333071411427454e+03
1.777333071411488390e+03
1.777333071411483843e+03
1.777333071411495894e+03
1.777333071411474975e+03
1.777333071411420860e+03
1.777333071411470883e+03
1.777333071411476567e+03
1.777333071411414267e+03
1.777333071411467927e+03
1.777333071411477022e+03
1.777333071411414267e+03
1.777333071411462697e+03
1.777333071411434730e+03
1.777333071411477476e+03
1.777333071411409719e+03
1.777333071411423134e+03
1.777333071411464289e+03
1.777333071411426545e+03
1.777333071411424498e+03
1.777333071411502033e+03
1.777333071411420178e+03
1.777333071411431547e+03
1.777333071411448373e+03
1.777333071411379706e+03
1.777333071411464971e+03
1.777333071411423589e+03
1.777333071411528408e+03
1.777333071411452011e+03
1.777333071411467699e+03
1.777333071411372202e+03
1.777333071411361743e+03
1.777333071411414267e+03
1.777333071411426090e+03
1.777333071411467245e+03
1.777333071411392666e+03
1.777333071411398123e+03
1.777333071411398123e+03
1.777333071411457240e+03
1.777333071411422452e+03
1.777333071411486117e+03
1.777333071411456558e+03
1.777333071411458604e+03
1.777333071411409492e+03
1.777333071411414494e+03
1.777333071411451783e+03
1.777333071411487708e+03
1.777333071411484980e+03
1.777333071411486344e+03
1.777333071411429501e+03
1.777333071411475430e+03
1.777333071411454512e+03
1.777333071411409264e+03
1.777333071411373339e+03
1.777333071411520223e+03
1.777333071411398350e+03
1.777333071411485435e+03
1.777333071411407900e+03
1.777333071411459287e+03
1.777333071411394712e+03
1.777333071411408582e+03
1.777333071411442234e+03
1.777333071411478613e+03
1.777333071411477476e+03
1.777333071411391984e+03
1.777333071411430865e+03
1.777333071411429501e+03
1.777333071411443370e+03
1.777333071411464744e+03
1.777333071411406991e+03
1.777333071411441324e+03
1.777333071411468609e+03
1.777333071411413584e+03
1.777333071411404717e+03
1.777333071411423589e+03
1.777333071411414949e+03
1.777333071411481797e+03
1.777333071411470883e+03
1.777333071411453830e+03
1.777333071411477022e+03
1.777333071411458150e+03
1.777333071411483843e+03
1.777333071411422907e+03
1.777333071411421543e+03
1.777333071411505216e+03
1.777333071411416995e+03
1.777333071411475430e+03
1.777333071411410629e+03
1.777333071411478613e+03
1.777333071411385390e+03
1.777333071411449282e+03
1.777333071411413130e+03
1.777333071411345372e+03
1.777333071411451556e+03
1.777333071411407673e+03
1.777333071411469746e+03
1.777333071411454284e+03
1.777333071411423589e+03
1.777333071411399942e+03
1.777333071411492256e+03
1.777333071411407445e+03
1.777333071411422225e+03
1.777333071411486799e+03
1.777333071411465426e+03
1.777333071411437459e+03
1.777333071411507945e+03
1.777333071411489527e+03
1.777333071411470200e+03
1.777333071411430410e+03
1.777333071411434275e+03
1.777333071411472474e+03
1.777333071411423134e+03
1.777333071411444053e+03
1.777333071411481797e+03
1.777333071411490664e+03
1.777333071411415403e+03
1.777333071411454512e+03
1.777333071411456558e+03
1.777333071411428591e+03
1.777333071411434275e+03
1.777333071411423816e+03
1.777333071411442461e+03
1.777333071411435640e+03
1.777333071411469518e+03
1.777333071411423361e+03
1.777333071411409264e+03
1.777333071411456331e+03
1.777333071411444507e+03
1.777333071411419951e+03
1.777333071411423589e+03
1.777333071411411765e+03
1.777333071411444735e+03
1.777333071411409492e+03
1.777333071411419724e+03
1.777333071411463834e+03
1.777333071411414039e+03
1.777333071411426317e+03
1.777333071411410629e+03
1.777333071411423361e+03
1.777333071411390620e+03
1.777333071411456785e+03
1.777333071411427227e+03
1.777333071411477704e+03
1.777333071411425635e+03
1.777333071411487253e+03
1.777333071411463152e+03
1.777333071411462242e+03
1.777333071411453375e+03
1.777333071411459741e+03
1.777333071411475430e+03
1.777333071411424953e+03
1.777333071411389028e+03
1.777333071411411765e+03
1.777333071411431092e+03
1.777333071411394258e+03
1.777333071411466562e+03
1.777333071411492710e+03
1.777333071411419041e+03
1.777333071411489527e+03
1.777333071411457695e+03
1.777333071411431547e+03
1.777333071411434730e+03
1.777333071411469973e+03
1.777333071411431774e+03
1.777333071411404944e+03
1.777333071411418587e+03
1.777333071411419041e+03
1.777333071411492028e+03
1.777333071411416768e+03
1.777333071411428818e+03
1.777333071411387209e+03
1.777333071411458150e+03
1.777333071411455194e+03
1.777333071411434503e+03
1.777333071411458604e+03
1.777333071411448145e+03
1.777333071411369701e+03
1.777333071411427909e+03
1.777333071411406081e+03
1.777333071411513856e+03
1.777333071411469518e+03
1.777333071411502488e+03
1.777333071411465653e+03
1.777333071411445871e+03
1.777333071411400624e+03
1.777333071411457695e+03
1.777333071411443143e+03
1.777333071411426999e+03
1.777333071411473384e+03
1.777333071411464289e+03
1.777333071411467245e+03
1.777333071411414494e+03
1.777333071411478613e+03
1.777333071411428591e+03
1.777333071411420178e+03
1.777333071411377887e+03
1.777333071411413130e+03
1.777333071411416995e+03
1.777333071411446326e+03
1.777333071411476340e+03
1.777333071411465653e+03
1.777333071411467699e+03
1.777333071411466108e+03
1.777333071411447918e+03
1.777333071411458832e+03
1.777333071411422907e+03
1.777333071411500896e+03
1.777333071411451101e+03
1.777333071411476567e+03
1.777333071411467927e+03
1.777333071411402670e+03
1.777333071411415176e+03
1.777333071411438823e+03
1.777333071411505443e+03
1.777333071411491801e+03
1.777333071411421770e+03
1.777333071411465198e+03
1.777333071411491119e+03
1.777333071411459969e+03
1.777333071411414721e+03
1.777333071411471110e+03
1.777333071411401988e+03
1.777333071411449737e+03
1.777333071411412675e+03
1.777333071411434958e+03
1.777333071411508854e+03
1.777333071411461560e+03
1.777333071411457922e+03
1.777333071411377887e+03
1.777333071411404944e+03
1.777333071411421088e+03
1.777333071411449282e+03
1.777333071411394258e+03
1.777333071411436549e+03
1.777333071411486344e+03
1.777333071411482933e+03
1.777333071411401988e+03
1.777333071411471337e+03
1.777333071411472474e+03
1.777333071411420860e+03
1.777333071411432911e+03
1.777333071411419496e+03
1.777333071411433139e+03
1.777333071411457922e+03
1.777333071411457240e+03
1.777333071411405172e+03
1.777333071411457695e+03
1.777333071411472702e+03
1.777333071411462015e+03
1.777333071411442006e+03
1.777333071411389938e+03
1.777333071411452920e+03
1.777333071411430410e+03
1.777333071411426772e+03
1.777333071411394485e+03
1.777333071411439278e+03
1.777333071411411765e+03
1.777333071411437913e+03
1.777333071411434958e+03
1.777333071411441324e+03
1.777333071411451783e+03
1.777333071411449282e+03
1.777333071411419269e+03
1.777333071411478159e+03
1.777333071411410856e+03
1.777333071411468154e+03
1.777333071411450874e+03
1.777333071411410856e+03
1.777333071411448600e+03
1.777333071411530227e+03
1.777333071411456558e+03
1.777333071411420406e+03
1.777333071411428136e+03
1.777333071411470200e+03
1.777333071411443598e+03
1.777333071411425863e+03
1.777333071411397896e+03
1.777333071411452011e+03
1.777333071411455649e+03
1.777333071411451783e+03
1.777333071411487708e+03
1.777333071411477704e+03
1.777333071411468381e+03
1.777333071411411993e+03
1.777333071411424726e+03
1.777333071411477931e+03
1.777333071411397441e+03
1.777333071411366745e+03
1.777333071411373567e+03
1.777333071411419951e+03
1.777333071411424271e+03
1.777333071411480432e+03
1.777333071411406536e+03
1.777333071411472929e+03
1.777333071411466562e+03
1.777333071411504761e+03
1.777333071411450419e+03
1.777333071411478159e+03
1.777333071411467472e+03
1.777333071411408127e+03
1.777333071411392439e+03
1.777333071411414494e+03
1.777333071411483388e+03
1.777333071411419951e+03
1.777333071411432911e+03
1.777333071411452011e+03
1.777333071411427909e+03
1.777333071411456558e+03
1.777333071411417677e+03
1.777333071411409946e+03
1.777333071411391529e+03
1.777333071411467472e+03
1.777333071411397441e+03
1.777333071411431092e+03
1.777333071411409037e+03
1.777333071411450646e+03
1.777333071411449055e+03
1.777333071411458150e+03
1.777333071411425408e+03
1.777333071411386527e+03
1.777333071411439050e+03
1.777333071411375386e+03
1.777333071411448373e+03
1.777333071411439278e+03
1.777333071411470883e+03
1.777333071411452465e+03
1.777333071411406081e+03
1.777333071411484980e+03
1.777333071411478159e+03
1.777333071411412220e+03
1.777333071411424953e+03
1.777333071411460423e+03
1.777333071411452238e+03
1.777333071411484980e+03
1.777333071411388119e+03
1.777333071411423589e+03
1.777333071411490891e+03
1.777333071411483843e+03
1.777333071411427682e+03
1.777333071411456331e+03
1.777333071411451783e+03
1.777333071411425408e+03
1.777333071411459741e+03
1.777333071411460423e+03
1.777333071411457240e+03
1.777333071411466108e+03
1.777333071411451101e+03
1.777333071411470428e+03
1.777333071411433139e+03
1.777333071411462242e+03
1.777333071411507035e+03
1.777333071411445189e+03
1.777333071411472929e+03
1.777333071411452465e+03
1.777333071411434275e+03
1.777333071411395167e+03
1.777333071411469518e+03
1.777333071411412675e+03
1.777333071411503624e+03
1.777333071411410856e+03
1.777333071411415631e+03
1.777333071411437459e+03
1.777333071411423816e+03
1.777333071411401306e+03
1.777333071411471110e+03
1.777333071411429046e+03
1.777333071411400624e+03
1.777333071411423134e+03
1.777333071411477249e+03
1.777333071411451556e+03
1.777333071411476567e+03
1.777333071411451783e+03
1.777333071411449282e+03
1.777333071411464971e+03
1.777333071411399487e+03
1.777333071411480205e+03
1.777333071411426772e+03
1.777333071411424726e+03
1.777333071411413584e+03
1.777333071411466335e+03
1.777333071411444735e+03
1.777333071411467245e+03
1.777333071411472929e+03
1.777333071411419496e+03
1.777333071411385617e+03
1.777333071411412448e+03
1.777333071411347419e+03
1.777333071411421543e+03
1.777333071411434958e+03
1.777333071411409264e+03
1.777333071411426999e+03
1.777333071411462470e+03
1.777333071411387436e+03
1.777333071411482024e+03
1.777333071411471565e+03
1.777333071411422452e+03
1.777333071411491346e+03
1.777333071411425180e+03
1.777333071411428591e+03
1.777333071411474293e+03
1.777333071411430410e+03
1.777333071411423589e+03
1.777333071411438823e+03
1.777333071411413357e+03
1.777333071411462015e+03
1.777333071411435640e+03
1.777333071411468836e+03
1.777333071411406308e+03
1.777333071411416995e+03
1.777333071411459059e+03
1.777333071411501805e+03
1.777333071411405399e+03
1.777333071411453830e+03
1.777333071411404944e+03
1.777333071411380160e+03
1.777333071411436322e+03
1.777333071411434048e+03
1.777333071411469973e+03
1.777333071411426545e+03
1.777333071411467472e+03
1.777333071411430865e+03
1.777333071411457468e+03
1.777333071411489072e+03
1.777333071411434275e+03
1.777333071411389710e+03
1.777333071411373112e+03
1.777333071411468154e+03
1.777333071411400169e+03
1.777333071411410856e+03
1.777333071411466790e+03
1.777333071411479750e+03
1.777333071411462015e+03
1.777333071411419951e+03
1.777333071411429273e+03
1.777333071411450419e+03
1.777333071411477476e+03
1.777333071411442006e+03
1.777333071411432002e+03
1.777333071411447236e+03
1.777333071411414494e+03
1.777333071411453602e+03
1.777333071411408582e+03
1.777333071411432684e+03
1.777333071411414494e+03
1.777333071411448600e+03
1.777333071411471110e+03
1.777333071411408355e+03
1.777333071411481569e+03
1.777333071411414721e+03
1.777333071411454512e+03
1.777333071411435185e+03
1.777333071411423816e+03
1.777333071411418359e+03
1.777333071411396986e+03
1.777333071411455421e+03
1.777333071411412675e+03
1.777333071411421770e+03
1.777333071411462015e+03
1.777333071411485435e+03
1.777333071411449964e+03
1.777333071411447690e+03
1.777333071411426772e+03
1.777333071411468154e+03
1.777333071411399942e+03
1.777333071411458604e+03
1.777333071411426317e+03
1.777333071411415176e+03
1.777333071411439050e+03
1.777333071411491119e+03
1.777333071411470655e+03
1.777333071411462470e+03
1.777333071411479523e+03
1.777333071411484980e+03
1.777333071411447236e+03
1.777333071411476112e+03
1.777333071411450646e+03
1.777333071411472247e+03
1.777333071411446554e+03
1.777333071411473838e+03
1.777333071411505671e+03
1.777333071411467472e+03
1.777333071411475430e+03
1.777333071411427909e+03
1.777333071411475657e+03
1.777333071411424271e+03
1.777333071411451783e+03
1.777333071411410174e+03
1.777333071411469973e+03
1.777333071411543642e+03
1.777333071411416086e+03
1.777333071411419496e+03
1.777333071411411765e+03
1.777333071411506353e+03
1.777333071411454284e+03
1.777333071411408810e+03
1.777333071411465198e+03
1.777333071411406081e+03
1.777333071411480432e+03
1.777333071411431320e+03
1.777333071411435640e+03
1.777333071411390620e+03
1.777333071411451783e+03
1.777333071411478386e+03
1.777333071411451101e+03
1.777333071411454512e+03
1.777333071411419724e+03
1.777333071411412902e+03
1.777333071411385845e+03
1.777333071411422452e+03
1.777333071411391074e+03
1.777333071411450646e+03
1.777333071411433821e+03
1.777333071411468609e+03
1.777333071411435640e+03
1.777333071411433593e+03
1.777333071411456558e+03
1.777333071411488845e+03
1.777333071411413130e+03
1.777333071411395849e+03
1.777333071411478159e+03
1.777333071411470655e+03
1.777333071411414721e+03
1.777333071411446781e+03
1.777333071411440642e+03
1.777333071411429273e+03
1.777333071411524998e+03
1.777333071411422907e+03
1.777333071411466108e+03
1.777333071411487708e+03
1.777333071411423134e+03
1.777333071411433593e+03
1.777333071411461788e+03
1.777333071411388346e+03
1.777333071411418587e+03
1.777333071411412220e+03
1.777333071411484525e+03
1.777333071411453830e+03
1.777333071411363790e+03
1.777333071411381525e+03
1.777333071411455876e+03
1.777333071411449737e+03
1.777333071411424044e+03
1.777333071411407445e+03
1.777333071411447690e+03
1.777333071411430183e+03
1.777333071411423589e+03
1.777333071411424726e+03
1.777333071411399715e+03
1.777333071411421997e+03
1.777333071411496348e+03
1.777333071411410629e+03
1.777333071411507262e+03
1.777333071411372657e+03
1.777333071411438368e+03
1.777333071411487481e+03
1.777333071411458832e+03
1.777333071411475657e+03
1.777333071411394485e+03
1.777333071411450646e+03
1.777333071411474066e+03
1.777333071411499077e+03
1.777333071411411765e+03
1.777333071411444962e+03
1.777333071411477931e+03
1.777333071411486117e+03
1.777333071411458150e+03
1.777333071411412675e+03
1.777333071411455194e+03
1.777333071411473156e+03
1.777333071411440187e+03
1.777333071411428136e+03
1.777333071411429501e+03
1.777333071411479523e+03
1.777333071411403580e+03
1.777333071411462697e+03
1.777333071411507490e+03
1.777333071411401079e+03
1.777333071411470428e+03
1.777333071411442461e+03
1.777333071411421770e+03
1.777333071411424498e+03
1.777333071411432229e+03
1.777333071411414721e+03
1.777333071411411538e+03
1.777333071411453602e+03
1.777333071411443370e+03
1.777333071411454739e+03
1.777333071411447690e+03
1.777333071411465426e+03
1.777333071411412220e+03
1.777333071411437913e+03
1.777333071411411538e+03
1.777333071411417677e+03
1.777333071411428818e+03
1.777333071411441551e+03
1.777333071411472474e+03
1.777333071411401306e+03
1.777333071411380160e+03
1.777333071411378114e+03
1.777333071411398578e+03
1.777333071411442916e+03
1.777333071411465198e+03
1.777333071411468154e+03
1.777333071411461333e+03
1.777333071411423589e+03
1.777333071411410629e+03
1.777333071411438368e+03
1.777333071411504534e+03
1.777333071411464516e+03
1.777333071411469064e+03
1.777333071411456103e+03
1.777333071411438596e+03
1.777333071411425408e+03
1.777333071411452011e+03
1.777333071411470883e+03
1.777333071411418587e+03
1.777333071411457695e+03
1.777333071411419951e+03
1.777333071411468836e+03
1.777333071411413584e+03
1.777333071411463607e+03
1.777333071411399715e+03
1.777333071411401988e+03
1.777333071411498395e+03
1.777333071411460878e+03
1.777333071411428591e+03
1.777333071411439960e+03
1.777333071411456558e+03
1.777333071411413584e+03
1.777333071411423816e+03
1.777333071411414267e+03
1.777333071411515220e+03
1.777333071411411993e+03
1.777333071411389255e+03
1.777333071411379478e+03
1.777333071411416995e+03
1.777333071411454057e+03
1.777333071411469291e+03
1.777333071411472929e+03
1.777333071411414267e+03
1.777333071411511810e+03
1.777333071411433366e+03
1.777333071411457013e+03
1.777333071411412220e+03
1.777333071411467927e+03
1.777333071411476340e+03
1.777333071411462015e+03
1.777333071411498167e+03
1.777333071411400397e+03
1.777333071411452465e+03
1.777333071411403353e+03
1.777333071411507717e+03
1.777333071411456558e+03
1.777333071411408355e+03
1.777333071411483161e+03
1.777333071411442461e+03
1.777333071411464971e+03
1.777333071411428591e+03
1.777333071411439505e+03
1.777333071411442461e+03
1.777333071411405854e+03
1.777333071411445417e+03
1.777333071411457922e+03
1.777333071411463607e+03
1.777333071411472019e+03
1.777333071411409719e+03
1.777333071411483616e+03
1.777333071411459741e+03
1.777333071411469064e+03
1.777333071411495666e+03
1.777333071411463152e+03
1.777333071411417905e+03
1.777333071411430865e+03
1.777333071411459741e+03
1.777333071411460423e+03
1.777333071411401761e+03
1.777333071411451783e+03
1.777333071411480660e+03
1.777333071411389255e+03
1.777333071411435640e+03
1.777333071411415858e+03
1.777333071411454966e+03
1.777333071411456785e+03
1.777333071411489982e+03
1.777333071411396077e+03
1.777333071411394485e+03
1.777333071411453147e+03
1.777333071411474066e+03
1.777333071411418132e+03
1.777333071411397214e+03
1.777333071411460651e+03
1.777333071411494075e+03
1.777333071411461560e+03
1.777333071411444280e+03
1.777333071411433593e+03
1.777333071411422679e+03
1.777333071411401534e+03
1.777333071411441551e+03
1.777333071411450419e+03
1.777333071411481342e+03
1.777333071411419951e+03
1.777333071411469291e+03
1.777333071411433593e+03
1.777333071411438596e+03
1.777333071411411083e+03
1.777333071411397441e+03
1.777333071411451783e+03
1.777333071411484525e+03
1.777333071411425635e+03
1.777333071411432229e+03
1.777333071411489072e+03
1.777333071411417450e+03
1.777333071411474975e+03
1.777333071411427909e+03
1.777333071411416540e+03
1.777333071411395622e+03
1.777333071411447690e+03
1.777333071411414721e+03
1.777333071411426545e+03
1.777333071411484070e+03
1.777333071411438368e+03
1.777333071411460651e+03
1.777333071411396986e+03
1.777333071411397896e+03
1.777333071411485435e+03
1.777333071411395622e+03
1.777333071411404262e+03
1.777333071411445871e+03
1.777333071411469746e+03
1.777333071411462697e+03
1.777333071411424726e+03
1.777333071411407218e+03
1.777333071411411538e+03
1.777333071411418359e+03
1.777333071411453375e+03
1.777333071411444280e+03
1.777333071411428364e+03
1.777333071411454284e+03
1.777333071411412220e+03
1.777333071411482024e+03
1.777333071411451556e+03
1.777333071411441551e+03
1.777333071411481797e+03
1.777333071411419041e+03
1.777333071411461333e+03
1.777333071411416540e+03
1.777333071411428136e+03
1.777333071411453602e+03
1.777333071411378796e+03
1.777333071411473384e+03
1.777333071411393121e+03
1.777333071411411765e+03
1.777333071411408355e+03
1.777333071411459287e+03
1.777333071411420633e+03
1.777333071411464971e+03
1.777333071411462015e+03
1.777333071411415176e+03
1.777333071411466562e+03
1.777333071411460196e+03
1.777333071411440415e+03
1.777333071411476340e+03
1.777333071411425863e+03
1.777333071411429273e+03
1.777333071411442461e+03
1.777333071411466790e+03
1.777333071411368110e+03
1.777333071411484070e+03
1.777333071411479523e+03
1.777333071411462470e+03
1.777333071411413357e+03
1.777333071411422452e+03
1.777333071411477704e+03
1.777333071411407673e+03
1.777333071411480205e+03
1.777333071411460196e+03
1.777333071411481342e+03
1.777333071411432002e+03
1.777333071411453375e+03
1.777333071411437459e+03
1.777333071411473838e+03
1.777333071411425635e+03
1.777333071411432456e+03
1.777333071411438368e+03
1.777333071411485207e+03
1.777333071411454966e+03
1.777333071411463607e+03
1.777333071411496348e+03
1.777333071411419269e+03
1.777333071411402443e+03
1.777333071411423134e+03
1.777333071411433366e+03
1.777333071411443143e+03
1.777333071411416768e+03
1.777333071411447918e+03
1.777333071411467927e+03
1.777333071411429728e+03
1.777333071411453602e+03
1.777333071411453375e+03
1.777333071411435640e+03
1.777333071411415858e+03
1.777333071411458832e+03
1.777333071411446099e+03
1.777333071411480887e+03
1.777333071411410856e+03
1.777333071411410174e+03
1.777333071411447236e+03
1.777333071411493165e+03
1.777333071411419269e+03
1.777333071411521132e+03
1.777333071411454512e+03
1.777333071411405399e+03
1.777333071411479068e+03
1.777333071411474293e+03
1.777333071411452011e+03
1.777333071411442006e+03
1.777333071411474975e+03
1.777333071411444507e+03
1.777333071411471792e+03
1.777333071411472474e+03
1.777333071411407218e+03
1.777333071411504989e+03
1.777333071411427454e+03
1.777333071411399715e+03
1.777333071411441324e+03
1.777333071411425863e+03
1.777333071411462242e+03
1.777333071411463834e+03
1.777333071411467472e+03
1.777333071411477476e+03
1.777333071411421543e+03
1.777333071411406991e+03
1.777333071411475203e+03
1.777333071411450646e+03
1.777333071411528636e+03
1.777333071411471337e+03
1.777333071411472702e+03
1.777333071411434958e+03
1.777333071411485435e+03
1.777333071411484070e+03
1.777333071411416313e+03
1.777333071411473384e+03
1.777333071411467472e+03
1.777333071411401306e+03
1.777333071411442234e+03
1.777333071411472702e+03
1.777333071411421770e+03
1.777333071411474975e+03
1.777333071411455421e+03
1.777333071411486571e+03
1.777333071411415631e+03
1.777333071411424044e+03
1.777333071411455876e+03
1.777333071411449737e+03
1.777333071411489527e+03
1.777333071411450419e+03
1.777333071411394030e+03
1.777333071411481569e+03
1.777333071411353785e+03
1.777333071411450192e+03
1.777333071411418132e+03
1.777333071411397668e+03
1.777333071411419041e+03
1.777333071411475885e+03
1.777333071411463834e+03
1.777333071411442916e+03
1.777333071411448373e+03
1.777333071411418814e+03
1.777333071411401988e+03
1.777333071411487026e+03
1.777333071411443143e+03
1.777333071411413357e+03
1.777333071411416995e+03
1.777333071411399942e+03
1.777333071411465426e+03
1.777333071411432002e+03
1.777333071411461333e+03
1.777333071411404717e+03
1.777333071411499986e+03
1.777333071411435412e+03
1.777333071411470200e+03
1.777333071411452920e+03
1.777333071411483388e+03
1.777333071411488618e+03
1.777333071411473156e+03
1.777333071411419724e+03
1.777333071411496348e+03
1.777333071411447463e+03
1.777333071411433821e+03
1.777333071411441551e+03
1.777333071411438596e+03
1.777333071411462015e+03
1.777333071411472474e+03
1.777333071411465653e+03
1.777333071411416313e+03
1.777333071411392211e+03
1.777333071411439050e+03
1.777333071411367200e+03
1.777333071411434503e+03
1.777333071411452011e+03
1.777333071411397668e+03
1.777333071411386300e+03
1.777333071411467699e+03
1.777333071411430410e+03
1.777333071411446326e+03
1.777333071411448145e+03
1.777333071411419269e+03
1.777333071411406308e+03
1.777333071411421997e+03
1.777333071411420406e+03
1.777333071411435412e+03
1.777333071411418132e+03
1.777333071411427909e+03
1.777333071411472474e+03
1.777333071411463379e+03
1.777333071411450646e+03
1.777333071411426999e+03
1.777333071411464744e+03
1.777333071411429955e+03
1.777333071411502033e+03
1.777333071411425863e+03
1.777333071411404717e+03
1.777333071411417222e+03
1.777333071411492938e+03
1.777333071411423134e+03
1.777333071411422452e+03
1.777333071411469746e+03
1.777333071411381070e+03
1.777333071411405854e+03
1.777333071411471792e+03
1.777333071411462242e+03
1.777333071411477022e+03
1.777333071411452465e+03
1.777333071411434275e+03
1.777333071411461788e+03
1.777333071411465426e+03
1.777333071411434275e+03
1.777333071411423816e+03
1.777333071411462015e+03
1.777333071411419269e+03
1.777333071411471792e+03
1.777333071411394940e+03
1.777333071411392211e+03
1.777333071411432684e+03
1.777333071411503397e+03
1.777333071411415631e+03
1.777333071411427454e+03
1.777333071411421770e+03
1.777333071411427227e+03
1.777333071411485207e+03
1.777333071411387436e+03
1.777333071411460651e+03
1.777333071411443370e+03
1.777333071411463834e+03
1.777333071411383571e+03
1.777333071411417905e+03
1.777333071411409492e+03
1.777333071411397441e+03
1.777333071411485889e+03
1.777333071411494757e+03
1.777333071411407218e+03
1.777333071411408810e+03
1.777333071411374704e+03
1.777333071411444507e+03
1.777333071411474521e+03
1.777333071411464289e+03
1.777333071411414494e+03
1.777333071411465426e+03
1.777333071411415176e+03
1.777333071411460651e+03
1.777333071411423589e+03
1.777333071411478841e+03
1.777333071411455194e+03
1.777333071411476112e+03
1.777333071411391529e+03
1.777333071411467927e+03
1.777333071411472247e+03
1.777333071411412220e+03
1.777333071411455649e+03
1.777333071411444280e+03
1.777333071411461560e+03
1.777333071411398123e+03
1.777333071411434275e+03
1.777333071411414267e+03
1.777333071411450646e+03
1.777333071411436094e+03
1.777333071411449964e+03
1.777333071411409264e+03
1.777333071411419496e+03
1.777333071411475885e+03
1.777333071411475203e+03
1.777333071411465426e+03
1.777333071411489072e+03
1.777333071411475430e+03
1.777333071411449282e+03
1.777333071411481342e+03
1.777333071411399942e+03
1.777333071411394940e+03
1.777333071411439505e+03
1.777333071411416995e+03
1.777333071411448827e+03
1.777333071411502715e+03
1.777333071411412220e+03
1.777333071411462470e+03
1.777333071411468154e+03
1.777333071411395849e+03
1.777333071411408582e+03
1.777333071411476112e+03
1.777333071411436094e+03
1.777333071411462242e+03
1.777333071411445871e+03
1.777333071411453602e+03
1.777333071411435867e+03
1.777333071411463152e+03
1.777333071411443825e+03
1.777333071411393803e+03
1.777333071411416768e+03
1.777333071411445189e+03
1.777333071411399260e+03
1.777333071411444280e+03
1.777333071411481569e+03
1.777333071411402216e+03
1.777333071411400624e+03
1.777333071411414039e+03
1.777333071411421997e+03
1.777333071411467017e+03
1.777333071411422679e+03
1.777333071411413584e+03
1.777333071411425180e+03
1.777333071411392439e+03
1.777333071411492483e+03
1.777333071411443143e+03
1.777333071411429273e+03
1.777333071411392893e+03
1.777333071411480432e+03
1.777333071411498850e+03
1.777333071411451101e+03
1.777333071411394258e+03
1.777333071411450419e+03
1.777333071411501805e+03
1.777333071411452693e+03
1.777333071411463834e+03
1.777333071411436322e+03
1.777333071411400397e+03
1.777333071411423361e+03
1.777333071411421543e+03
1.777333071411415176e+03
1.777333071411428136e+03
1.777333071411499532e+03
1.777333071411428136e+03
1.777333071411441551e+03
1.777333071411419041e+03
1.777333071411420178e+03
1.777333071411477476e+03
1.777333071411469746e+03
1.777333071411458150e+03
1.777333071411441097e+03
1.777333071411462470e+03
1.777333071411462015e+03
1.777333071411434275e+03
1.777333071411481797e+03
1.777333071411447008e+03
1.777333071411396531e+03
1.777333071411475885e+03
1.777333071411465880e+03
1.777333071411465653e+03
1.777333071411446099e+03
1.777333071411428591e+03
1.777333071411421997e+03
1.777333071411431774e+03
1.777333071411421088e+03
1.777333071411494302e+03
1.777333071411419269e+03
1.777333071411423134e+03
1.777333071411454966e+03
1.777333071411476112e+03
1.777333071411424953e+03
1.777333071411395395e+03
1.777333071411494984e+03
1.777333071411431320e+03
1.777333071411426545e+03
1.777333071411461106e+03
1.777333071411403125e+03
1.777333071411482024e+03
1.777333071411422452e+03
1.777333071411446099e+03
1.777333071411450874e+03
1.777333071411425180e+03
1.777333071411404262e+03
1.777333071411409037e+03
1.777333071411422679e+03
1.777333071411506126e+03
1.777333071411446326e+03
1.777333071411424726e+03
1.777333071411385390e+03
1.777333071411468836e+03
1.777333071411449737e+03
1.777333071411386982e+03
1.777333071411435185e+03
1.777333071411419951e+03
1.777333071411466335e+03
1.777333071411424044e+03
1.777333071411404944e+03
1.777333071411487936e+03
1.777333071411477931e+03
1.777333071411414721e+03
1.777333071411420860e+03
1.777333071411494302e+03
1.777333071411474293e+03
1.777333071411400397e+03
1.777333071411482024e+03
1.777333071411402898e+03
1.777333071411438596e+03
1.777333071411428364e+03
1.777333071411467927e+03
1.777333071411396531e+03
1.777333071411422679e+03
1.777333071411472702e+03
1.777333071411458150e+03
1.777333071411471337e+03
1.777333071411417222e+03
1.777333071411475203e+03
1.777333071411496576e+03
1.777333071411479978e+03
1.777333071411459514e+03
1.777333071411407445e+03
1.777333071411374021e+03
1.777333071411464516e+03
1.777333071411404262e+03
1.777333071411456331e+03
1.777333071411414494e+03
1.777333071411477931e+03
1.777333071411472019e+03
1.777333071411462925e+03
1.777333071411480432e+03
1.777333071411411765e+03
1.777333071411425408e+03
1.777333071411468381e+03
1.777333071411439732e+03
1.777333071411499532e+03
1.777333071411456558e+03
1.777333071411448600e+03
1.777333071411401534e+03
1.777333071411459969e+03
1.777333071411478841e+03
1.777333071411469518e+03
1.777333071411456103e+03
1.777333071411403125e+03
1.777333071411428591e+03
1.777333071411459969e+03
1.777333071411470428e+03
1.777333071411474748e+03
1.777333071411467699e+03
1.777333071411469518e+03
1.777333071411457695e+03
1.777333071411502942e+03
1.777333071411460196e+03
1.777333071411464061e+03
1.777333071411472474e+03
1.777333071411397441e+03
1.777333071411447690e+03
1.777333071411460423e+03
1.777333071411448827e+03
1.777333071411503852e+03
1.777333071411405854e+03
1.777333071411363107e+03
1.777333071411469746e+03
1.777333071411406763e+03
1.777333071411480432e+03
1.777333071411451328e+03
1.777333071411432229e+03
1.777333071411455876e+03
1.777333071411464289e+03
1.777333071411415858e+03
1.777333071411466790e+03
1.777333071411391984e+03
1.777333071411454057e+03
1.777333071411381297e+03
1.777333071411438141e+03
1.777333071411499986e+03
1.777333071411442234e+03
1.777333071411418587e+03
1.777333071411416540e+03
1.777333071411432911e+03
1.777333071411483161e+03
1.777333071411513174e+03
1.777333071411401306e+03
1.777333071411467927e+03
1.777333071411445871e+03
1.777333071411416540e+03
1.777333071411433593e+03
1.777333071411466335e+03
1.777333071411406308e+03
1.777333071411426090e+03
1.777333071411440415e+03
1.777333071411464516e+03
1.777333071411445644e+03
1.777333071411446781e+03
1.777333071411465653e+03
1.777333071411453375e+03
1.777333071411465653e+03
1.777333071411442688e+03
1.777333071411439505e+03
1.777333071411410629e+03
1.777333071411471110e+03
1.777333071411452465e+03
1.777333071411508854e+03
1.777333071411488845e+03
1.777333071411464061e+03
1.777333071411501351e+03
1.777333071411466108e+03
1.777333071411464289e+03
1.777333071411401534e+03
1.777333071411429728e+03
1.777333071411438141e+03
1.777333071411462925e+03
1.777333071411506353e+03
1.777333071411416313e+03
1.777333071411469973e+03
1.777333071411392666e+03
1.777333071411427227e+03
1.777333071411406308e+03
1.777333071411407218e+03
1.777333071411492256e+03
1.777333071411409264e+03
1.777333071411408127e+03
1.777333071411489755e+03
1.777333071411470200e+03
1.777333071411463379e+03
1.777333071411436549e+03
1.777333071411405626e+03
1.777333071411468836e+03
1.777333071411464744e+03
1.777333071411457013e+03
1.777333071411457240e+03
1.777333071411486344e+03
1.777333071411476794e+03
1.777333071411471337e+03
1.777333071411449964e+03
1.777333071411413812e+03
1.777333071411458377e+03
1.777333071411472474e+03
1.777333071411452011e+03
1.777333071411445417e+03
1.777333071411388573e+03
1.777333071411502488e+03
1.777333071411457695e+03
1.777333071411471792e+03
1.777333071411449509e+03
1.777333071411459741e+03
1.777333071411425635e+03
1.777333071411484070e+03
1.777333071411455649e+03
1.777333071411448827e+03
1.777333071411419269e+03
1.777333071411469746e+03
1.777333071411430410e+03
1.777333071411413584e+03
1.777333071411449055e+03
1.777333071411451101e+03
1.777333071411478386e+03
1.777333071411518404e+03
1.777333071411412220e+03
1.777333071411484525e+03
1.777333071411428818e+03
1.777333071411420633e+03
1.777333071411423134e+03
1.777333071411444507e+03
1.777333071411411311e+03
1.777333071411473838e+03
1.777333071411426317e+03
1.777333071411488845e+03
1.777333071411453602e+03
1.777333071411509763e+03
1.777333071411401079e+03
1.777333071411445871e+03
1.777333071411476112e+03
1.777333071411423589e+03
1.777333071411477931e+03
1.777333071411474293e+03
1.777333071411394712e+03
1.777333071411436322e+03
1.777333071411464971e+03
1.777333071411393803e+03
1.777333071411448600e+03
1.777333071411476567e+03
1.777333071411416540e+03
1.777333071411419269e+03
1.777333071411400397e+03
1.777333071411427682e+03
1.777333071411398350e+03
1.777333071411423361e+03
1.777333071411456785e+03
1.777333071411411538e+03
1.777333071411419496e+03
1.777333071411524315e+03
1.777333071411460878e+03
1.777333071411405854e+03
1.777333071411407218e+03
1.777333071411369929e+03
1.777333071411467017e+03
1.777333071411411083e+03
1.777333071411396531e+03
1.777333071411443598e+03
1.777333071411442461e+03
1.777333071411380843e+03
1.777333071411445189e+03
1.777333071411389255e+03
1.777333071411384935e+03
1.777333071411425863e+03
1.777333071411468609e+03
1.777333071411417450e+03
1.777333071411454284e+03
1.777333071411381979e+03
1.777333071411428818e+03
1.777333071411528408e+03
1.777333071411415403e+03
1.777333071411421315e+03
1.777333071411445417e+03
1.777333071411397896e+03
1.777333071411432684e+03
1.777333071411419724e+03
1.777333071411389710e+03
1.777333071411455876e+03
1.777333071411438823e+03
1.777333071411429046e+03
1.777333071411381525e+03
1.777333071411486344e+03
1.777333071411483161e+03
1.777333071411473384e+03
1.777333071411442006e+03
1.777333071411419041e+03
1.777333071411440869e+03
1.777333071411378342e+03
1.777333071411452693e+03
1.777333071411466790e+03
1.777333071411372885e+03
1.777333071411441324e+03
1.777333071411497940e+03
1.777333071411476567e+03
1.777333071411412220e+03
1.777333071411464744e+03
1.777333071411428136e+03
1.777333071411505671e+03
1.777333071411421997e+03
1.777333071411479523e+03
1.777333071411424953e+03
1.777333071411415403e+03
1.777333071411404717e+03
1.777333071411426999e+03
1.777333071411423589e+03
1.777333071411460651e+03
1.777333071411435640e+03
1.777333071411424498e+03
1.777333071411454284e+03
1.777333071411460196e+03
1.777333071411429501e+03
1.777333071411407900e+03
1.777333071411512492e+03
1.777333071411409037e+03
1.777333071411414267e+03
1.777333071411384481e+03
1.777333071411452693e+03
1.777333071411440642e+03
1.777333071411443370e+03
1.777333071411469064e+03
1.777333071411451328e+03
1.777333071411452238e+03
1.777333071411394712e+03
1.777333071411437459e+03
1.777333071411412220e+03
1.777333071411425863e+03
1.777333071411449055e+03
1.777333071411412220e+03
1.777333071411435867e+03
1.777333071411411311e+03
1.777333071411463152e+03
1.777333071411421315e+03
1.777333071411388573e+03
1.777333071411432229e+03
1.777333071411413812e+03
1.777333071411413357e+03
1.777333071411455876e+03
1.777333071411417450e+03
1.777333071411495666e+03
1.777333071411460196e+03
1.777333071411432229e+03
1.777333071411466335e+03
1.777333071411442234e+03
1.777333071411428136e+03
1.777333071411442461e+03
1.777333071411468381e+03
1.777333071411452920e+03
1.777333071411461333e+03
1.777333071411431092e+03
1.777333071411401306e+03
1.777333071411479295e+03
1.777333071411467245e+03
1.777333071411464744e+03
1.777333071411454739e+03
1.777333071411484752e+03
1.777333071411484752e+03
1.777333071411467927e+03
1.777333071411463152e+03
1.777333071411452011e+03
1.777333071411455876e+03
1.777333071411434048e+03
1.777333071411426545e+03
1.777333071411445871e+03
1.777333071411477249e+03
1.777333071411383571e+03
1.777333071411444735e+03
1.777333071411464971e+03
1.777333071411427454e+03
1.777333071411442461e+03
1.777333071411503397e+03
1.777333071411444280e+03
1.777333071411420406e+03
1.777333071411448145e+03
1.777333071411408355e+03
1.777333071411429501e+03
1.777333071411473156e+03
1.777333071411468836e+03
1.777333071411438596e+03
1.777333071411430183e+03
1.777333071411430183e+03
1.777333071411425408e+03
1.777333071411485435e+03
1.777333071411449282e+03
1.777333071411419041e+03
1.777333071411485889e+03
1.777333071411399942e+03
1.777333071411461788e+03
1.777333071411478841e+03
1.777333071411427454e+03
1.777333071411463607e+03
1.777333071411476112e+03
1.777333071411460878e+03
1.777333071411398805e+03
1.777333071411488390e+03
1.777333071411429728e+03
1.777333071411385617e+03
1.777333071411428591e+03
1.777333071411466790e+03
1.777333071411417677e+03
1.777333071411415858e+03
1.777333071411422907e+03
1.777333071411410856e+03
1.777333071411418587e+03
1.777333071411448827e+03
1.777333071411472247e+03
1.777333071411458832e+03
1.777333071411541141e+03
1.777333071411421315e+03
1.777333071411464289e+03
1.777333071411415858e+03
1.777333071411470655e+03
1.777333071411440187e+03
1.777333071411432456e+03
1.777333071411437913e+03
1.777333071411489982e+03
1.777333071411481114e+03
1.777333071411430410e+03
1.777333071411443370e+03
1.777333071411400624e+03
1.777333071411401761e+03
1.777333071411453830e+03
1.777333071411408355e+03
1.777333071411418359e+03
1.777333071411439050e+03
1.777333071411462925e+03
1.777333071411471337e+03
1.777333071411463152e+03
1.777333071411425863e+03
1.777333071411479068e+03
1.777333071411451101e+03
1.777333071411446326e+03
1.777333071411404262e+03
1.777333071411457922e+03
1.777333071411469518e+03
1.777333071411418132e+03
1.777333071411457468e+03
1.777333071411405399e+03
1.777333071411435640e+03
1.777333071411463834e+03
1.777333071411467245e+03
1.777333071411397441e+03
1.777333071411458377e+03
1.777333071411465426e+03
1.777333071411462925e+03
1.777333071411404944e+03
1.777333071411426090e+03
1.777333071411484525e+03
1.777333071411397668e+03
1.777333071411459741e+03
1.777333071411400397e+03
1.777333071411420406e+03
1.777333071411474293e+03
1.777333071411430865e+03
1.777333071411434958e+03
1.777333071411438368e+03
1.777333071411476340e+03
1.777333071411425180e+03
1.777333071411489527e+03
1.777333071411508399e+03
1.777333071411392439e+03
1.777333071411449737e+03
1.777333071411456785e+03
1.777333071411409719e+03
1.777333071411448827e+03
1.777333071411418132e+03
1.777333071411457468e+03
1.777333071411454739e+03
1.777333071411459969e+03
1.777333071411416995e+03
1.777333071411474748e+03
1.777333071411407673e+03
1.777333071411447463e+03
1.777333071411413357e+03
1.777333071411388801e+03
1.777333071411402898e+03
1.777333071411485889e+03
1.777333071411470200e+03
1.777333071411408127e+03
1.777333071411462242e+03
1.777333071411500214e+03
1.777333071411498167e+03
1.777333071411465198e+03
1.777333071411484525e+03
1.777333071411442688e+03
1.777333071411472929e+03
1.777333071411465198e+03
1.777333071411467927e+03
1.777333071411424044e+03
1.777333071411425180e+03
1.777333071411422225e+03
1.777333071411409264e+03
1.777333071411459741e+03
1.777333071411364017e+03
1.777333071411430183e+03
1.777333071411390165e+03
1.777333071411427909e+03
1.777333071411419724e+03
1.777333071411466562e+03
1.777333071411463379e+03
1.777333071411488163e+03
1.777333071411401534e+03
1.777333071411468609e+03
1.777333071411438823e+03
1.777333071411385845e+03
1.777333071411412675e+03
1.777333071411438596e+03
1.777333071411451328e+03
1.777333071411404717e+03
1.777333071411414039e+03
1.777333071411487253e+03
1.777333071411465426e+03
1.777333071411443598e+03
1.777333071411496576e+03
1.777333071411470655e+03
1.777333071411477476e+03
1.777333071411493393e+03
1.777333071411492710e+03
1.777333071411473156e+03
1.777333071411470655e+03
1.777333071411431547e+03
1.777333071411433593e+03
1.777333071411484070e+03
1.777333071411433821e+03
1.777333071411416995e+03
1.777333071411452011e+03
1.777333071411478159e+03
1.777333071411427454e+03
1.777333071411445644e+03
1.777333071411417905e+03
1.777333071411467927e+03
1.777333071411480432e+03
1.777333071411434958e+03
1.777333071411479068e+03
1.777333071411424726e+03
1.777333071411413130e+03
1.777333071411350147e+03
1.777333071411368110e+03
1.777333071411450874e+03
1.777333071411463607e+03
1.777333071411421770e+03
1.777333071411456558e+03
1.777333071411464289e+03
1.777333071411457695e+03
1.777333071411489300e+03
1.777333071411450192e+03
1.777333071411455649e+03
1.777333071411423361e+03
1.777333071411424044e+03
1.777333071411424271e+03
1.777333071411413584e+03
1.777333071411399715e+03
1.777333071411429501e+03
1.777333071411476794e+03
1.777333071411464971e+03
1.777333071411455194e+03
1.777333071411477022e+03
1.777333071411457240e+03
1.777333071411425408e+03
1.777333071411456785e+03
1.777333071411466790e+03
1.777333071411476340e+03
1.777333071411429955e+03
1.777333071411395395e+03
1.777333071411413812e+03
1.777333071411491346e+03
1.777333071411486117e+03
1.777333071411425635e+03
1.777333071411402898e+03
1.777333071411418132e+03
1.777333071411482251e+03
1.777333071411408582e+03
1.777333071411397441e+03
1.777333071411441551e+03
1.777333071411417677e+03
1.777333071411477249e+03
1.777333071411417450e+03
1.777333071411471565e+03
1.777333071411467245e+03
1.777333071411430410e+03
1.777333071411471792e+03
1.777333071411423816e+03
1.777333071411433366e+03
1.777333071411432456e+03
1.777333071411491801e+03
1.777333071411455649e+03
1.777333071411440869e+03
1.777333071411420633e+03
1.777333071411469518e+03
1.777333071411435185e+03
1.777333071411412220e+03
1.777333071411388573e+03
1.777333071411435412e+03
1.777333071411459514e+03
1.777333071411447008e+03
1.777333071411471110e+03
1.777333071411469064e+03
1.777333071411444735e+03
1.777333071411423589e+03
1.777333071411478386e+03
1.777333071411453147e+03
1.777333071411437004e+03
1.777333071411396531e+03
1.777333071411437231e+03
1.777333071411474521e+03
1.777333071411416995e+03
1.777333071411486799e+03
1.777333071411420178e+03
1.777333071411446554e+03
1.777333071411412448e+03
1.777333071411465198e+03
1.777333071411459514e+03
1.777333071411424498e+03
1.777333071411446326e+03
1.777333071411395167e+03
1.777333071411424726e+03
1.777333071411395167e+03
1.777333071411441551e+03
1.777333071411426317e+03
1.777333071411519086e+03
1.777333071411462470e+03
1.777333071411437004e+03
1.777333071411475885e+03
1.777333071411433139e+03
1.777333071411437913e+03
1.777333071411464289e+03
1.777333071411448145e+03
1.777333071411467017e+03
1.777333071411479523e+03
1.777333071411408582e+03
1.777333071411408355e+03
1.777333071411413812e+03
1.777333071411427227e+03
1.777333071411400397e+03
1.777333071411452693e+03
1.777333071411480887e+03
1.777333071411458377e+03
1.777333071411453830e+03
1.777333071411494757e+03
1.777333071411410856e+03
1.777333071411476567e+03
1.777333071411397668e+03
1.777333071411469518e+03
1.777333071411403353e+03
1.777333071411459514e+03
1.777333071411412220e+03
1.777333071411504761e+03
1.777333071411414949e+03
1.777333071411458832e+03
1.777333071411440187e+03
1.777333071411423816e+03
1.777333071411464289e+03
1.777333071411477704e+03
1.777333071411444962e+03
1.777333071411469064e+03
1.777333071411430637e+03
1.777333071411417450e+03
1.777333071411428136e+03
1.777333071411469746e+03
1.777333071411430637e+03
1.777333071411452465e+03
1.777333071411522951e+03
1.777333071411448600e+03
1.777333071411445644e+03
1.777333071411459059e+03
1.777333071411461788e+03
1.777333071411466108e+03
1.777333071411389483e+03
1.777333071411451328e+03
1.777333071411447008e+03
1.777333071411415176e+03
1.777333071411419496e+03
1.777333071411467472e+03
1.777333071411474975e+03
1.777333071411394030e+03
1.777333071411437004e+03
1.777333071411461788e+03
1.777333071411459287e+03
1.777333071411467472e+03
1.777333071411477476e+03
1.777333071411469973e+03
1.777333071411493165e+03
1.777333071411459287e+03
1.777333071411414721e+03
1.777333071411407218e+03
1.777333071411448373e+03
1.777333071411472929e+03
1.777333071411465880e+03
1.777333071411404489e+03
1.777333071411465880e+03
1.777333071411432684e+03
1.777333071411412448e+03
1.777333071411450419e+03
1.777333071411433139e+03
1.777333071411458150e+03
1.777333071411483616e+03
1.777333071411429955e+03
1.777333071411408810e+03
1.777333071411434730e+03
1.777333071411429728e+03
1.777333071411451101e+03
1.777333071411432911e+03
1.777333071411456558e+03
1.777333071411406763e+03
1.777333071411411311e+03
1.777333071411391529e+03
1.777333071411457240e+03
1.777333071411413130e+03
1.777333071411430183e+03
1.777333071411465880e+03
1.777333071411472929e+03
1.777333071411467017e+03
1.777333071411388119e+03
1.777333071411435185e+03
1.777333071411390620e+03
1.777333071411419496e+03
1.777333071411481797e+03
1.777333071411461106e+03
1.777333071411461560e+03
1.777333071411409037e+03
1.777333071411431320e+03
1.777333071411444053e+03
1.777333071411474066e+03
1.777333071411409037e+03
1.777333071411453375e+03
1.777333071411497485e+03
1.777333071411454966e+03
1.777333071411413130e+03
1.777333071411459287e+03
1.777333071411419269e+03
1.777333071411487026e+03
1.777333071411473611e+03
1.777333071411478386e+03
1.777333071411414949e+03
1.777333071411423816e+03
1.777333071411461560e+03
1.777333071411422225e+03
1.777333071411417677e+03
1.777333071411503852e+03
1.777333071411444507e+03
1.777333071411449737e+03
1.777333071411409946e+03
1.777333071411464061e+03
1.777333071411414267e+03
1.777333071411429273e+03
1.777333071411433366e+03
1.777333071411507717e+03
1.777333071411408127e+03
1.777333071411400624e+03
1.777333071411433593e+03
1.777333071411460878e+03
1.777333071411449964e+03
1.777333071411432002e+03
1.777333071411396077e+03
1.777333071411400624e+03
1.777333071411449737e+03
1.777333071411364472e+03
1.777333071411442461e+03
1.777333071411451556e+03
1.777333071411474975e+03
1.777333071411480432e+03
1.777333071411500669e+03
1.777333071411380160e+03
1.777333071411469746e+03
1.777333071411430183e+03
1.777333071411473838e+03
1.777333071411441097e+03
1.777333071411435640e+03
1.777333071411406763e+03
1.777333071411434048e+03
1.777333071411417222e+03
1.777333071411425863e+03
1.777333071411489300e+03
1.777333071411457013e+03
1.777333071411474748e+03
1.777333071411424498e+03
1.777333071411435185e+03
1.777333071411403807e+03
1.777333071411466790e+03
1.777333071411412448e+03
1.777333071411401079e+03
1.777333071411479068e+03
1.777333071411414267e+03
1.777333071411413130e+03
1.777333071411399487e+03
1.777333071411464516e+03
1.777333071411478159e+03
1.777333071411448600e+03
1.777333071411396304e+03
1.777333071411411083e+03
1.777333071411428591e+03
1.777333071411436322e+03
1.777333071411457695e+03
1.777333071411415858e+03
1.777333071411434730e+03
1.777333071411430865e+03
1.777333071411463607e+03
1.777333071411410629e+03
1.777333071411431092e+03
1.777333071411432684e+03
1.777333071411453375e+03
1.777333071411432456e+03
1.777333071411456331e+03
1.777333071411426772e+03
1.777333071411435412e+03
1.777333071411464744e+03
1.777333071411492483e+03
1.777333071411454966e+03
1.777333071411422452e+03
1.777333071411469518e+03
1.777333071411471110e+03
1.777333071411493165e+03
1.777333071411419951e+03
1.777333071411467472e+03
1.777333071411469291e+03
1.777333071411403580e+03
1.777333071411449964e+03
1.777333071411402670e+03
1.777333071411478841e+03
1.777333071411457695e+03
1.777333071411497713e+03
1.777333071411492710e+03
1.777333071411375840e+03
1.777333071411386754e+03
1.777333071411450192e+03
1.777333071411477931e+03
1.777333071411435640e+03
1.777333071411438368e+03
1.777333071411495439e+03
1.777333071411460878e+03
1.777333071411472019e+03
1.777333071411435640e+03
1.777333071411429955e+03
1.777333071411473611e+03
1.777333071411469518e+03
1.777333071411408127e+03
1.777333071411416995e+03
1.777333071411494984e+03
1.777333071411420633e+03
1.777333071411481342e+03
1.777333071411430637e+03
1.777333071411483616e+03
1.777333071411435185e+03
1.777333071411481342e+03
1.777333071411422452e+03
1.777333071411402670e+03
1.777333071411415631e+03
1.777333071411418814e+03
1.777333071411383344e+03
1.777333071411423134e+03
1.777333071411429728e+03
1.777333071411436549e+03
1.777333071411425863e+03
1.777333071411393803e+03
1.777333071411431320e+03
1.777333071411454739e+03
1.777333071411458832e+03
1.777333071411373339e+03
1.777333071411417905e+03
1.777333071411403353e+03
1.777333071411444280e+03
1.777333071411452693e+03
1.777333071411476112e+03
1.777333071411434275e+03
1.777333071411472019e+03
1.777333071411454512e+03
1.777333071411420860e+03
1.777333071411469291e+03
1.777333071411458377e+03
1.777333071411420860e+03
1.777333071411410629e+03
1.777333071411468154e+03
1.777333071411503170e+03
1.777333071411484070e+03
1.777333071411477249e+03
1.777333071411438823e+03
1.777333071411387664e+03
1.777333071411424044e+03
1.777333071411412902e+03
1.777333071411471565e+03
1.777333071411477249e+03
1.777333071411489527e+03
1.777333071411489072e+03
1.777333071411446326e+03
1.777333071411453375e+03
1.777333071411415403e+03
1.777333071411457922e+03
1.777333071411431092e+03
1.777333071411476794e+03
1.777333071411411083e+03
1.777333071411452238e+03
1.777333071411484298e+03
1.777333071411477476e+03
1.777333071411409037e+03
1.777333071411422452e+03
1.777333071411409264e+03
1.777333071411447463e+03
1.777333071411422679e+03
1.777333071411396304e+03
1.777333071411429501e+03
1.777333071411461333e+03
1.777333071411421315e+03
1.777333071411485662e+03
1.777333071411437231e+03
1.777333071411471110e+03
1.777333071411451101e+03
1.777333071411426545e+03
1.777333071411472247e+03
1.777333071411476567e+03
1.777333071411460651e+03
1.777333071411464516e+03
1.777333071411487253e+03
1.777333071411469291e+03
1.777333071411415176e+03
1.777333071411422679e+03
1.777333071411470428e+03
1.777333071411468154e+03
1.777333071411436549e+03
1.777333071411453375e+03
1.777333071411399260e+03
1.777333071411384481e+03
1.777333071411402898e+03
1.777333071411457468e+03
1.777333071411412448e+03
1.777333071411466790e+03
1.777333071411391074e+03
1.777333071411477704e+03
1.777333071411389710e+03
1.777333071411415403e+03
1.777333071411479750e+03
1.777333071411457695e+03
1.777333071411420178e+03
1.777333071411398578e+03
1.777333071411428591e+03
1.777333071411462925e+03
1.777333071411467245e+03
1.777333071411417450e+03
1.777333071411435640e+03
1.777333071411468381e+03
1.777333071411461106e+03
1.777333071411431547e+03
1.777333071411432911e+03
1.777333071411440415e+03
1.777333071411447008e+03
1.777333071411414949e+03
1.777333071411431092e+03
1.777333071411389483e+03
1.777333071411423361e+03
1.777333071411404717e+03
1.777333071411459969e+03
1.777333071411451101e+03
1.777333071411463152e+03
1.777333071411417905e+03
1.777333071411457922e+03
1.777333071411439505e+03
1.777333071411466108e+03
1.777333071411442234e+03
1.777333071411461333e+03
1.777333071411511128e+03
1.777333071411457240e+03
1.777333071411413584e+03
1.777333071411374476e+03
1.777333071411414039e+03
1.777333071411467472e+03
1.777333071411440869e+03
1.777333071411466790e+03
1.777333071411403125e+03
1.777333071411523633e+03
1.777333071411456785e+03
1.777333071411417222e+03
1.777333071411441324e+03
1.777333071411412902e+03
1.777333071411462015e+03
1.777333071411468381e+03
1.777333071411404944e+03
1.777333071411471565e+03
1.777333071411422225e+03
1.777333071411458832e+03
1.777333071411440415e+03
1.777333071411490891e+03
1.777333071411412675e+03
1.777333071411497485e+03
1.777333071411434730e+03
1.777333071411467699e+03
1.777333071411364244e+03
1.777333071411377205e+03
1.777333071411472702e+03
1.777333071411397668e+03
1.777333071411461560e+03
1.777333071411414039e+03
1.777333071411396304e+03
1.777333071411460423e+03
1.777333071411459059e+03
1.777333071411455876e+03
1.777333071411407445e+03
1.777333071411406763e+03
1.777333071411474975e+03
1.777333071411450646e+03
1.777333071411438141e+03
1.777333071411395395e+03
1.777333071411418359e+03
1.777333071411401306e+03
1.777333071411440187e+03
1.777333071411459059e+03
1.777333071411396077e+03
1.777333071411442916e+03
1.777333071411442461e+03
1.777333071411424498e+03
1.777333071411433821e+03
1.777333071411475657e+03
1.777333071411424953e+03
1.777333071411431774e+03
1.777333071411469064e+03
1.777333071411383571e+03
1.777333071411445417e+03
1.777333071411396077e+03
1.777333071411416313e+03
1.777333071411440642e+03
1.777333071411421088e+03
1.777333071411458832e+03
1.777333071411479523e+03
1.777333071411480432e+03
1.777333071411445644e+03
1.777333071411423816e+03
1.777333071411480660e+03
1.777333071411452920e+03
1.777333071411501805e+03
1.777333071411415403e+03
1.777333071411476567e+03
1.777333071411410629e+03
1.777333071411442461e+03
1.777333071411447463e+03
1.777333071411476112e+03
1.777333071411422225e+03
1.777333071411448145e+03
1.777333071411454966e+03
1.777333071411455876e+03
1.777333071411418814e+03
1.777333071411427227e+03
1.777333071411460878e+03
1.777333071411447236e+03
1.777333071411446554e+03
1.777333071411489982e+03
1.777333071411436094e+03
1.777333071411401306e+03
1.777333071411440187e+03
1.777333071411488845e+03
1.777333071411447690e+03
1.777333071411419269e+03
1.777333071411435867e+03
1.777333071411432002e+03
1.777333071411496121e+03
1.777333071411417222e+03
1.777333071411479750e+03
1.777333071411394712e+03
1.777333071411465198e+03
1.777333071411437459e+03
1.777333071411444053e+03
1.777333071411464289e+03
1.777333071411410401e+03
1.777333071411429955e+03
1.777333071411439278e+03
1.777333071411412902e+03
1.777333071411471337e+03
1.777333071411481569e+03
1.777333071411456103e+03
1.777333071411395167e+03
1.777333071411406991e+03
1.777333071411473611e+03
1.777333071411426545e+03
1.777333071411470883e+03
1.777333071411417905e+03
1.777333071411426999e+03
1.777333071411445417e+03
1.777333071411401306e+03
1.777333071411423816e+03
1.777333071411452465e+03
1.777333071411473838e+03
1.777333071411416540e+03
1.777333071411420406e+03
1.777333071411438368e+03
1.777333071411454512e+03
1.777333071411456558e+03
1.777333071411462015e+03
1.777333071411491346e+03
1.777333071411476340e+03
1.777333071411413584e+03
1.777333071411414039e+03
1.777333071411440869e+03
1.777333071411457240e+03
1.777333071411453830e+03
1.777333071411484980e+03
1.777333071411435412e+03
1.777333071411454966e+03
1.777333071411446326e+03
1.777333071411495212e+03
1.777333071411433593e+03
1.777333071411391757e+03
1.777333071411412675e+03
1.777333071411508399e+03
1.777333071411477931e+03
1.777333071411422679e+03
1.777333071411395167e+03
1.777333071411407673e+03
1.777333071411475885e+03
1.777333071411505443e+03
1.777333071411475885e+03
1.777333071411449055e+03
1.777333071411439050e+03
1.777333071411464744e+03
1.777333071411450874e+03
1.777333071411455649e+03
1.777333071411479068e+03
1.777333071411494757e+03
1.777333071411427909e+03
1.777333071411413130e+03
1.777333071411469291e+03
1.777333071411488163e+03
1.777333071411428818e+03
1.777333071411425180e+03
1.777333071411443598e+03
1.777333071411414039e+03
1.777333071411426090e+03
1.777333071411409492e+03
1.777333071411438596e+03
1.777333071411429046e+03
1.777333071411411765e+03
1.777333071411409492e+03
1.777333071411426999e+03
1.777333071411466562e+03
1.777333071411477249e+03
1.777333071411409719e+03
1.777333071411382434e+03
1.777333071411428364e+03
1.777333071411432911e+03
1.777333071411453830e+03
1.777333071411441551e+03
1.777333071411462470e+03
1.777333071411428364e+03
1.777333071411456103e+03
1.777333071411392439e+03
1.777333071411425863e+03
1.777333071411494075e+03
1.777333071411409264e+03
1.777333071411468154e+03
1.777333071411417905e+03
1.777333071411462242e+03
1.777333071411432229e+03
1.777333071411442234e+03
1.777333071411435412e+03
1.777333071411425180e+03
1.777333071411469291e+03
1.777333071411457922e+03
1.777333071411457922e+03
1.777333071411446326e+03
1.777333071411407445e+03
1.777333071411405399e+03
1.777333071411442234e+03
1.777333071411450192e+03
1.777333071411430865e+03
1.777333071411451328e+03
1.777333071411485207e+03
1.777333071411473838e+03
1.777333071411464744e+03
1.777333071411416313e+03
1.777333071411459514e+03
1.777333071411433593e+03
1.777333071411471110e+03
1.777333071411398805e+03
1.777333071411437459e+03
1.777333071411467245e+03
1.777333071411462242e+03
1.777333071411407900e+03
1.777333071411394485e+03
1.777333071411468609e+03
1.777333071411421088e+03
1.777333071411437686e+03
1.777333071411441097e+03
1.777333071411417677e+03
1.777333071411462242e+03
1.777333071411477476e+03
1.777333071411490664e+03
1.777333071411460423e+03
1.777333071411421770e+03
1.777333071411392893e+03
1.777333071411396077e+03
1.777333071411428364e+03
1.777333071411422907e+03
1.777333071411404035e+03
1.777333071411409037e+03
1.777333071411475657e+03
1.777333071411466335e+03
1.777333071411470883e+03
1.777333071411474748e+03
1.777333071411402670e+03
1.777333071411467699e+03
1.777333071411414949e+03
1.777333071411497031e+03
1.777333071411434958e+03
1.777333071411407673e+03
1.777333071411426090e+03
1.777333071411484980e+03
1.777333071411461788e+03
1.777333071411471792e+03
1.777333071411392439e+03
1.777333071411432002e+03
1.777333071411478159e+03
1.777333071411434503e+03
1.777333071411418814e+03
1.777333071411410174e+03
1.777333071411511582e+03
1.777333071411416995e+03
1.777333071411421088e+03
1.777333071411422225e+03
1.777333071411422907e+03
1.777333071411415403e+03
1.777333071411458604e+03
1.777333071411463834e+03
1.777333071411474066e+03
1.777333071411384253e+03
1.777333071411426772e+03
1.777333071411449509e+03
1.777333071411463834e+03
1.777333071411408582e+03
1.777333071411421543e+03
1.777333071411424953e+03
1.777333071411405172e+03
1.777333071411406991e+03
1.777333071411519768e+03
1.777333071411457468e+03
1.777333071411395167e+03
1.777333071411446554e+03
1.777333071411409264e+03
1.777333071411466562e+03
1.777333071411459741e+03
1.777333071411458604e+03
1.777333071411447918e+03
1.777333071411416768e+03
1.777333071411435640e+03
1.777333071411451556e+03
1.777333071411426772e+03
1.777333071411469746e+03
1.777333071411465426e+03
1.777333071411386754e+03
1.777333071411408355e+03
1.777333071411470200e+03
1.777333071411475885e+03
1.777333071411443370e+03
1.777333071411406081e+03
1.777333071411464744e+03
1.777333071411413584e+03
1.777333071411397441e+03
1.777333071411405399e+03
1.777333071411465880e+03
1.777333071411453375e+03
1.777333071411403353e+03
1.777333071411423816e+03
1.777333071411457922e+03
1.777333071411424726e+03
1.777333071411404944e+03
1.777333071411399715e+03
1.777333071411516130e+03
1.777333071411410401e+03
1.777333071411425408e+03
1.777333071411423816e+03
1.777333071411417450e+03
1.777333071411412902e+03
1.777333071411393121e+03
1.777333071411484298e+03
1.777333071411434730e+03
1.777333071411448145e+03
1.777333071411445644e+03
1.777333071411407673e+03
1.777333071411394485e+03
1.777333071411399715e+03
1.777333071411453602e+03
1.777333071411457240e+03
1.777333071411501578e+03
1.777333071411429046e+03
1.777333071411463834e+03
1.777333071411366063e+03
1.777333071411434958e+03
1.777333071411420178e+03
1.777333071411467245e+03
1.777333071411444735e+03
1.777333071411442461e+03
1.777333071411401079e+03
1.777333071411389710e+03
1.777333071411477704e+03
1.777333071411454284e+03
1.777333071411407900e+03
1.777333071411456103e+03
1.777333071411399260e+03
1.777333071411488845e+03
1.777333071411470883e+03
1.777333071411440642e+03
1.777333071411464516e+03
1.777333071411424044e+03
1.777333071411469518e+03
1.777333071411458832e+03
1.777333071411412902e+03
1.777333071411467699e+03
1.777333071411462697e+03
1.777333071411394712e+03
1.777333071411423816e+03
1.777333071411414039e+03
1.777333071411473838e+03
1.777333071411414039e+03
1.777333071411459969e+03
1.777333071411361288e+03
1.777333071411401306e+03
1.777333071411421315e+03
1.777333071411466335e+03
1.777333071411422452e+03
1.777333071411417677e+03
1.777333071411464744e+03
1.777333071411459059e+03
1.777333071411479523e+03
1.777333071411457922e+03
1.777333071411467245e+03
1.777333071411486571e+03
1.777333071411453147e+03
1.777333071411482479e+03
1.777333071411468154e+03
1.777333071411475430e+03
1.777333071411450192e+03
1.777333071411464516e+03
1.777333071411487481e+03
1.777333071411468381e+03
1.777333071411428818e+03
1.777333071411455649e+03
1.777333071411407445e+03
1.777333071411405626e+03
1.777333071411423361e+03
1.777333071411466108e+03
1.777333071411519313e+03
1.777333071411483388e+03
1.777333071411472474e+03
1.777333071411457013e+03
1.777333071411501351e+03
1.777333071411426090e+03
1.777333071411420178e+03
1.777333071411404489e+03
1.777333071411447463e+03
1.777333071411417905e+03
1.777333071411429046e+03
1.777333071411432456e+03
1.777333071411401761e+03
1.777333071411514993e+03
1.777333071411396759e+03
1.777333071411472247e+03
1.777333071411494984e+03
1.777333071411459514e+03
1.777333071411442688e+03
1.777333071411467927e+03
1.777333071411431320e+03
1.777333071411380843e+03
1.777333071411462242e+03
1.777333071411416086e+03
1.777333071411432002e+03
1.777333071411451783e+03
1.777333071411418132e+03
1.777333071411422907e+03
1.777333071411433139e+03
1.777333071411464971e+03
1.777333071411401306e+03
1.777333071411452693e+03
1.777333071411457695e+03
1.777333071411412220e+03
1.777333071411449964e+03
1.777333071411404717e+03
1.777333071411459514e+03
1.777333071411437686e+03
1.777333071411468381e+03
1.777333071411489072e+03
1.777333071411403125e+03
1.777333071411452693e+03
1.777333071411409264e+03
1.777333071411410401e+03
1.777333071411444053e+03
1.777333071411447463e+03
1.777333071411449964e+03
1.777333071411422679e+03
1.777333071411433366e+03
1.777333071411429728e+03
1.777333071411447918e+03
1.777333071411465653e+03
1.777333071411471337e+03
1.777333071411426772e+03
1.777333071411414494e+03
1.777333071411477249e+03
1.777333071411488845e+03
1.777333071411479295e+03
1.777333071411415403e+03
1.777333071411431774e+03
1.777333071411426090e+03
1.777333071411398123e+03
1.777333071411459741e+03
1.777333071411509536e+03
1.777333071411430637e+03
1.777333071411455421e+03
1.777333071411398350e+03
1.777333071411428818e+03
1.777333071411412220e+03
1.777333071411432684e+03
1.777333071411371748e+03
1.777333071411456785e+03
1.777333071411468609e+03
1.777333071411439505e+03
1.777333071411417677e+03
1.777333071411431092e+03
1.777333071411429046e+03
1.777333071411453147e+03
1.777333071411430183e+03
1.777333071411450192e+03
1.777333071411477249e+03
1.777333071411431320e+03
1.777333071411462697e+03
1.777333071411391757e+03
1.777333071411422907e+03
1.777333071411382434e+03
1.777333071411413130e+03
1.777333071411461788e+03
1.777333071411409719e+03
1.777333071411409037e+03
1.777333071411389255e+03
1.777333071411408127e+03
1.777333071411425635e+03
1.777333071411454739e+03
1.777333071411458377e+03
1.777333071411502488e+03
1.777333071411470655e+03
1.777333071411457695e+03
1.777333071411428364e+03
1.777333071411436322e+03
1.777333071411420406e+03
1.777333071411429273e+03
1.777333071411433366e+03
1.777333071411431547e+03
1.777333071411453830e+03
1.777333071411475203e+03
1.777333071411407445e+03
1.777333071411496348e+03
1.777333071411390165e+03
1.777333071411412448e+03
1.777333071411412902e+03
1.777333071411415631e+03
1.777333071411459969e+03
1.777333071411476340e+03
1.777333071411397668e+03
1.777333071411468381e+03
1.777333071411470655e+03
1.777333071411478386e+03
1.777333071411427454e+03
1.777333071411447918e+03
1.777333071411437913e+03
1.777333071411443598e+03
1.777333071411461333e+03
1.777333071411426090e+03
1.777333071411434048e+03
1.777333071411407900e+03
1.777333071411418587e+03
1.777333071411484980e+03
1.777333071411464061e+03
1.777333071411460651e+03
1.777333071411454057e+03
1.777333071411408582e+03
1.777333071411428136e+03
1.777333071411466335e+03
1.777333071411473838e+03
1.777333071411436322e+03
1.777333071411451783e+03
1.777333071411493393e+03
1.777333071411431774e+03
1.777333071411408582e+03
1.777333071411458832e+03
1.777333071411424271e+03
1.777333071411462015e+03
1.777333071411496576e+03
1.777333071411432456e+03
1.777333071411408127e+03
1.777333071411486117e+03
1.777333071411395167e+03
1.777333071411459741e+03
1.777333071411430183e+03
1.777333071411407900e+03
1.777333071411480432e+03
1.777333071411432456e+03
1.777333071411431320e+03
1.777333071411398350e+03
1.777333071411383116e+03
1.777333071411472474e+03
1.777333071411426090e+03
1.777333071411451328e+03
1.777333071411444962e+03
1.777333071411472929e+03
1.777333071411399715e+03
1.777333071411480205e+03
1.777333071411444962e+03
1.777333071411425635e+03
1.777333071411394258e+03
1.777333071411432002e+03
1.777333071411510900e+03
1.777333071411401306e+03
1.777333071411439278e+03
1.777333071411388346e+03
1.777333071411470655e+03
1.777333071411436549e+03
1.777333071411422225e+03
1.777333071411432002e+03
1.777333071411467927e+03
1.777333071411462242e+03
1.777333071411409719e+03
1.777333071411423134e+03
1.777333071411469518e+03
1.777333071411428136e+03
1.777333071411444507e+03
1.777333071411472474e+03
1.777333071411405399e+03
1.777333071411470200e+03
1.777333071411415403e+03
1.777333071411487481e+03
1.777333071411414949e+03
1.777333071411375386e+03
1.777333071411492028e+03
1.777333071411424953e+03
1.777333071411490209e+03
1.777333071411409492e+03
1.777333071411391757e+03
1.777333071411421997e+03
1.777333071411410629e+03
1.777333071411461106e+03
1.777333071411472247e+03
1.777333071411391074e+03
1.777333071411464289e+03
1.777333071411457922e+03
1.777333071411442916e+03
1.777333071411413357e+03
1.777333071411391529e+03
1.777333071411384026e+03
1.777333071411484752e+03
1.777333071411397896e+03
1.777333071411423589e+03
1.777333071411408355e+03
1.777333071411416995e+03
1.777333071411464516e+03
1.777333071411519541e+03
1.777333071411425180e+03
1.777333071411435867e+03
1.777333071411437459e+03
1.777333071411455194e+03
1.777333071411443598e+03
1.777333071411460878e+03
1.777333071411468836e+03
1.777333071411409946e+03
1.777333071411476340e+03
1.777333071411475885e+03
1.777333071411464061e+03
1.777333071411516357e+03
1.777333071411470883e+03
1.777333071411432456e+03
1.777333071411434048e+03
1.777333071411448145e+03
1.777333071411435640e+03
1.777333071411395849e+03
1.777333071411429046e+03
1.777333071411433366e+03
1.777333071411414949e+03
1.777333071411375158e+03
1.777333071411420406e+03
1.777333071411476567e+03
1.777333071411416995e+03
1.777333071411409719e+03
1.777333071411434730e+03
1.777333071411434958e+03
1.777333071411416768e+03
1.777333071411415858e+03
1.777333071411398350e+03
1.777333071411381525e+03
1.777333071411455876e+03
1.777333071411414039e+03
1.777333071411454284e+03
1.777333071411456331e+03
1.777333071411444053e+03
1.777333071411397214e+03
1.777333071411432684e+03
1.777333071411432911e+03
1.777333071411428364e+03
1.777333071411456103e+03
1.777333071411414721e+03
1.777333071411437459e+03
1.777333071411470655e+03
1.777333071411438823e+03
1.777333071411470655e+03
1.777333071411407445e+03
1.777333071411437004e+03
1.777333071411485889e+03
1.777333071411425408e+03
1.777333071411426317e+03
1.777333071411420860e+03
1.777333071411469746e+03
1.777333071411468154e+03
1.777333071411439505e+03
1.777333071411466790e+03
1.777333071411462697e+03
1.777333071411447918e+03
1.777333071411466108e+03
1.777333071411414267e+03
1.777333071411392211e+03
1.777333071411418359e+03
1.777333071411446326e+03
1.777333071411454512e+03
1.777333071411474748e+03
1.777333071411475885e+03
1.777333071411438823e+03
1.777333071411434730e+03
1.777333071411408810e+03
1.777333071411409719e+03
1.777333071411426090e+03
1.777333071411447918e+03
1.777333071411453147e+03
1.777333071411471337e+03
1.777333071411452920e+03
1.777333071411442234e+03
1.777333071411500896e+03
1.777333071411457922e+03
1.777333071411491346e+03
1.777333071411457695e+03
1.777333071411398350e+03
1.777333071411437913e+03
1.777333071411521587e+03
1.777333071411452693e+03
1.777333071411463607e+03
1.777333071411438141e+03
1.777333071411416540e+03
1.777333071411419951e+03
1.777333071411435185e+03
1.777333071411434503e+03
1.777333071411493393e+03
1.777333071411418814e+03
1.777333071411436777e+03
1.777333071411435185e+03
1.777333071411480432e+03
1.777333071411442461e+03
1.777333071411433366e+03
1.777333071411450646e+03
1.777333071411465198e+03
1.777333071411436549e+03
1.777333071411439050e+03
1.777333071411408127e+03
1.777333071411395849e+03
1.777333071411444507e+03
1.777333071411456103e+03
1.777333071411431092e+03
1.777333071411450192e+03
1.777333071411442916e+03
1.777333071411414039e+03
1.777333071411394485e+03
1.777333071411399715e+03
1.777333071411456331e+03
1.777333071411494302e+03
1.777333071411429728e+03
1.777333071411519541e+03
1.777333071411433593e+03
1.777333071411486117e+03
1.777333071411439732e+03
1.777333071411478386e+03
1.777333071411418814e+03
1.777333071411416995e+03
1.777333071411463379e+03
1.777333071411459741e+03
1.777333071411430183e+03
1.777333071411490891e+03
1.777333071411436777e+03
1.777333071411466335e+03
1.777333071411467927e+03
1.777333071411429273e+03
1.777333071411469064e+03
1.777333071411462015e+03
1.777333071411435412e+03
1.777333071411457013e+03
1.777333071411410856e+03
1.777333071411467017e+03
1.777333071411363562e+03
1.777333071411508627e+03
1.777333071411492710e+03
1.777333071411433821e+03
1.777333071411419951e+03
1.777333071411477249e+03
1.777333071411497485e+03
1.777333071411457013e+03
1.777333071411461560e+03
1.777333071411418587e+03
1.777333071411486571e+03
1.777333071411405399e+03
1.777333071411427682e+03
1.777333071411422679e+03
1.777333071411456785e+03
1.777333071411464744e+03
1.777333071411476340e+03
1.777333071411473611e+03
1.777333071411436094e+03
1.777333071411462925e+03
1.777333071411421770e+03
1.777333071411423361e+03
1.777333071411443825e+03
1.777333071411453375e+03
1.777333071411449282e+03
1.777333071411428136e+03
1.777333071411472929e+03
1.777333071411433366e+03
1.777333071411409492e+03
1.777333071411467472e+03
1.777333071411442688e+03
1.777333071411410629e+03
1.777333071411454284e+03
1.777333071411438368e+03
1.777333071411370838e+03
1.777333071411426317e+03
1.777333071411469291e+03
1.777333071411443598e+03
1.777333071411372202e+03
1.777333071411465880e+03
1.777333071411429046e+03
1.777333071411444053e+03
1.777333071411465426e+03
1.777333071411436322e+03
1.777333071411450646e+03
1.777333071411415176e+03
1.777333071411427227e+03
1.777333071411441779e+03
1.777333071411437913e+03
1.777333071411530909e+03
1.777333071411392439e+03
1.777333071411414494e+03
1.777333071411467245e+03
1.777333071411438823e+03
1.777333071411471337e+03
1.777333071411485662e+03
1.777333071411411538e+03
1.777333071411488163e+03
1.777333071411392439e+03
1.777333071411447918e+03
1.777333071411465426e+03
1.777333071411402898e+03
1.777333071411419041e+03
1.777333071411448145e+03
1.777333071411443598e+03
1.777333071411478159e+03
1.777333071411501123e+03
1.777333071411425180e+03
1.777333071411457240e+03
1.777333071411485435e+03
1.777333071411384481e+03
1.777333071411452011e+03
1.777333071411416768e+03
1.777333071411403125e+03
1.777333071411436322e+03
1.777333071411437686e+03
1.777333071411455194e+03
1.777333071411435640e+03
1.777333071411454966e+03
1.777333071411453375e+03
1.777333071411453375e+03
1.777333071411455876e+03
1.777333071411394258e+03
1.777333071411420178e+03
1.777333071411439960e+03
1.777333071411497713e+03
1.777333071411420406e+03
1.777333071411400852e+03
1.777333071411446326e+03
1.777333071411464061e+03
1.777333071411477249e+03
1.777333071411483388e+03
1.777333071411500441e+03
1.777333071411427909e+03
1.777333071411488390e+03
1.777333071411417677e+03
1.777333071411410856e+03
1.777333071411414267e+03
1.777333071411396304e+03
1.777333071411414949e+03
1.777333071411472019e+03
1.777333071411434730e+03
1.777333071411408810e+03
1.777333071411408355e+03
1.777333071411381979e+03
1.777333071411461788e+03
1.777333071411422225e+03
1.777333071411514993e+03
1.777333071411358787e+03
1.777333071411464744e+03
1.777333071411497031e+03
1.777333071411447463e+03
1.777333071411504534e+03
1.777333071411499986e+03
1.777333071411394030e+03
1.777333071411448373e+03
1.777333071411392893e+03
1.777333071411383798e+03
1.777333071411369474e+03
1.777333071411505443e+03
1.777333071411438596e+03
1.777333071411521360e+03
1.777333071411416995e+03
1.777333071411527271e+03
1.777333071411390620e+03
1.777333071411394940e+03
1.777333071411454057e+03
1.777333071411462015e+03
1.777333071411433366e+03
1.777333071411426772e+03
1.777333071411483388e+03
1.777333071411340370e+03
1.777333071411414267e+03
1.777333071411441551e+03
1.777333071411368792e+03
1.777333071411436094e+03
1.777333071411509536e+03
1.777333071411488845e+03
1.777333071411587753e+03
1.777333071411389028e+03
1.777333071411384253e+03
1.777333071411398350e+03
1.777333071411476794e+03
1.777333071411424953e+03
1.777333071411526362e+03
1.777333071411429273e+03
1.777333071411362198e+03
1.777333071411445417e+03
1.777333071411479523e+03
1.777333071411363107e+03
1.777333071411379478e+03
1.777333071411445189e+03
1.777333071411465198e+03
1.777333071411501351e+03
1.777333071411427682e+03
1.777333071411484070e+03
1.777333071411444053e+03
1.777333071411370838e+03
1.777333071411529772e+03
1.777333071411431092e+03
1.777333071411405172e+03
1.777333071411462697e+03
1.777333071411500441e+03
1.777333071411505898e+03
1.777333071411408810e+03
1.777333071411399715e+03
1.777333071411417677e+03
1.777333071411465198e+03
1.777333071411417222e+03
1.777333071411408127e+03
1.777333071411450192e+03
1.777333071411479295e+03
1.777333071411410174e+03
1.777333071411494757e+03
1.777333071411399260e+03
1.777333071411426317e+03
1.777333071411490437e+03
1.777333071411457922e+03
1.777333071411428136e+03
1.777333071411485435e+03
1.777333071411340597e+03
1.777333071411355149e+03
1.777333071411502942e+03
1.777333071411472247e+03
1.777333071411497031e+03
1.777333071411388801e+03
1.777333071411374476e+03
1.777333071411398805e+03
1.777333071411437459e+03
1.777333071411402898e+03
1.777333071411423134e+03
1.777333071411456331e+03
1.777333071411461106e+03
1.777333071411470428e+03
1.777333071411452465e+03
1.777333071411370383e+03
1.777333071411402898e+03
1.777333071411519541e+03
1.777333071411369474e+03
1.777333071411547053e+03
1.777333071411567744e+03
1.777333071411376523e+03
1.777333071411433366e+03
1.777333071411368564e+03
1.777333071411500214e+03
1.777333071411405172e+03
1.777333071411383798e+03
1.777333071411416086e+03
1.777333071411339233e+03
1.777333071411412220e+03
1.777333071411442916e+03
1.777333071411456103e+03
1.777333071411488390e+03
1.777333071411448600e+03
1.777333071411417677e+03
1.777333071411394940e+03
1.777333071411369474e+03
1.777333071411440187e+03
1.777333071411424044e+03
1.777333071411482251e+03
1.777333071411488390e+03
1.777333071411444735e+03
1.777333071411401306e+03
1.777333071411434048e+03
1.777333071411373794e+03
1.777333071411497485e+03
1.777333071411406536e+03
1.777333071411355832e+03
1.777333071411390392e+03
1.777333071411420860e+03
1.777333071411472929e+03
1.777333071411405854e+03
1.777333071411433821e+03
1.777333071411482706e+03
1.777333071411365609e+03
1.777333071411494075e+03
1.777333071411382207e+03
1.777333071411400852e+03
1.777333071411483616e+03
1.777333071411519541e+03
1.777333071411498622e+03
1.777333071411483843e+03
1.777333071411379706e+03
1.777333071411499759e+03
1.777333071411460423e+03
1.777333071411378114e+03
1.777333071411477931e+03
1.777333071411524088e+03
1.777333071411372885e+03
1.777333071411540459e+03
1.777333071411389255e+03
1.777333071411356514e+03
1.777333071411465198e+03
1.777333071411431320e+03
1.777333071411373567e+03
1.777333071411494529e+03
1.777333071411465653e+03
1.777333071411486344e+03
1.777333071411413357e+03
1.777333071411393121e+03
1.777333071411467927e+03
1.777333071411487253e+03
1.777333071411408355e+03
1.777333071411442006e+03
1.777333071411331048e+03
1.777333071411472702e+03
1.777333071411446326e+03
1.777333071411359469e+03
1.777333071411421543e+03
1.777333071411371975e+03
1.777333071411414267e+03
1.777333071411445189e+03
1.777333071411506808e+03
1.777333071411477704e+03
1.777333071411472019e+03
1.777333071411512947e+03
1.777333071411394485e+03
1.777333071411398350e+03
1.777333071411491346e+03
1.777333071411402216e+03
1.777333071411381979e+03
1.777333071411486571e+03
1.777333071411332867e+03
1.777333071411414721e+03
1.777333071411452465e+03
1.777333071411370838e+03
1.777333071411480205e+03
1.777333071411381525e+03
1.777333071411444735e+03
1.777333071411366291e+03
1.777333071411482479e+03
1.777333071411479978e+03
1.777333071411359469e+03
1.777333071411473384e+03
1.777333071411478159e+03
1.777333071411379024e+03
1.777333071411505443e+03
1.777333071411445417e+03
1.777333071411488618e+03
1.777333071411493620e+03
1.777333071411439278e+03
1.777333071411516585e+03
1.777333071411485207e+03
1.777333071411507490e+03
1.777333071411422907e+03
1.777333071411420178e+03
1.777333071411425863e+03
1.777333071411513401e+03
1.777333071411346964e+03
1.777333071411570018e+03
1.777333071411409719e+03
1.777333071411468609e+03
1.777333071411424498e+03
1.777333071411386754e+03
1.777333071411404035e+03
1.777333071411347419e+03
1.777333071411471792e+03
1.777333071411400169e+03
1.777333071411383798e+03
1.777333071411497485e+03
1.777333071411433593e+03
1.777333071411398350e+03
1.777333071411421543e+03
1.777333071411379251e+03
1.777333071411418359e+03
1.777333071411492028e+03
1.777333071411397896e+03
1.777333071411498395e+03
1.777333071411416995e+03
1.777333071411392439e+03
1.777333071411448600e+03
1.777333071411477931e+03
1.777333071411531591e+03
1.777333071411359469e+03
1.777333071411372885e+03
1.777333071411364244e+03
1.777333071411335595e+03
1.777333071411354695e+03
1.777333071411487936e+03
1.777333071411487708e+03
1.777333071411498622e+03
1.777333071411423589e+03
1.777333071411533183e+03
1.777333071411473838e+03
1.777333071411520223e+03
1.777333071411402443e+03
1.777333071411429501e+03
1.777333071411557057e+03
1.777333071411527044e+03
1.777333071411510673e+03
1.777333071411400624e+03
1.777333071411348101e+03
1.777333071411383116e+03
1.777333071411473838e+03
1.777333071411407445e+03
1.777333071411424953e+03
1.777333071411432456e+03
1.777333071411402216e+03
1.777333071411499532e+03
1.777333071411384481e+03
1.777333071411374931e+03
1.777333071411383344e+03
1.777333071411450874e+03
1.777333071411436094e+03
1.777333071411363790e+03
1.777333071411469064e+03
1.777333071411342189e+03
1.777333071411352648e+03
1.777333071411410174e+03
1.777333071411491574e+03
1.777333071411482479e+03
1.777333071411344463e+03
1.777333071411433139e+03
1.777333071411376523e+03
1.777333071411351284e+03
1.777333071411397441e+03
1.777333071411493393e+03
1.777333071411328092e+03
1.777333071411576611e+03
1.777333071411503397e+03
1.777333071411364926e+03
1.777333071411388573e+03
1.777333071411394712e+03
1.777333071411409719e+03
1.777333071411379024e+03
1.777333071411478841e+03
1.777333071411484525e+03
1.777333071411449509e+03
1.777333071411471337e+03
1.777333071411415403e+03
1.777333071411440415e+03
1.777333071411498622e+03
1.777333071411531819e+03
1.777333071411473156e+03
1.777333071411495439e+03
1.777333071411388119e+03
1.777333071411421543e+03
1.777333071411395622e+03
1.777333071411409264e+03
1.777333071411438596e+03
1.777333071411366518e+03
1.777333071411348783e+03
1.777333071411407445e+03
1.777333071411439960e+03
1.777333071411515220e+03
1.777333071411375613e+03
1.777333071411518631e+03
1.777333071411336505e+03
1.777333071411440187e+03
1.777333071411424271e+03
1.777333071411350375e+03
1.777333071411391074e+03
1.777333071411448373e+03
1.777333071411406308e+03
1.777333071411501805e+03
1.777333071411470655e+03
1.777333071411450192e+03
1.777333071411427454e+03
1.777333071411477704e+03
1.777333071411376295e+03
1.777333071411459059e+03
1.777333071411563196e+03
1.777333071411422452e+03
1.777333071411391757e+03
1.777333071411490891e+03
1.777333071411407445e+03
1.777333071411401988e+03
1.777333071411440415e+03
1.777333071411467472e+03
1.777333071411520450e+03
1.777333071411497485e+03
1.777333071411423134e+03
1.777333071411391757e+03
1.777333071411448600e+03
1.777333071411482479e+03
1.777333071411497485e+03
1.777333071411399260e+03
1.777333071411507490e+03
1.777333071411448145e+03
1.777333071411462925e+03
1.777333071411424726e+03
1.777333071411382889e+03
1.777333071411411765e+03
1.777333071411477931e+03
1.777333071411480432e+03
1.777333071411492483e+03
1.777333071411408582e+03
1.777333071411490437e+03
1.777333071411420633e+03
1.777333071411386754e+03
1.777333071411434275e+03
1.777333071411457695e+03
1.777333071411444507e+03
1.777333071411431774e+03
1.777333071411394485e+03
1.777333071411439732e+03
1.777333071411514084e+03
1.777333071411396531e+03
1.777333071411535002e+03
1.777333071411428136e+03
1.777333071411488163e+03
1.777333071411398123e+03
1.777333071411422907e+03
1.777333071411454057e+03
1.777333071411420860e+03
1.777333071411380160e+03
1.777333071411527499e+03
1.777333071411423361e+03
1.777333071411411993e+03
1.777333071411485435e+03
1.777333071411518858e+03
1.777333071411421543e+03
1.777333071411426999e+03
1.777333071411502942e+03
1.777333071411400624e+03
1.777333071411387436e+03
1.777333071411473156e+03
1.777333071411449282e+03
1.777333071411402898e+03
1.777333071411534092e+03
1.777333071411413812e+03
1.777333071411459514e+03
1.777333071411466562e+03
1.777333071411475657e+03
1.777333071411448145e+03
1.777333071411402216e+03
1.777333071411440869e+03
1.777333071411450419e+03
1.777333071411404944e+03
1.777333071411475203e+03
1.777333071411428364e+03
1.777333071411391074e+03
1.777333071411387436e+03
1.777333071411553647e+03
1.777333071411445871e+03
1.777333071411487481e+03
1.777333071411501805e+03
1.777333071411475657e+03
1.777333071411481797e+03
1.777333071411392211e+03
1.777333071411486799e+03
1.777333071411439505e+03
1.777333071411405399e+03
1.777333071411457468e+03
1.777333071411446554e+03
1.777333071411432684e+03
1.777333071411379933e+03
1.777333071411482024e+03
1.777333071411493620e+03
1.777333071411389028e+03
1.777333071411483843e+03
1.777333071411450192e+03
1.777333071411401079e+03
1.777333071411469064e+03
1.777333071411464061e+03
1.777333071411342189e+03
1.777333071411521360e+03
1.777333071411465426e+03
1.777333071411388801e+03
1.777333071411411538e+03
1.777333071411391757e+03
1.777333071411471337e+03
1.777333071411454512e+03
1.777333071411535002e+03
1.777333071411465426e+03
1.777333071411414494e+03
1.777333071411484070e+03
1.777333071411406081e+03
1.777333071411443143e+03
1.777333071411512492e+03
1.777333071411482933e+03
1.777333071411377205e+03
1.777333071411455421e+03
1.777333071411439278e+03
1.777333071411467245e+03
1.777333071411330366e+03
1.777333071411444280e+03
1.777333071411427227e+03
1.777333071411472929e+03
1.777333071411495439e+03
1.777333071411422907e+03
1.777333071411495666e+03
1.777333071411454057e+03
1.777333071411452920e+03
1.777333071411477704e+03
1.777333071411399260e+03
1.777333071411405172e+03
1.777333071411377205e+03
1.777333071411367428e+03
1.777333071411489072e+03
1.777333071411406991e+03
1.777333071411488618e+03
1.777333071411413130e+03
1.777333071411390847e+03
1.777333071411500441e+03
1.777333071411454057e+03
1.777333071411469518e+03
1.777333071411552055e+03
1.777333071411445644e+03
1.777333071411538413e+03
1.777333071411388346e+03
1.777333071411457468e+03
1.777333071411351739e+03
1.777333071411453375e+03
1.777333071411518858e+03
1.777333071411379024e+03
1.777333071411567516e+03
1.777333071411539549e+03
1.777333071411511810e+03
1.777333071411403807e+03
1.777333071411495212e+03
1.777333071411386982e+03
1.777333071411491346e+03
1.777333071411505898e+03
1.777333071411467699e+03
1.777333071411464744e+03
1.777333071411448600e+03
1.777333071411482933e+03
1.777333071411488618e+03
1.777333071411424044e+03
1.777333071411419041e+03
1.777333071411441551e+03
1.777333071411443825e+03
1.777333071411404944e+03
1.777333071411548872e+03
1.777333071411385617e+03
1.777333071411448600e+03
1.777333071411419724e+03
1.777333071411494984e+03
1.777333071411370383e+03
1.777333071411400624e+03
1.777333071411412675e+03
1.777333071411421315e+03
1.777333071411535684e+03
1.777333071411497485e+03
1.777333071411363107e+03
1.777333071411492483e+03
1.777333071411433366e+03
1.777333071411478613e+03
1.777333071411433821e+03
1.777333071411485662e+03
1.777333071411448145e+03
1.777333071411505216e+03
1.777333071411398350e+03
1.777333071411413812e+03
1.777333071411343781e+03
1.777333071411459514e+03
1.777333071411414039e+03
1.777333071411396531e+03
1.777333071411368564e+03
1.777333071411479295e+03
1.777333071411429728e+03
1.777333071411371748e+03
1.777333071411410174e+03
1.777333071411407900e+03
1.777333071411481569e+03
1.777333071411429728e+03
1.777333071411376977e+03
1.777333071411416768e+03
1.777333071411424953e+03
1.777333071411483161e+03
1.777333071411400169e+03
1.777333071411420860e+03
1.777333071411461560e+03
1.777333071411489755e+03
1.777333071411466562e+03
1.777333071411362425e+03
1.777333071411406308e+03
1.777333071411391984e+03
1.777333071411375158e+03
1.777333071411386527e+03
1.777333071411451783e+03
1.777333071411461560e+03
1.777333071411355604e+03
1.777333071411374704e+03
1.777333071411483388e+03
1.777333071411447236e+03
1.777333071411479068e+03
1.777333071411524315e+03
1.777333071411443825e+03
1.777333071411469746e+03
1.777333071411430637e+03
1.777333071411508627e+03
1.777333071411476112e+03
1.777333071411490437e+03
1.777333071411494757e+03
1.777333071411472702e+03
1.777333071411425635e+03
1.777333071411451101e+03
1.777333071411371066e+03
1.777333071411477022e+03
1.777333071411443370e+03
1.777333071411423816e+03
1.777333071411490209e+03
1.777333071411498395e+03
1.777333071411487026e+03
1.777333071411469746e+03
1.777333071411457240e+03
1.777333071411482024e+03
1.777333071411438596e+03
1.777333071411401988e+03
1.777333071411437913e+03
1.777333071411484980e+03
1.777333071411380843e+03
1.777333071411379478e+03
1.777333071411468836e+03
1.777333071411393576e+03
1.777333071411429273e+03
1.777333071411363562e+03
1.777333071411504534e+03
1.777333071411415403e+03
1.777333071411400397e+03
1.777333071411489072e+03
1.777333071411379706e+03
1.777333071411385163e+03
1.777333071411416540e+03
1.777333071411422907e+03
1.777333071411376295e+03
1.777333071411462697e+03
1.777333071411443598e+03
1.777333071411445871e+03
1.777333071411442006e+03
1.777333071411421543e+03
1.777333071411402670e+03
1.777333071411370156e+03
1.777333071411463379e+03
1.777333071411469518e+03
1.777333071411382662e+03
1.777333071411521587e+03
1.777333071411449737e+03
1.777333071411396304e+03
1.777333071411457240e+03
1.777333071411480205e+03
1.777333071411421997e+03
1.777333071411464289e+03
1.777333071411480887e+03
1.777333071411458377e+03
1.777333071411386527e+03
1.777333071411399942e+03
1.777333071411400397e+03
1.777333071411429728e+03
1.777333071411469291e+03
1.777333071411394940e+03
1.777333071411419041e+03
1.777333071411514766e+03
1.777333071411466790e+03
1.777333071411514993e+03
1.777333071411386754e+03
1.777333071411475203e+03
1.777333071411335595e+03
1.777333071411470428e+03
1.777333071411393576e+03
1.777333071411406991e+03
1.777333071411488163e+03
1.777333071411365836e+03
1.777333071411443370e+03
1.777333071411471110e+03
1.777333071411506126e+03
1.777333071411483843e+03
1.777333071411471792e+03
1.777333071411445189e+03
1.777333071411482706e+03
1.777333071411466790e+03
1.777333071411397214e+03
1.777333071411500896e+03
1.777333071411416540e+03
1.777333071411469746e+03
1.777333071411492710e+03
1.777333071411416313e+03
1.777333071411404489e+03
1.777333071411398350e+03
1.777333071411446781e+03
1.777333071411461333e+03
1.777333071411406308e+03
1.777333071411488163e+03
1.777333071411420860e+03
1.777333071411528863e+03
1.777333071411494302e+03
1.777333071411412448e+03
1.777333071411423816e+03
1.777333071411468381e+03
1.777333071411509536e+03
1.777333071411429273e+03
1.777333071411501578e+03
1.777333071411466335e+03
1.777333071411501123e+03
1.777333071411430637e+03
1.777333071411445417e+03
1.777333071411320134e+03
1.777333071411531364e+03
1.777333071411420406e+03
1.777333071411422907e+03
1.777333071411431092e+03
1.777333071411370838e+03
1.777333071411399260e+03
1.777333071411540686e+03
1.777333071411495212e+03
1.777333071411395849e+03
1.777333071411475885e+03
1.777333071411465426e+03
1.777333071411408127e+03
1.777333071411432229e+03
1.777333071411493393e+03
1.777333071411363562e+03
1.777333071411442234e+03
1.777333071411513174e+03
1.777333071411354240e+03
1.777333071411465880e+03
1.777333071411423589e+03
1.777333071411508399e+03
1.777333071411511355e+03
1.777333071411409946e+03
1.777333071411458150e+03
1.777333071411504761e+03
1.777333071411463607e+03
1.777333071411371293e+03
1.777333071411418814e+03
1.777333071411452693e+03
1.777333071411479523e+03
1.777333071411442461e+03
1.777333071411348556e+03
1.777333071411394258e+03
1.777333071411376750e+03
1.777333071411476112e+03
1.777333071411532728e+03
1.777333071411479295e+03
1.777333071411464971e+03
1.777333071411393803e+03
1.777333071411393803e+03
1.777333071411403580e+03
1.777333071411459059e+03
1.777333071411419496e+03
1.777333071411504307e+03
1.777333071411420633e+03
1.777333071411380388e+03
1.777333071411505898e+03
1.777333071411398578e+03
1.777333071411424044e+03
1.777333071411479295e+03
1.777333071411468836e+03
1.777333071411492028e+03
1.777333071411473384e+03
1.777333071411473611e+03
1.777333071411468381e+03
1.777333071411376523e+03
1.777333071411489300e+03
1.777333071411381297e+03
1.777333071411410174e+03
1.777333071411512947e+03
1.777333071411481569e+03
1.777333071411493165e+03
1.777333071411491801e+03
1.777333071411403580e+03
1.777333071411471792e+03
1.777333071411399487e+03
1.777333071411455876e+03
1.777333071411549554e+03
1.777333071411467472e+03
1.777333071411440642e+03
1.777333071411447918e+03
1.777333071411370383e+03
1.777333071411405854e+03
1.777333071411413130e+03
1.777333071411399260e+03
1.777333071411476112e+03
1.777333071411387891e+03
1.777333071411488845e+03
1.777333071411544779e+03
1.777333071411352876e+03
1.777333071411389938e+03
1.777333071411420178e+03
1.777333071411345145e+03
1.777333071411386982e+03
1.777333071411462470e+03
1.777333071411404489e+03
1.777333071411362425e+03
1.777333071411451328e+03
1.777333071411473611e+03
1.777333071411367882e+03
1.777333071411372885e+03
1.777333071411439278e+03
1.777333071411446554e+03
1.777333071411391757e+03
1.777333071411444962e+03
1.777333071411394940e+03
1.777333071411421543e+03
1.777333071411491119e+03
1.777333071411422452e+03
1.777333071411372885e+03
1.777333071411387891e+03
1.777333071411484980e+03
1.777333071411492483e+03
1.777333071411456785e+03
1.777333071411470883e+03
1.777333071411504534e+03
1.777333071411484752e+03
1.777333071411401988e+03
1.777333071411468609e+03
1.777333071411456331e+03
1.777333071411453830e+03
1.777333071411392893e+03
1.777333071411447690e+03
1.777333071411494984e+03
1.777333071411509309e+03
1.777333071411388346e+03
1.777333071411413812e+03
1.777333071411470655e+03
1.777333071411489982e+03
1.777333071411398123e+03
1.777333071411516812e+03
1.777333071411394258e+03
1.777333071411444507e+03
1.777333071411394258e+03
1.777333071411380160e+03
1.777333071411405626e+03
1.777333071411448600e+03
1.777333071411355377e+03
1.777333071411453375e+03
1.777333071411489300e+03
1.777333071411437231e+03
1.777333071411381752e+03
1.777333071411475657e+03
1.777333071411314222e+03
1.777333071411404489e+03
1.777333071411416086e+03
1.777333071411421315e+03
1.777333071411536594e+03
1.777333071411411538e+03
1.777333071411542051e+03
1.777333071411485662e+03
1.777333071411499986e+03
1.777333071411449737e+03
1.777333071411433593e+03
1.777333071411417450e+03
1.777333071411421315e+03
1.777333071411458377e+03
1.777333071411474293e+03
1.777333071411483161e+03
1.777333071411462015e+03
1.777333071411444962e+03
1.777333071411479295e+03
1.777333071411439505e+03
1.777333071411446554e+03
1.777333071411456558e+03
1.777333071411477931e+03
1.777333071411407900e+03
1.777333071411416768e+03
1.777333071411380388e+03
1.777333071411389483e+03
1.777333071411488163e+03
1.777333071411442916e+03
1.777333071411446781e+03
1.777333071411422452e+03
1.777333071411409037e+03
1.777333071411489755e+03
1.777333071411470428e+03
1.777333071411409037e+03
1.777333071411512947e+03
1.777333071411414267e+03
1.777333071411411538e+03
1.777333071411409946e+03
1.777333071411483388e+03
1.777333071411471565e+03
1.777333071411424044e+03
1.777333071411376977e+03
1.777333071411421543e+03
1.777333071411521132e+03
1.777333071411383571e+03
1.777333071411480205e+03
1.777333071411431547e+03
1.777333071411403353e+03
1.777333071411386072e+03
1.777333071411456103e+03
1.777333071411468836e+03
1.777333071411324681e+03
1.777333071411468609e+03
1.777333071411510218e+03
1.777333071411454512e+03
1.777333071411407445e+03
1.777333071411417905e+03
1.777333071411397896e+03
1.777333071411408582e+03
1.777333071411483388e+03
1.777333071411472474e+03
1.777333071411411311e+03
1.777333071411456558e+03
1.777333071411404944e+03
1.777333071411392439e+03
1.777333071411522042e+03
1.777333071411388573e+03
1.777333071411453147e+03
1.777333071411366745e+03
1.777333071411371748e+03
1.777333071411472702e+03
1.777333071411392211e+03
1.777333071411519768e+03
1.777333071411508627e+03
1.777333071411524770e+03
1.777333071411405626e+03
1.777333071411354695e+03
1.777333071411511810e+03
1.777333071411441324e+03
1.777333071411391984e+03
1.777333071411454966e+03
1.777333071411337414e+03
1.777333071411483616e+03
1.777333071411376068e+03
1.777333071411380843e+03
1.777333071411511810e+03
1.777333071411369701e+03
1.777333071411383116e+03
1.777333071411441779e+03
1.777333071411478386e+03
1.777333071411504307e+03
1.777333071411469291e+03
1.777333071411413584e+03
1.777333071411486799e+03
1.777333071411472474e+03
1.777333071411433821e+03
1.777333071411447008e+03
1.777333071411456331e+03
1.777333071411390165e+03
1.777333071411515675e+03
1.777333071411403353e+03
1.777333071411434730e+03
1.777333071411509081e+03
1.777333071411489755e+03
1.777333071411441779e+03
1.777333071411466108e+03
1.777333071411478841e+03
1.777333071411476794e+03
1.777333071411488618e+03
1.777333071411531137e+03
1.777333071411459287e+03
1.777333071411513629e+03
1.777333071411326273e+03
1.777333071411467927e+03
1.777333071411495439e+03
1.777333071411437004e+03
1.777333071411381752e+03
1.777333071411405172e+03
1.777333071411494302e+03
1.777333071411379706e+03
1.777333071411484298e+03
1.777333071411443825e+03
1.777333071411476567e+03
1.777333071411389255e+03
1.777333071411357878e+03
1.777333071411425180e+03
1.777333071411559104e+03
1.777333071411494075e+03
1.777333071411537730e+03
1.777333071411419041e+03
1.777333071411471792e+03
1.777333071411429501e+03
1.777333071411427454e+03
1.777333071411396304e+03
1.777333071411527953e+03
1.777333071411397668e+03
1.777333071411487936e+03
1.777333071411479978e+03
1.777333071411474975e+03
1.777333071411398805e+03
1.777333071411371748e+03
1.777333071411365381e+03
1.777333071411500441e+03
1.777333071411437913e+03
1.777333071411356286e+03
1.777333071411401079e+03
1.777333071411465426e+03
1.777333071411499532e+03
1.777333071411380160e+03
1.777333071411469291e+03
1.777333071411354695e+03
1.777333071411497485e+03
1.777333071411463379e+03
1.777333071411344463e+03
1.777333071411458604e+03
1.777333071411457013e+03
1.777333071411432911e+03
1.777333071411466108e+03
1.777333071411453602e+03
1.777333071411435185e+03
1.777333071411432684e+03
1.777333071411488845e+03
1.777333071411491801e+03
1.777333071411484298e+03
1.777333071411375840e+03
1.777333071411357651e+03
1.777333071411431320e+03
1.777333071411401534e+03
1.777333071411474066e+03
1.777333071411390165e+03
1.777333071411455876e+03
1.777333071411523179e+03
1.777333071411453830e+03
1.777333071411399260e+03
1.777333071411530454e+03
1.777333071411440869e+03
1.777333071411359924e+03
1.777333071411377659e+03
1.777333071411469518e+03
1.777333071411482479e+03
1.777333071411466108e+03
1.777333071411543187e+03
1.777333071411430183e+03
1.777333071411499077e+03
1.777333071411408810e+03
1.777333071411357423e+03
1.777333071411495212e+03
1.777333071411403353e+03
1.777333071411413812e+03
1.777333071411371293e+03
1.777333071411399715e+03
1.777333071411367882e+03
1.777333071411389028e+03
1.777333071411413357e+03
1.777333071411401079e+03
1.777333071411518176e+03
1.777333071411519086e+03
1.777333071411383116e+03
1.777333071411464516e+03
1.777333071411499532e+03
1.777333071411410174e+03
1.777333071411485207e+03
1.777333071411502715e+03
1.777333071411394940e+03
1.777333071411480205e+03
1.777333071411474521e+03
1.777333071411373112e+03
1.777333071411505443e+03
1.777333071411407445e+03
1.777333071411396986e+03
1.777333071411394940e+03
1.777333071411398578e+03
1.777333071411453147e+03
1.777333071411550691e+03
1.777333071411475657e+03
1.777333071411403353e+03
1.777333071411489300e+03
1.777333071411390847e+03
1.777333071411444053e+03
1.777333071411381979e+03
1.777333071411489072e+03
1.777333071411500669e+03
1.777333071411502033e+03
1.777333071411389710e+03
1.777333071411361288e+03
1.777333071411465198e+03
1.777333071411431547e+03
1.777333071411499759e+03
1.777333071411458832e+03
1.777333071411421997e+03
1.777333071411509081e+03
1.777333071411461333e+03
1.777333071411416086e+03
1.777333071411558421e+03
1.777333071411446554e+03
1.777333071411380615e+03
1.777333071411486344e+03
1.777333071411506580e+03
1.777333071411503170e+03
1.777333071411368564e+03
1.777333071411468836e+03
1.777333071411471337e+03
1.777333071411514084e+03
1.777333071411400852e+03
1.777333071411505898e+03
1.777333071411481797e+03
1.777333071411399942e+03
1.777333071411492483e+03
1.777333071411383571e+03
1.777333071411339006e+03
1.777333071411496121e+03
1.777333071411458832e+03
1.777333071411468154e+03
1.777333071411525907e+03
1.777333071411473838e+03
1.777333071411492710e+03
1.777333071411462242e+03
1.777333071411338778e+03
1.777333071411407900e+03
1.777333071411507945e+03
1.777333071411421543e+03
1.777333071411458150e+03
1.777333071411391757e+03
1.777333071411371293e+03
1.777333071411432456e+03
1.777333071411515220e+03
1.777333071411381979e+03
1.777333071411492256e+03
1.777333071411464744e+03
1.777333071411558194e+03
1.777333071411429046e+03
1.777333071411426090e+03
1.777333071411468609e+03
1.777333071411401079e+03
1.777333071411499304e+03
1.777333071411497031e+03
1.777333071411508399e+03
1.777333071411367200e+03
1.777333071411477249e+03
1.777333071411523406e+03
1.777333071411492483e+03
1.777333071411464744e+03
1.777333071411456785e+03
1.777333071411414721e+03
1.777333071411467017e+03
1.777333071411523861e+03
1.777333071411519313e+03
1.777333071411415403e+03
1.777333071411458377e+03
1.777333071411387664e+03
1.777333071411523633e+03
1.777333071411384708e+03
1.777333071411543870e+03
1.777333071411357196e+03
1.777333071411454966e+03
1.777333071411429728e+03
1.777333071411450646e+03
1.777333071411471110e+03
1.777333071411472929e+03
1.777333071411525452e+03
1.777333071411495439e+03
1.777333071411532273e+03
1.777333071411438596e+03
1.777333071411558649e+03
1.777333071411394712e+03
1.777333071411380615e+03
1.777333071411377205e+03
1.777333071411437004e+03
1.777333071411385617e+03
1.777333071411463152e+03
1.777333071411398805e+03
1.777333071411427227e+03
1.777333071411433821e+03
1.777333071411476794e+03
1.777333071411419724e+03
1.777333071411435640e+03
1.777333071411479295e+03
1.777333071411524543e+03
1.777333071411449055e+03
1.777333071411441779e+03
1.777333071411451556e+03
1.777333071411398123e+03
1.777333071411379251e+03
1.777333071411437913e+03
1.777333071411426545e+03
1.777333071411384026e+03
1.777333071411503852e+03
1.777333071411412675e+03
1.777333071411409719e+03
1.777333071411441097e+03
1.777333071411455649e+03
1.777333071411490891e+03
1.777333071411442006e+03
1.777333071411486571e+03
1.777333071411505898e+03
1.777333071411516357e+03
1.777333071411514766e+03
1.777333071411448145e+03
1.777333071411429955e+03
1.777333071411410401e+03
1.777333071411508172e+03
1.777333071411431092e+03
1.777333071411473156e+03
1.777333071411464744e+03
1.777333071411384481e+03
1.777333071411500896e+03
1.777333071411411765e+03
1.777333071411557057e+03
1.777333071411351739e+03
1.777333071411519541e+03
1.777333071411356059e+03
1.777333071411471337e+03
1.777333071411442006e+03
1.777333071411444735e+03
1.777333071411472019e+03
1.777333071411443598e+03
1.777333071411463379e+03
1.777333071411496348e+03
1.777333071411391529e+03
1.777333071411481797e+03
1.777333071411526134e+03
1.777333071411404262e+03
1.777333071411394258e+03
1.777333071411484752e+03
1.777333071411411311e+03
1.777333071411465198e+03
1.777333071411445189e+03
1.777333071411533638e+03
1.777333071411382434e+03
1.777333071411517949e+03
1.777333071411520450e+03
1.777333071411414494e+03
1.777333071411384708e+03
1.777333071411502942e+03
1.777333071411490664e+03
1.777333071411447463e+03
1.777333071411510218e+03
1.777333071411392666e+03
1.777333071411369929e+03
1.777333071411437459e+03
1.777333071411449282e+03
1.777333071411469746e+03
1.777333071411503852e+03
1.777333071411559786e+03
1.777333071411424726e+03
1.777333071411436549e+03
1.777333071411367428e+03
1.777333071411359015e+03
1.777333071411487481e+03
1.777333071411401534e+03
1.777333071411428591e+03
1.777333071411494302e+03
1.777333071411467472e+03
1.777333071411441324e+03
1.777333071411482024e+03
1.777333071411401534e+03
1.777333071411474293e+03
1.777333071411462015e+03
1.777333071411489755e+03
1.777333071411421770e+03
1.777333071411421315e+03
1.777333071411433139e+03
1.777333071411522269e+03
1.777333071411359242e+03
1.777333071411415176e+03
1.777333071411349920e+03
1.777333071411397668e+03
1.777333071411398123e+03
1.777333071411513629e+03
1.777333071411429501e+03
1.777333071411436094e+03
1.777333071411512265e+03
1.777333071411502942e+03
1.777333071411432911e+03
1.777333071411503852e+03
1.777333071411404717e+03
1.777333071411484752e+03
1.777333071411370838e+03
1.777333071411485889e+03
1.777333071411500896e+03
1.777333071411470428e+03
1.777333071411465880e+03
1.777333071411487936e+03
1.777333071411471792e+03
1.777333071411401306e+03
1.777333071411406991e+03
1.777333071411462470e+03
1.777333071411462015e+03
1.777333071411470883e+03
1.777333071411550463e+03
1.777333071411386072e+03
1.777333071411477249e+03
1.777333071411372885e+03
1.777333071411387436e+03
1.777333071411476112e+03
1.777333071411346509e+03
1.777333071411316951e+03
1.777333071411406536e+03
1.777333071411374249e+03
1.777333071411406536e+03
1.777333071411399942e+03
1.777333071411489072e+03
1.777333071411481797e+03
1.777333071411451556e+03
1.777333071411363335e+03
1.777333071411398123e+03
1.777333071411457013e+03
1.777333071411439960e+03
1.777333071411402670e+03
1.777333071411512719e+03
1.777333071411533638e+03
1.777333071411514084e+03
1.777333071411544779e+03
1.777333071411378796e+03
1.777333071411459059e+03
1.777333071411397214e+03
1.777333071411462697e+03
1.777333071411426999e+03
1.777333071411505671e+03
1.777333071411419724e+03
1.777333071411364699e+03
1.777333071411392666e+03
1.777333071411441779e+03
1.777333071411439960e+03
1.777333071411408355e+03
1.777333071411451328e+03
1.777333071411405172e+03
1.777333071411430410e+03
1.777333071411397441e+03
1.777333071411463379e+03
1.777333071411517722e+03
1.777333071411435640e+03
1.777333071411471792e+03
1.777333071411403125e+03
1.777333071411553647e+03
1.777333071411451556e+03
1.777333071411495439e+03
1.777333071411499532e+03
1.777333071411525452e+03
1.777333071411494075e+03
1.777333071411439050e+03
1.777333071411459287e+03
1.777333071411514311e+03
1.777333071411332185e+03
1.777333071411531137e+03
1.777333071411449282e+03
1.777333071411407218e+03
1.777333071411423589e+03
1.777333071411431092e+03
1.777333071411449282e+03
1.777333071411358560e+03
1.777333071411376523e+03
1.777333071411489755e+03
1.777333071411359924e+03
1.777333071411425408e+03
1.777333071411481797e+03
1.777333071411460878e+03
1.777333071411462470e+03
1.777333071411399715e+03
1.777333071411494984e+03
1.777333071411469291e+03
1.777333071411440415e+03
1.777333071411468154e+03
1.777333071411388573e+03
1.777333071411319679e+03
1.777333071411429046e+03
1.777333071411377205e+03
1.777333071411444507e+03
1.777333071411397441e+03
1.777333071411439278e+03
1.777333071411454057e+03
1.777333071411461333e+03
1.777333071411406536e+03
1.777333071411474066e+03
1.777333071411499304e+03
1.777333071411399033e+03
1.777333071411439278e+03
1.777333071411458604e+03
1.777333071411525907e+03
1.777333071411504989e+03
1.777333071411395849e+03
1.777333071411390847e+03
1.777333071411337642e+03
1.777333071411508627e+03
1.777333071411350375e+03
1.777333071411496803e+03
1.777333071411417677e+03
1.777333071411487481e+03
1.777333071411379251e+03
1.777333071411365836e+03
1.777333071411455421e+03
1.777333071411488845e+03
1.777333071411442006e+03
1.777333071411435185e+03
1.777333071411406991e+03
1.777333071411377887e+03
1.777333071411397668e+03
1.777333071411386527e+03
1.777333071411373567e+03
1.777333071411386527e+03
1.777333071411348556e+03
1.777333071411482024e+03
1.777333071411404035e+03
1.777333071411383798e+03
1.777333071411457695e+03
1.777333071411459514e+03
1.777333071411326046e+03
1.777333071411407900e+03
1.777333071411482933e+03
1.777333071411376750e+03
1.777333071411462242e+03
1.777333071411469746e+03
1.777333071411497031e+03
1.777333071411468154e+03
1.777333071411378342e+03
1.777333071411519313e+03
1.777333071411304218e+03
1.777333071411384708e+03
1.777333071411502715e+03
1.777333071411430637e+03
1.777333071411443370e+03
1.777333071411328774e+03
1.777333071411364017e+03
1.777333071411425180e+03
1.777333071411446326e+03
1.777333071411381979e+03
1.777333071411464289e+03
1.777333071411438596e+03
1.777333071411394485e+03
1.777333071411434503e+03
1.777333071411379251e+03
1.777333071411474975e+03
1.777333071411396304e+03
1.777333071411490437e+03
1.777333071411409492e+03
1.777333071411409946e+03
1.777333071411395849e+03
1.777333071411375158e+03
1.777333071411457468e+03
1.777333071411419496e+03
1.777333071411398805e+03
1.777333071411500896e+03
1.777333071411426090e+03
1.777333071411398123e+03
1.777333071411471792e+03
1.777333071411358333e+03
1.777333071411408355e+03
1.777333071411416313e+03
1.777333071411517949e+03
1.777333071411478159e+03
1.777333071411326955e+03
1.777333071411514538e+03
1.777333071411460423e+03
1.777333071411357651e+03
1.777333071411535684e+03
1.777333071411469973e+03
1.777333071411464744e+03
1.777333071411352421e+03
1.777333071411423816e+03
1.777333071411379251e+03
1.777333071411497713e+03
1.777333071411469518e+03
1.777333071411488845e+03
1.777333071411401306e+03
1.777333071411464289e+03
1.777333071411455421e+03
1.777333071411408355e+03
1.777333071411411765e+03
1.777333071411392666e+03
1.777333071411428818e+03
1.777333071411423589e+03
1.777333071411446099e+03
1.777333071411467017e+03
1.777333071411429273e+03
1.777333071411407445e+03
1.777333071411443598e+03
1.777333071411346054e+03
1.777333071411456558e+03
1.777333071411376750e+03
1.777333071411498395e+03
1.777333071411484298e+03
1.777333071411377659e+03
1.777333071411472929e+03
1.777333071411490209e+03
1.777333071411457468e+03
1.777333071411538867e+03
1.777333071411435412e+03
1.777333071411420178e+03
1.777333071411406308e+03
1.777333071411475203e+03
1.777333071411323317e+03
1.777333071411355604e+03
1.777333071411354240e+03
1.777333071411341734e+03
1.777333071411436549e+03
1.777333071411409719e+03
1.777333071411493165e+03
1.777333071411418814e+03
1.777333071411467245e+03
1.777333071411425408e+03
1.777333071411459059e+03
1.777333071411445644e+03
1.777333071411388801e+03
1.777333071411403125e+03
1.777333071411389938e+03
1.777333071411529318e+03
1.777333071411418359e+03
1.777333071411398350e+03
1.777333071411373794e+03
1.777333071411510446e+03
1.777333071411509991e+03
1.777333071411404717e+03
1.777333071411488618e+03
1.777333071411393576e+03
1.777333071411400852e+03
1.777333071411365381e+03
1.777333071411361971e+03
1.777333071411406308e+03
1.777333071411417222e+03
1.777333071411377205e+03
1.777333071411492256e+03
1.777333071411368792e+03
1.777333071411435867e+03
1.777333071411421543e+03
1.777333071411377205e+03
1.777333071411401534e+03
1.777333071411521360e+03
1.777333071411480205e+03
1.777333071411371520e+03
1.777333071411456331e+03
1.777333071411474293e+03
1.777333071411456558e+03
1.777333071411409719e+03
1.777333071411494302e+03
1.777333071411483388e+03
1.777333071411458604e+03
1.777333071411487253e+03
1.777333071411404035e+03
1.777333071411507262e+03
1.777333071411482024e+03
1.777333071411558421e+03
1.777333071411391529e+03
1.777333071411368110e+03
1.777333071411448827e+03
1.777333071411484525e+03
1.777333071411454739e+03
1.777333071411379024e+03
1.777333071411406536e+03
1.777333071411426090e+03
1.777333071411481114e+03
1.777333071411369247e+03
1.777333071411545234e+03
1.777333071411530909e+03
1.777333071411507262e+03
1.777333071411499304e+03
1.777333071411508399e+03
1.777333071411392893e+03
1.777333071411496576e+03
1.777333071411453375e+03
1.777333071411483161e+03
1.777333071411283072e+03
1.777333071411465653e+03
1.777333071411506808e+03
1.777333071411372657e+03
1.777333071411450646e+03
1.777333071411481797e+03
1.777333071411494529e+03
1.777333071411414267e+03
1.777333071411390165e+03
1.777333071411340597e+03
1.777333071411361288e+03
1.777333071411362425e+03
1.777333071411465198e+03
1.777333071411480887e+03
1.777333071411456331e+03
1.777333071411452920e+03
1.777333071411384253e+03
1.777333071411324909e+03
1.777333071411372430e+03
1.777333071411497031e+03
1.777333071411459514e+03
1.777333071411438368e+03
1.777333071411468836e+03
1.777333071411406763e+03
1.777333071411416313e+03
1.777333071411322862e+03
1.777333071411378342e+03
1.777333071411463607e+03
1.777333071411452011e+03
1.777333071411325591e+03
1.777333071411508854e+03
1.777333071411396077e+03
1.777333071411365836e+03
1.777333071411523861e+03
1.777333071411457013e+03
1.777333071411395167e+03
1.777333071411491801e+03
1.777333071411471110e+03
1.777333071411417677e+03
1.777333071411441097e+03
1.777333071411480205e+03
1.777333071411483616e+03
1.777333071411398123e+03
1.777333071411538185e+03
1.777333071411424044e+03
1.777333071411342644e+03
1.777333071411436549e+03
1.777333071411473156e+03
1.777333071411499986e+03
1.777333071411458604e+03
1.777333071411389938e+03
1.777333071411469064e+03
1.777333071411523406e+03
1.777333071411496803e+03
1.777333071411469291e+03
1.777333071411438141e+03
1.777333071411365836e+03
1.777333071411332639e+03
1.777333071411344235e+03
1.777333071411495894e+03
1.777333071411379706e+03
1.777333071411476794e+03
1.777333071411426772e+03
1.777333071411433366e+03
1.777333071411406308e+03
1.777333071411384026e+03
1.777333071411456103e+03
1.777333071411464289e+03
1.777333071411328092e+03
1.777333071411459514e+03
1.777333071411557285e+03
1.777333071411450192e+03
1.777333071411518631e+03
1.777333071411461106e+03
1.777333071411529318e+03
1.777333071411474293e+03
1.777333071411517039e+03
1.777333071411449737e+03
1.777333071411371748e+03
1.777333071411429955e+03
1.777333071411393803e+03
1.777333071411411993e+03
1.777333071411541368e+03
1.777333071411381070e+03
1.777333071411485207e+03
1.777333071411478386e+03
1.777333071411509081e+03
1.777333071411400852e+03
1.777333071411424726e+03
1.777333071411524543e+03
1.777333071411434503e+03
1.777333071411460196e+03
1.777333071411412902e+03
1.777333071411406081e+03
1.777333071411421997e+03
1.777333071411521814e+03
1.777333071411369474e+03
1.777333071411444053e+03
1.777333071411436777e+03
1.777333071411378796e+03
1.777333071411468836e+03
1.777333071411489755e+03
1.777333071411407218e+03
1.777333071411432911e+03
1.777333071411416086e+03
1.777333071411467245e+03
1.777333071411434730e+03
1.777333071411537730e+03
1.777333071411568426e+03
1.777333071411529545e+03
1.777333071411471792e+03
1.777333071411388346e+03
1.777333071411484525e+03
1.777333071411420633e+03
1.777333071411388346e+03
1.777333071411544552e+03
1.777333071411487026e+03
1.777333071411368564e+03
1.777333071411395849e+03
1.777333071411337187e+03
1.777333071411362425e+03
1.777333071411346509e+03
1.777333071411399487e+03
1.777333071411446326e+03
1.777333071411480660e+03
1.777333071411382662e+03
1.777333071411488618e+03
1.777333071411410856e+03
1.777333071411477931e+03
1.777333071411389710e+03
1.777333071411419041e+03
1.777333071411426999e+03
1.777333071411511810e+03
1.777333071411432229e+03
1.777333071411502033e+03
1.777333071411416768e+03
1.777333071411496576e+03
1.777333071411401988e+03
1.777333071411353558e+03
1.777333071411409719e+03
1.777333071411489982e+03
1.777333071411391984e+03
1.777333071411458832e+03
1.777333071411432456e+03
1.777333071411469064e+03
1.777333071411478613e+03
1.777333071411394030e+03
1.777333071411483616e+03
1.777333071411512265e+03
1.777333071411545916e+03
1.777333071411471565e+03
1.777333071411396531e+03
1.777333071411385163e+03
1.777333071411474066e+03
1.777333071411525680e+03
1.777333071411349920e+03
1.777333071411499077e+03
1.777333071411479068e+03
1.777333071411490891e+03
1.777333071411473156e+03
1.777333071411461560e+03
1.777333071411424271e+03
1.777333071411458832e+03
1.777333071411475430e+03
1.777333071411354695e+03
1.777333071411332867e+03
1.777333071411356741e+03
1.777333071411378796e+03
1.777333071411472247e+03
1.777333071411342644e+03
1.777333071411396986e+03
1.777333071411484525e+03
1.777333071411346282e+03
1.777333071411533183e+03
1.777333071411439505e+03
1.777333071411402216e+03
1.777333071411360379e+03
1.777333071411487026e+03
1.777333071411441097e+03
1.777333071411413584e+03
1.777333071411424498e+03
1.777333071411391757e+03
1.777333071411396304e+03
1.777333071411400169e+03
1.777333071411499986e+03
1.777333071411471792e+03
1.777333071411480205e+03
1.777333071411400624e+03
1.777333071411480205e+03
1.777333071411529090e+03
1.777333071411488845e+03
1.777333071411547508e+03
1.777333071411398350e+03
1.777333071411487936e+03
1.777333071411515220e+03
1.777333071411330820e+03
1.777333071411462470e+03
1.777333071411375158e+03
1.777333071411519768e+03
1.777333071411450419e+03
1.777333071411452238e+03
1.777333071411400397e+03
1.777333071411463834e+03
1.777333071411462242e+03
1.777333071411469518e+03
1.777333071411417677e+03
1.777333071411472247e+03
1.777333071411442688e+03
1.777333071411452011e+03
1.777333071411483616e+03
1.777333071411377659e+03
1.777333071411376295e+03
1.777333071411458150e+03
1.777333071411488618e+03
1.777333071411502942e+03
1.777333071411447690e+03
1.777333071411493393e+03
1.777333071411481114e+03
1.777333071411376977e+03
1.777333071411389483e+03
1.777333071411483388e+03
1.777333071411419496e+03
1.777333071411402216e+03
1.777333071411477704e+03
1.777333071411503852e+03
1.777333071411382207e+03
1.777333071411408127e+03
1.777333071411444507e+03
1.777333071411373339e+03
1.777333071411524770e+03
1.777333071411449055e+03
1.777333071411484525e+03
1.777333071411476112e+03
1.777333071411480205e+03
1.777333071411435640e+03
1.777333071411452920e+03
1.777333071411379251e+03
1.777333071411487936e+03
1.777333071411475657e+03
1.777333071411476112e+03
1.777333071411387664e+03
1.777333071411452693e+03
1.777333071411470883e+03
1.777333071411452011e+03
1.777333071411469746e+03
1.777333071411540004e+03
1.777333071411489755e+03
1.777333071411383344e+03
1.777333071411521814e+03
1.777333071411488618e+03
1.777333071411521132e+03
1.777333071411566152e+03
1.777333071411399033e+03
1.777333071411423816e+03
1.777333071411487026e+03
1.777333071411470200e+03
1.777333071411485662e+03
1.777333071411491119e+03
1.777333071411511810e+03
1.777333071411442688e+03
1.777333071411494757e+03
1.777333071411445189e+03
1.777333071411389938e+03
1.777333071411463607e+03
1.777333071411481569e+03
1.777333071411394030e+03
1.777333071411382662e+03
1.777333071411366973e+03
1.777333071411499986e+03
1.777333071411442461e+03
1.777333071411491119e+03
1.777333071411402443e+03
1.777333071411400397e+03
1.777333071411399260e+03
1.777333071411442006e+03
1.777333071411483843e+03
1.777333071411475203e+03
1.777333071411444507e+03
1.777333071411496348e+03
1.777333071411379251e+03
1.777333071411436549e+03
1.777333071411515220e+03
1.777333071411464744e+03
1.777333071411469746e+03
1.777333071411427454e+03
1.777333071411388346e+03
1.777333071411410629e+03
1.777333071411388119e+03
1.777333071411493165e+03
1.777333071411484525e+03
1.777333071411406991e+03
1.777333071411371293e+03
1.777333071411488845e+03
1.777333071411469518e+03
1.777333071411374931e+03
1.777333071411401761e+03
1.777333071411341962e+03
1.777333071411415858e+03
1.777333071411504989e+03
1.777333071411417450e+03
1.777333071411513401e+03
1.777333071411496803e+03
1.777333071411533638e+03
1.777333071411380388e+03
1.777333071411476567e+03
1.777333071411315359e+03
1.777333071411466335e+03
1.777333071411504534e+03
1.777333071411472929e+03
1.777333071411558421e+03
1.777333071411493847e+03
1.777333071411378796e+03
1.777333071411443143e+03
1.777333071411399942e+03
1.777333071411411538e+03
1.777333071411396531e+03
1.777333071411479295e+03
1.777333071411460423e+03
1.777333071411421770e+03
1.777333071411393121e+03
1.777333071411479295e+03
1.777333071411392211e+03
1.777333071411423589e+03
1.777333071411476567e+03
1.777333071411457013e+03
1.777333071411525225e+03
1.777333071411375840e+03
1.777333071411408355e+03
1.777333071411406763e+03
1.777333071411383344e+03
1.777333071411425863e+03
1.777333071411406308e+03
1.777333071411403580e+03
1.777333071411511582e+03
1.777333071411358787e+03
1.777333071411512719e+03
1.777333071411484752e+03
1.777333071411544324e+03
1.777333071411501351e+03
1.777333071411437913e+03
1.777333071411485889e+03
1.777333071411527726e+03
1.777333071411317633e+03
1.777333071411468609e+03
1.777333071411487481e+03
1.777333071411525907e+03
1.777333071411369019e+03
1.777333071411463834e+03
1.777333071411367655e+03
1.777333071411412675e+03
1.777333071411375158e+03
1.777333071411411765e+03
1.777333071411338096e+03
1.777333071411495894e+03
1.777333071411420406e+03
1.777333071411486799e+03
1.777333071411454512e+03
1.777333071411503170e+03
1.777333071411413130e+03
1.777333071411364244e+03
1.777333071411478841e+03
1.777333071411402898e+03
1.777333071411389710e+03
1.777333071411493393e+03
1.777333071411421088e+03
1.777333071411490891e+03
1.777333071411474293e+03
1.777333071411487481e+03
1.777333071411502033e+03
1.777333071411472702e+03
1.777333071411388119e+03
1.777333071411471110e+03
1.777333071411492710e+03
1.777333071411468154e+03
1.777333071411473156e+03
1.777333071411452465e+03
1.777333071411454966e+03
1.777333071411495666e+03
1.777333071411374476e+03
1.777333071411517722e+03
1.777333071411449282e+03
1.777333071411469064e+03
1.777333071411407218e+03
1.777333071411399942e+03
1.777333071411414721e+03
1.777333071411493847e+03
1.777333071411494984e+03
1.777333071411546143e+03
1.777333071411492938e+03
1.777333071411564788e+03
1.777333071411406763e+03
1.777333071411450192e+03
1.777333071411474975e+03
1.777333071411321271e+03
1.777333071411469518e+03
1.777333071411356059e+03
1.777333071411359015e+03
1.777333071411565697e+03
1.777333071411437004e+03
1.777333071411469064e+03
1.777333071411477704e+03
1.777333071411352648e+03
1.777333071411413357e+03
1.777333071411378342e+03
1.777333071411498850e+03
1.777333071411374021e+03
1.777333071411419041e+03
1.777333071411321953e+03
1.777333071411414494e+03
1.777333071411437686e+03
1.777333071411347873e+03
1.777333071411426999e+03
1.777333071411407673e+03
1.777333071411405626e+03
1.777333071411417450e+03
1.777333071411395849e+03
1.777333071411472929e+03
1.777333071411386754e+03
1.777333071411535684e+03
1.777333071411363790e+03
1.777333071411494075e+03
1.777333071411510218e+03
1.777333071411432229e+03
1.777333071411373339e+03
1.777333071411417677e+03
1.777333071411472702e+03
1.777333071411306719e+03
1.777333071411517949e+03
1.777333071411419951e+03
1.777333071411333094e+03
1.777333071411407218e+03
1.777333071411484525e+03
1.777333071411457695e+03
1.777333071411424726e+03
1.777333071411360152e+03
1.777333071411378796e+03
1.777333071411419041e+03
1.777333071411380160e+03
1.777333071411482706e+03
1.777333071411519086e+03
1.777333071411422225e+03
1.777333071411459514e+03
1.777333071411434503e+03
1.777333071411364699e+03
1.777333071411536139e+03
1.777333071411453602e+03
1.777333071411373112e+03
1.777333071411330366e+03
1.777333071411466335e+03
1.777333071411446781e+03
1.777333071411490664e+03
1.777333071411399942e+03
1.777333071411423361e+03
1.777333071411391074e+03
1.777333071411385845e+03
1.777333071411388573e+03
1.777333071411467017e+03
1.777333071411490209e+03
1.777333071411476567e+03
1.777333071411455421e+03
1.777333071411428364e+03
1.777333071411343553e+03
1.777333071411478159e+03
1.777333071411454057e+03
1.777333071411368792e+03
1.777333071411480660e+03
1.777333071411442916e+03
1.777333071411481569e+03
1.777333071411439732e+03
1.777333071411495894e+03
1.777333071411472247e+03
1.777333071411416540e+03
1.777333071411449964e+03
1.777333071411504079e+03
1.777333071411511582e+03
1.777333071411484525e+03
1.777333071411456785e+03
1.777333071411384026e+03
1.777333071411490437e+03
1.777333071411516812e+03
1.777333071411426090e+03
1.777333071411481114e+03
1.777333071411434275e+03
1.777333071411517722e+03
1.777333071411466790e+03
1.777333071411412220e+03
1.777333071411432456e+03
1.777333071411445417e+03
1.777333071411403353e+03
1.777333071411444735e+03
1.777333071411410629e+03
1.777333071411430183e+03
1.777333071411448600e+03
1.777333071411477022e+03
1.777333071411401079e+03
1.777333071411458604e+03
1.777333071411491574e+03
1.777333071411506808e+03
1.777333071411490891e+03
1.777333071411381752e+03
1.777333071411403807e+03
1.777333071411491346e+03
1.777333071411448600e+03
1.777333071411400624e+03
1.777333071411536594e+03
1.777333071411557512e+03
1.777333071411376523e+03
1.777333071411415858e+03
1.777333071411400169e+03
1.777333071411464061e+03
1.777333071411373339e+03
1.777333071411497485e+03
1.777333071411447236e+03
1.777333071411418814e+03
1.777333071411432229e+03
1.777333071411436094e+03
1.777333071411484298e+03
1.777333071411423816e+03
1.777333071411447236e+03
1.777333071411486117e+03
1.777333071411545006e+03
1.777333071411390847e+03
1.777333071411399260e+03
1.777333071411402216e+03
1.777333071411527271e+03
1.777333071411465653e+03
1.777333071411441551e+03
1.777333071411426772e+03
1.777333071411342871e+03
1.777333071411465426e+03
1.777333071411349920e+03
1.777333071411352421e+03
1.777333071411385845e+03
1.777333071411451783e+03
1.777333071411386754e+03
1.777333071411495212e+03
1.777333071411398350e+03
1.777333071411464516e+03
1.777333071411493393e+03
1.777333071411409946e+03
1.777333071411427909e+03
1.777333071411464971e+03
1.777333071411461333e+03
1.777333071411532046e+03
1.777333071411362425e+03
1.777333071411515903e+03
1.777333071411467472e+03
1.777333071411402898e+03
1.777333071411378114e+03
1.777333071411384026e+03
1.777333071411410174e+03
1.777333071411471110e+03
1.777333071411499532e+03
1.777333071411474748e+03
1.777333071411466562e+03
1.777333071411488845e+03
1.777333071411501578e+03
1.777333071411377432e+03
1.777333071411386072e+03
1.777333071411343553e+03
1.777333071411548190e+03
1.777333071411488163e+03
1.777333071411417222e+03
1.777333071411509081e+03
1.777333071411543870e+03
1.777333071411402443e+03
1.777333071411355149e+03
1.777333071411463834e+03
1.777333071411447690e+03
1.777333071411413584e+03
1.777333071411384253e+03
1.777333071411438141e+03
1.777333071411391984e+03
1.777333071411582523e+03
1.777333071411427909e+03
1.777333071411487253e+03
1.777333071411387664e+03
1.777333071411462470e+03
1.777333071411474293e+03
1.777333071411370611e+03
1.777333071411534775e+03
1.777333071411372657e+03
1.777333071411480205e+03
1.777333071411453147e+03
1.777333071411355604e+03
1.777333071411566152e+03
1.777333071411465198e+03
1.777333071411494984e+03
1.777333071411458377e+03
1.777333071411365609e+03
1.777333071411458604e+03
1.777333071411495666e+03
1.777333071411377659e+03
1.777333071411450874e+03
1.777333071411434958e+03
1.777333071411454512e+03
1.777333071411516585e+03
1.777333071411502488e+03
1.777333071411375386e+03
1.777333071411394485e+03
1.777333071411468836e+03
1.777333071411424498e+03
1.777333071411427227e+03
1.777333071411420860e+03
1.777333071411436094e+03
1.777333071411472474e+03
1.777333071411408810e+03
1.777333071411481342e+03
1.777333071411445189e+03
1.777333071411456103e+03
1.777333071411440187e+03
1.777333071411475657e+03
1.777333071411391984e+03
1.777333071411384026e+03
1.777333071411420633e+03
1.777333071411370611e+03
1.777333071411442916e+03
1.777333071411348783e+03
1.777333071411486799e+03
1.777333071411442461e+03
1.777333071411432229e+03
1.777333071411435867e+03
1.777333071411484298e+03
1.777333071411450646e+03
1.777333071411441097e+03
1.777333071411476794e+03
1.777333071411558876e+03
1.777333071411473384e+03
1.777333071411467017e+03
1.777333071411469973e+03
1.777333071411448600e+03
1.777333071411421770e+03
1.777333071411371520e+03
1.777333071411502715e+03
1.777333071411477704e+03
1.777333071411516585e+03
1.777333071411390392e+03
1.777333071411379024e+03
1.777333071411382662e+03
1.777333071411381752e+03
1.777333071411406081e+03
1.777333071411384935e+03
1.777333071411391757e+03
1.777333071411340597e+03
1.777333071411452920e+03
1.777333071411370383e+03
1.777333071411421770e+03
1.777333071411384935e+03
1.777333071411441551e+03
1.777333071411552055e+03
1.777333071411502260e+03
1.777333071411313313e+03
1.777333071411476794e+03
1.777333071411463379e+03
1.777333071411526134e+03
1.777333071411506126e+03
1.777333071411539322e+03
1.777333071411400624e+03
1.777333071411404489e+03
1.777333071411376977e+03
1.777333071411454739e+03
1.777333071411481569e+03
1.777333071411386072e+03
1.777333071411491574e+03
1.777333071411477022e+03
1.777333071411415858e+03
1.777333071411383116e+03
1.777333071411522724e+03
1.777333071411445871e+03
1.777333071411413357e+03
1.777333071411410856e+03
1.777333071411505216e+03
1.777333071411518176e+03
1.777333071411443598e+03
1.777333071411431092e+03
1.777333071411434048e+03
1.777333071411429501e+03
1.777333071411468381e+03
1.777333071411440869e+03
1.777333071411513629e+03
1.777333071411362198e+03
1.777333071411451328e+03
1.777333071411397668e+03
1.777333071411403125e+03
1.777333071411362880e+03
1.777333071411553647e+03
1.777333071411501351e+03
1.777333071411419496e+03
1.777333071411479295e+03
1.777333071411552055e+03
1.777333071411381525e+03
1.777333071411514766e+03
1.777333071411366291e+03
1.777333071411469518e+03
1.777333071411445189e+03
1.777333071411522496e+03
1.777333071411506808e+03
1.777333071411456785e+03
1.777333071411422225e+03
1.777333071411515903e+03
1.777333071411495894e+03
1.777333071411577293e+03
1.777333071411461560e+03
1.777333071411489982e+03
1.777333071411489527e+03
1.777333071411379251e+03
1.777333071411472474e+03
1.777333071411512037e+03
1.777333071411409492e+03
1.777333071411434048e+03
1.777333071411543415e+03
1.777333071411470428e+03
1.777333071411366745e+03
1.777333071411442461e+03
1.777333071411487253e+03
1.777333071411447463e+03
1.777333071411358787e+03
1.777333071411474066e+03
1.777333071411391984e+03
1.777333071411489527e+03
1.777333071411458604e+03
1.777333071411459969e+03
1.777333071411502715e+03
1.777333071411398805e+03
1.777333071411348783e+03
1.777333071411459969e+03
1.777333071411354922e+03
1.777333071411514538e+03
1.777333071411444053e+03
1.777333071411432229e+03
1.777333071411479978e+03
1.777333071411433821e+03
1.777333071411435185e+03
1.777333071411469064e+03
1.777333071411392893e+03
1.777333071411469746e+03
1.777333071411415631e+03
1.777333071411448145e+03
1.777333071411314904e+03
1.777333071411400624e+03
1.777333071411365154e+03
1.777333071411350147e+03
1.777333071411428591e+03
1.777333071411465426e+03
1.777333071411464289e+03
1.777333071411398123e+03
1.777333071411529090e+03
1.777333071411471337e+03
1.777333071411392211e+03
1.777333071411494529e+03
1.777333071411444280e+03
1.777333071411321043e+03
1.777333071411385390e+03
1.777333071411467927e+03
1.777333071411424044e+03
1.777333071411443825e+03
1.777333071411497713e+03
1.777333071411390847e+03
1.777333071411427454e+03
1.777333071411455876e+03
1.777333071411360379e+03
1.777333071411489072e+03
1.777333071411376750e+03
1.777333071411414721e+03
1.777333071411359242e+03
1.777333071411356968e+03
1.777333071411492256e+03
1.777333071411413584e+03
1.777333071411433366e+03
1.777333071411483161e+03
1.777333071411411083e+03
1.777333071411436322e+03
1.777333071411481569e+03
1.777333071411489300e+03
1.777333071411358333e+03
1.777333071411432229e+03
1.777333071411376977e+03
1.777333071411443825e+03
1.777333071411383116e+03
1.777333071411406991e+03
1.777333071411390847e+03
1.777333071411447918e+03
1.777333071411447236e+03
1.777333071411482251e+03
1.777333071411406081e+03
1.777333071411347873e+03
1.777333071411390392e+03
1.777333071411425180e+03
1.777333071411444735e+03
1.777333071411419269e+03
1.777333071411569790e+03
1.777333071411507717e+03
1.777333071411383344e+03
1.777333071411493165e+03
1.777333071411420633e+03
1.777333071411457240e+03
1.777333071411430410e+03
1.777333071411364017e+03
1.777333071411559786e+03
1.777333071411391529e+03
1.777333071411431547e+03
1.777333071411464289e+03
1.777333071411401761e+03
1.777333071411506126e+03
1.777333071411504534e+03
1.777333071411407445e+03
1.777333071411356741e+03
1.777333071411500214e+03
1.777333071411472019e+03
1.777333071411479750e+03
1.777333071411365609e+03
1.777333071411513174e+03
1.777333071411502942e+03
1.777333071411484070e+03
1.777333071411399260e+03
1.777333071411422225e+03
1.777333071411408810e+03
1.777333071411519995e+03
1.777333071411455649e+03
1.777333071411482024e+03
1.777333071411383344e+03
1.777333071411437459e+03
1.777333071411379933e+03
1.777333071411393121e+03
1.777333071411434275e+03
1.777333071411400397e+03
1.777333071411405172e+03
1.777333071411402670e+03
1.777333071411455421e+03
1.777333071411377432e+03
1.777333071411550691e+03
1.777333071411491119e+03
1.777333071411439050e+03
1.777333071411482933e+03
1.777333071411493393e+03
1.777333071411398805e+03
1.777333071411398578e+03
1.777333071411389938e+03
1.777333071411473611e+03
1.777333071411425863e+03
1.777333071411535684e+03
1.777333071411356741e+03
1.777333071411487708e+03
1.777333071411412675e+03
1.777333071411380843e+03
1.777333071411401306e+03
1.777333071411357196e+03
1.777333071411457013e+03
1.777333071411458377e+03
1.777333071411475885e+03
1.777333071411507490e+03
1.777333071411503624e+03
1.777333071411361516e+03
1.777333071411491574e+03
1.777333071411480205e+03
1.777333071411424953e+03
1.777333071411419269e+03
1.777333071411371066e+03
1.777333071411458377e+03
1.777333071411369929e+03
1.777333071411500896e+03
1.777333071411356286e+03
1.777333071411474975e+03
1.777333071411397668e+03
1.777333071411487253e+03
1.777333071411519086e+03
1.777333071411414267e+03
1.777333071411370838e+03
1.777333071411368564e+03
1.777333071411523633e+03
1.777333071411439278e+03
1.777333071411406081e+03
1.777333071411571609e+03
1.777333071411361971e+03
1.777333071411507717e+03
1.777333071411411311e+03
1.777333071411487026e+03
1.777333071411419724e+03
1.777333071411486571e+03
1.777333071411348783e+03
1.777333071411474521e+03
1.777333071411435412e+03
1.777333071411475430e+03
1.777333071411454512e+03
1.777333071411387891e+03
1.777333071411405626e+03
1.777333071411372202e+03
1.777333071411427682e+03
1.777333071411414721e+03
1.777333071411357196e+03
1.777333071411477476e+03
1.777333071411430183e+03
1.777333071411428136e+03
1.777333071411444735e+03
1.777333071411301944e+03
1.777333071411400169e+03
1.777333071411463607e+03
1.777333071411426999e+03
1.777333071411475430e+03
1.777333071411396986e+03
1.777333071411455194e+03
1.777333071411342871e+03
1.777333071411401534e+03
1.777333071411440642e+03
1.777333071411370611e+03
1.777333071411413357e+03
1.777333071411486571e+03
1.777333071411458604e+03
1.777333071411407900e+03
1.777333071411356741e+03
1.777333071411524088e+03
1.777333071411483843e+03
1.777333071411482706e+03
1.777333071411471792e+03
1.777333071411521132e+03
1.777333071411404489e+03
1.777333071411423589e+03
1.777333071411493847e+03
1.777333071411462015e+03
1.777333071411356514e+03
1.777333071411364472e+03
1.777333071411439732e+03
1.777333071411462015e+03
1.777333071411386754e+03
1.777333071411472247e+03
1.777333071411409492e+03
1.777333071411353330e+03
1.777333071411363790e+03
1.777333071411368792e+03
1.777333071411381297e+03
1.777333071411534547e+03
1.777333071411515675e+03
1.777333071411372430e+03
1.777333071411430410e+03
1.777333071411409037e+03
1.777333071411358560e+03
1.777333071411436322e+03
1.777333071411445417e+03
1.777333071411362425e+03
1.777333071411466790e+03
1.777333071411480432e+03
1.777333071411426999e+03
1.777333071411467472e+03
1.777333071411489072e+03
1.777333071411451101e+03
1.777333071411502488e+03
1.777333071411454739e+03
1.777333071411340143e+03
1.777333071411542051e+03
1.777333071411470883e+03
1.777333071411442916e+03
1.777333071411410401e+03
1.777333071411460878e+03
1.777333071411498622e+03
1.777333071411475885e+03
1.777333071411407218e+03
1.777333071411403807e+03
1.777333071411394712e+03
1.777333071411466335e+03
1.777333071411431320e+03
1.777333071411481114e+03
1.777333071411451556e+03
1.777333071411367200e+03
1.777333071411438823e+03
1.777333071411406991e+03
1.777333071411429728e+03
1.777333071411481114e+03
1.777333071411412220e+03
1.777333071411407900e+03
1.777333071411447008e+03
1.777333071411360152e+03
1.777333071411408810e+03
1.777333071411405626e+03
1.777333071411443370e+03
1.777333071411492483e+03
1.777333071411424271e+03
1.777333071411414039e+03
1.777333071411403580e+03
1.777333071411505898e+03
1.777333071411448827e+03
1.777333071411478386e+03
1.777333071411403807e+03
1.777333071411456558e+03
1.777333071411443143e+03
1.777333071411371520e+03
1.777333071411374704e+03
1.777333071411416086e+03
1.777333071411436549e+03
1.777333071411530682e+03
1.777333071411371520e+03
1.777333071411530682e+03
1.777333071411404035e+03
1.777333071411434958e+03
1.777333071411378796e+03
1.777333071411488390e+03
1.777333071411449964e+03
1.777333071411481342e+03
1.777333071411478613e+03
1.777333071411477704e+03
1.777333071411540686e+03
1.777333071411500214e+03
1.777333071411498622e+03
1.777333071411488163e+03
1.777333071411495439e+03
1.777333071411355604e+03
1.777333071411435412e+03
1.777333071411495439e+03
1.777333071411376068e+03
1.777333071411383116e+03
1.777333071411358787e+03
1.777333071411467472e+03
1.777333071411464061e+03
1.777333071411454512e+03
1.777333071411502033e+03
1.777333071411457695e+03
1.777333071411410629e+03
1.777333071411468381e+03
1.777333071411475203e+03
1.777333071411494529e+03
1.777333071411435640e+03
1.777333071411472929e+03
1.777333071411479523e+03
1.777333071411384026e+03
1.777333071411515448e+03
1.777333071411430637e+03
1.777333071411503852e+03
1.777333071411502488e+03
1.777333071411434275e+03
1.777333071411331503e+03
1.777333071411524543e+03
1.777333071411357196e+03
1.777333071411402443e+03
1.777333071411501351e+03
1.777333071411431547e+03
1.777333071411463379e+03
1.777333071411497031e+03
1.777333071411564106e+03
1.777333071411484525e+03
1.777333071411335823e+03
1.777333071411384026e+03
1.777333071411389028e+03
1.777333071411498167e+03
1.777333071411352194e+03
1.777333071411366063e+03
1.777333071411316041e+03
1.777333071411495666e+03
1.777333071411431092e+03
1.777333071411420178e+03
1.777333071411438368e+03
1.777333071411491801e+03
1.777333071411494075e+03
1.777333071411469973e+03
1.777333071411386300e+03
1.777333071411444962e+03
1.777333071411526817e+03
1.777333071411384708e+03
1.777333071411339688e+03
1.777333071411482933e+03
1.777333071411467245e+03
1.777333071411429728e+03
1.777333071411430183e+03
1.777333071411427682e+03
1.777333071411452465e+03
1.777333071411348783e+03
1.777333071411293531e+03
1.777333071411434503e+03
1.777333071411486117e+03
1.777333071411466562e+03
1.777333071411439278e+03
1.777333071411376977e+03
1.777333071411494984e+03
1.777333071411406081e+03
1.777333071411434730e+03
1.777333071411485435e+03
1.777333071411419724e+03
1.777333071411476794e+03
1.777333071411386300e+03
1.777333071411430637e+03
1.777333071411417905e+03
1.777333071411390165e+03
1.777333071411380160e+03
1.777333071411473838e+03
1.777333071411405399e+03
1.777333071411443143e+03
1.777333071411542278e+03
1.777333071411450874e+03
1.777333071411371520e+03
1.777333071411341507e+03
1.777333071411493847e+03
1.777333071411346509e+03
1.777333071411481342e+03
1.777333071411420860e+03
1.777333071411447463e+03
1.777333071411528408e+03
1.777333071411507262e+03
1.777333071411448373e+03
1.777333071411449964e+03
1.777333071411374476e+03
1.777333071411433139e+03
1.777333071411368792e+03
1.777333071411369019e+03
1.777333071411421088e+03
1.777333071411389255e+03
1.777333071411495439e+03
1.777333071411462242e+03
1.777333071411392439e+03
1.777333071411480887e+03
1.777333071411501805e+03
1.777333071411517494e+03
1.777333071411426090e+03
1.777333071411486117e+03
1.777333071411489982e+03
1.777333071411489982e+03
1.777333071411524315e+03
1.777333071411373112e+03
1.777333071411406991e+03
1.777333071411483388e+03
1.777333071411490664e+03
1.777333071411381525e+03
1.777333071411372430e+03
1.777333071411512265e+03
1.777333071411487253e+03
1.777333071411380615e+03
1.777333071411367200e+03
1.777333071411460878e+03
1.777333071411406308e+03
1.777333071411432911e+03
1.777333071411467017e+03
1.777333071411553647e+03
1.777333071411517494e+03
1.777333071411365154e+03
1.777333071411393803e+03
1.777333071411439960e+03
1.777333071411475885e+03
1.777333071411466562e+03
1.777333071411393348e+03
1.777333071411460878e+03
1.777333071411503852e+03
1.777333071411482479e+03
1.777333071411401306e+03
1.777333071411522724e+03
1.777333071411410174e+03
1.777333071411365609e+03
1.777333071411471110e+03
1.777333071411498395e+03
1.777333071411479523e+03
1.777333071411468154e+03
1.777333071411419496e+03
1.777333071411475885e+03
1.777333071411438596e+03
1.777333071411421088e+03
1.777333071411546371e+03
1.777333071411529090e+03
1.777333071411438823e+03
1.777333071411343326e+03
1.777333071411426317e+03
1.777333071411448145e+03
1.777333071411492483e+03
1.777333071411496576e+03
1.777333071411386072e+03
1.777333071411514766e+03
1.777333071411372202e+03
1.777333071411458377e+03
1.777333071411498850e+03
1.777333071411516812e+03
1.777333071411466790e+03
1.777333071411387891e+03
1.777333071411458377e+03
1.777333071411384708e+03
1.777333071411416995e+03
1.777333071411519541e+03
1.777333071411408355e+03
1.777333071411472702e+03
1.777333071411497485e+03
1.777333071411393348e+03
1.777333071411480432e+03
1.777333071411472474e+03
1.777333071411443825e+03
1.777333071411527499e+03
1.777333071411414267e+03
1.777333071411535684e+03
1.777333071411377205e+03
1.777333071411381070e+03
1.777333071411478159e+03
1.777333071411405626e+03
1.777333071411497031e+03
1.777333071411466790e+03
1.777333071411499532e+03
1.777333071411412448e+03
1.777333071411489755e+03
1.777333071411493620e+03
1.777333071411405626e+03
1.777333071411522269e+03
1.777333071411445189e+03
1.777333071411450646e+03
1.777333071411365609e+03
1.777333071411353103e+03
1.777333071411384026e+03
1.777333071411469973e+03
1.777333071411426999e+03
1.777333071411470883e+03
1.777333071411321498e+03
1.777333071411440415e+03
1.777333071411407218e+03
1.777333071411510218e+03
1.777333071411379024e+03
1.777333071411459741e+03
1.777333071411404262e+03
1.777333071411467699e+03
1.777333071411379933e+03
1.777333071411491346e+03
1.777333071411402216e+03
1.777333071411477249e+03
1.777333071411506808e+03
1.777333071411416995e+03
1.777333071411348556e+03
1.777333071411381297e+03
1.777333071411495212e+03
1.777333071411362880e+03
1.777333071411339915e+03
1.777333071411468381e+03
1.777333071411437004e+03
1.777333071411443143e+03
1.777333071411437459e+03
1.777333071411389710e+03
1.777333071411329229e+03
1.777333071411429046e+03
1.777333071411520677e+03
1.777333071411445871e+03
1.777333071411456331e+03
1.777333071411451328e+03
1.777333071411522269e+03
1.777333071411431774e+03
1.777333071411390620e+03
1.777333071411418587e+03
1.777333071411420633e+03
1.777333071411455876e+03
1.777333071411425635e+03
1.777333071411391984e+03
1.777333071411403807e+03
1.777333071411527044e+03
1.777333071411386072e+03
1.777333071411393348e+03
1.777333071411437004e+03
1.777333071411435867e+03
1.777333071411341507e+03
1.777333071411527499e+03
1.777333071411441324e+03
1.777333071411487026e+03
1.777333071411489072e+03
1.777333071411471337e+03
1.777333071411369247e+03
1.777333071411419724e+03
1.777333071411374931e+03
1.777333071411463607e+03
1.777333071411389255e+03
1.777333071411477249e+03
1.777333071411497940e+03
1.777333071411391757e+03
1.777333071411422225e+03
1.777333071411369701e+03
1.777333071411488845e+03
1.777333071411348556e+03
1.777333071411444962e+03
1.777333071411382889e+03
1.777333071411479978e+03
1.777333071411469746e+03
1.777333071411383116e+03
1.777333071411353103e+03
1.777333071411426772e+03
1.777333071411546825e+03
1.777333071411326500e+03
1.777333071411481114e+03
1.777333071411412448e+03
1.777333071411401988e+03
1.777333071411476794e+03
1.777333071411424953e+03
1.777333071411512947e+03
1.777333071411503624e+03
1.777333071411419724e+03
1.777333071411490209e+03
1.777333071411406081e+03
1.777333071411425863e+03
1.777333071411478613e+03
1.777333071411413357e+03
1.777333071411456331e+03
1.777333071411495439e+03
1.777333071411460651e+03
1.777333071411397668e+03
1.777333071411446781e+03
1.777333071411396986e+03
1.777333071411478386e+03
1.777333071411421088e+03
1.777333071411510673e+03
1.777333071411407445e+03
1.777333071411408810e+03
1.777333071411435185e+03
1.777333071411456331e+03
1.777333071411441779e+03
1.777333071411496803e+03
1.777333071411478613e+03
1.777333071411438141e+03
1.777333071411514538e+03
1.777333071411400624e+03
1.777333071411421543e+03
1.777333071411489527e+03
1.777333071411525907e+03
1.777333071411431092e+03
1.777333071411379478e+03
1.777333071411404489e+03
1.777333071411373567e+03
1.777333071411361743e+03
1.777333071411528863e+03
1.777333071411517722e+03
1.777333071411520905e+03
1.777333071411374931e+03
1.777333071411403353e+03
1.777333071411405172e+03
1.777333071411515448e+03
1.777333071411391529e+03
1.777333071411363790e+03
1.777333071411455194e+03
1.777333071411404944e+03
1.777333071411487253e+03
1.777333071411404944e+03
1.777333071411469518e+03
1.777333071411469291e+03
1.777333071411519086e+03
1.777333071411462697e+03
1.777333071411415176e+03
1.777333071411502715e+03
1.777333071411436549e+03
1.777333071411395395e+03
1.777333071411390847e+03
1.777333071411520450e+03
1.777333071411423134e+03
1.777333071411411083e+03
1.777333071411411311e+03
1.777333071411472929e+03
1.777333071411386527e+03
1.777333071411332412e+03
1.777333071411484525e+03
1.777333071411432911e+03
1.777333071411512037e+03
1.777333071411519086e+03
1.777333071411444962e+03
1.777333071411461106e+03
1.777333071411474748e+03
1.777333071411474066e+03
1.777333071411428364e+03
1.777333071411406081e+03
1.777333071411439050e+03
1.777333071411455876e+03
1.777333071411416313e+03
1.777333071411386982e+03
1.777333071411474975e+03
1.777333071411418359e+03
1.777333071411518176e+03
1.777333071411419951e+03
1.777333071411396759e+03
1.777333071411381752e+03
1.777333071411369474e+03
1.777333071411423816e+03
1.777333071411502488e+03
1.777333071411370611e+03
1.777333071411515448e+03
1.777333071411356286e+03
1.777333071411469518e+03
1.777333071411499759e+03
1.777333071411457468e+03
1.777333071411480432e+03
1.777333071411364926e+03
1.777333071411375613e+03
1.777333071411379251e+03
1.777333071411460423e+03
1.777333071411393348e+03
1.777333071411482706e+03
1.777333071411421315e+03
1.777333071411404489e+03
1.777333071411371975e+03
1.777333071411450419e+03
1.777333071411520905e+03
1.777333071411376068e+03
1.777333071411517949e+03
1.777333071411413812e+03
1.777333071411518631e+03
1.777333071411333322e+03
1.777333071411382889e+03
1.777333071411521814e+03
1.777333071411390165e+03
1.777333071411353330e+03
1.777333071411382207e+03
1.777333071411450192e+03
1.777333071411425408e+03
1.777333071411526817e+03
1.777333071411370838e+03
1.777333071411484298e+03
1.777333071411356059e+03
1.777333071411489755e+03
1.777333071411492938e+03
1.777333071411483388e+03
1.777333071411366063e+03
1.777333071411518631e+03
1.777333071411408582e+03
1.777333071411482251e+03
1.777333071411534092e+03
1.777333071411511582e+03
1.777333071411450874e+03
1.777333071411516585e+03
1.777333071411475657e+03
1.777333071411356514e+03
1.777333071411488845e+03
1.777333071411465198e+03
1.777333071411437231e+03
1.777333071411414949e+03
1.777333071411494757e+03
1.777333071411416995e+03
1.777333071411378569e+03
1.777333071411450874e+03
1.777333071411436322e+03
1.777333071411410174e+03
1.777333071411401534e+03
1.777333071411501805e+03
1.777333071411499077e+03
1.777333071411442916e+03
1.777333071411381297e+03
1.777333071411381752e+03
1.777333071411472929e+03
1.777333071411323544e+03
1.777333071411395395e+03
1.777333071411512719e+03
1.777333071411406308e+03
1.777333071411419496e+03
1.777333071411424953e+03
1.777333071411430637e+03
1.777333071411505443e+03
1.777333071411439732e+03
1.777333071411485889e+03
1.777333071411534775e+03
1.777333071411442916e+03
1.777333071411376750e+03
1.777333071411538640e+03
1.777333071411505443e+03
1.777333071411416540e+03
1.777333071411387209e+03
1.777333071411544779e+03
1.777333071411519541e+03
1.777333071411391529e+03
1.777333071411494302e+03
1.777333071411474748e+03
1.777333071411410629e+03
1.777333071411502488e+03
1.777333071411477704e+03
1.777333071411424726e+03
1.777333071411345372e+03
1.777333071411498622e+03
1.777333071411502260e+03
1.777333071411515903e+03
1.777333071411492028e+03
1.777333071411421543e+03
1.777333071411478613e+03
1.777333071411393576e+03
1.777333071411456558e+03
1.777333071411473838e+03
1.777333071411336732e+03
1.777333071411447008e+03
1.777333071411510900e+03
1.777333071411391074e+03
1.777333071411364472e+03
1.777333071411549781e+03
1.777333071411487481e+03
1.777333071411398123e+03
1.777333071411464744e+03
1.777333071411361743e+03
1.777333071411536366e+03
1.777333071411456331e+03
1.777333071411402216e+03
1.777333071411432229e+03
1.777333071411553874e+03
1.777333071411491119e+03
1.777333071411479978e+03
1.777333071411360606e+03
1.777333071411480660e+03
1.777333071411434503e+03
1.777333071411400169e+03
1.777333071411400624e+03
1.777333071411333094e+03
1.777333071411404944e+03
1.777333071411405854e+03
1.777333071411340370e+03
1.777333071411554101e+03
1.777333071411490664e+03
1.777333071411372657e+03
1.777333071411514766e+03
1.777333071411486344e+03
1.777333071411526817e+03
1.777333071411363562e+03
1.777333071411409264e+03
1.777333071411385617e+03
1.777333071411443825e+03
1.777333071411476794e+03
1.777333071411462015e+03
1.777333071411448600e+03
1.777333071411438596e+03
1.777333071411438141e+03
1.777333071411489982e+03
1.777333071411535229e+03
1.777333071411357651e+03
1.777333071411493165e+03
1.777333071411434730e+03
1.777333071411380160e+03
1.777333071411415631e+03
1.777333071411542505e+03
1.777333071411483161e+03
1.777333071411455194e+03
1.777333071411429501e+03
1.777333071411513401e+03
1.777333071411495439e+03
1.777333071411449509e+03
1.777333071411354240e+03
1.777333071411394712e+03
1.777333071411422907e+03
1.777333071411422452e+03
1.777333071411495666e+03
1.777333071411493165e+03
1.777333071411506580e+03
1.777333071411433366e+03
1.777333071411396531e+03
1.777333071411544324e+03
1.777333071411405854e+03
1.777333071411404944e+03
1.777333071411519995e+03
1.777333071411488845e+03
1.777333071411482251e+03
1.777333071411441324e+03
1.777333071411407673e+03
1.777333071411567289e+03
1.777333071411438368e+03
1.777333071411479978e+03
1.777333071411486344e+03
1.777333071411434048e+03
1.777333071411489982e+03
1.777333071411492483e+03
1.777333071411514538e+03
1.777333071411510218e+03
1.777333071411490664e+03
1.777333071411467699e+03
1.777333071411384935e+03
1.777333071411392439e+03
1.777333071411408355e+03
1.777333071411590709e+03
1.777333071411474975e+03
1.777333071411432684e+03
1.777333071411381070e+03
1.777333071411413130e+03
1.777333071411393576e+03
1.777333071411489527e+03
1.777333071411483161e+03
1.777333071411393803e+03
1.777333071411372657e+03
1.777333071411356741e+03
1.777333071411457922e+03
1.777333071411437231e+03
1.777333071411546143e+03
1.777333071411440869e+03
1.777333071411452920e+03
1.777333071411443143e+03
1.777333071411443370e+03
1.777333071411477931e+03
1.777333071411517494e+03
1.777333071411483843e+03
1.777333071411375613e+03
1.777333071411429728e+03
1.777333071411463152e+03
1.777333071411473156e+03
1.777333071411528408e+03
1.777333071411493393e+03
1.777333071411399942e+03
1.777333071411459741e+03
1.777333071411387664e+03
1.777333071411464289e+03
1.777333071411504307e+03
1.777333071411555920e+03
1.777333071411443598e+03
1.777333071411394485e+03
1.777333071411506808e+03
1.777333071411399033e+03
1.777333071411452011e+03
1.777333071411461106e+03
1.777333071411478613e+03
1.777333071411484525e+03
1.777333071411510900e+03
1.777333071411391074e+03
1.777333071411416086e+03
1.777333071411371066e+03
1.777333071411357423e+03
1.777333071411500441e+03
1.777333071411444962e+03
1.777333071411420406e+03
1.777333071411414721e+03
1.777333071411441324e+03
1.777333071411430865e+03
1.777333071411458832e+03
1.777333071411395167e+03
1.777333071411514766e+03
1.777333071411536366e+03
1.777333071411421997e+03
1.777333071411457013e+03
1.777333071411390620e+03
1.777333071411497031e+03
1.777333071411451101e+03
1.777333071411428818e+03
1.777333071411411765e+03
1.777333071411354240e+03
1.777333071411434048e+03
1.777333071411459741e+03
1.777333071411416768e+03
1.777333071411397896e+03
1.777333071411445644e+03
1.777333071411473156e+03
1.777333071411416768e+03
1.777333071411499532e+03
1.777333071411345827e+03
1.777333071411479978e+03
1.777333071411388801e+03
1.777333071411469064e+03
1.777333071411487481e+03
1.777333071411567289e+03
1.777333071411456785e+03
1.777333071411386072e+03
1.777333071411440642e+03
1.777333071411518176e+03
1.777333071411506808e+03
1.777333071411399942e+03
1.777333071411390392e+03
1.777333071411523179e+03
1.777333071411384935e+03
1.777333071411449964e+03
1.777333071411433593e+03
1.777333071411428364e+03
1.777333071411505443e+03
1.777333071411389938e+03
1.777333071411510446e+03
1.777333071411495666e+03
1.777333071411371520e+03
1.777333071411496348e+03
1.777333071411514084e+03
1.777333071411509991e+03
1.777333071411511128e+03
1.777333071411528408e+03
1.777333071411416995e+03
1.777333071411450192e+03
1.777333071411421543e+03
1.777333071411358787e+03
1.777333071411535911e+03
1.777333071411428818e+03
1.777333071411478386e+03
1.777333071411374021e+03
1.777333071411493620e+03
1.777333071411409492e+03
1.777333071411368564e+03
1.777333071411476340e+03
1.777333071411433821e+03
1.777333071411535684e+03
1.777333071411431547e+03
1.777333071411403807e+03
1.777333071411482024e+03
1.777333071411480205e+03
1.777333071411399715e+03
1.777333071411401079e+03
1.777333071411363107e+03
1.777333071411428364e+03
1.777333071411457013e+03
1.777333071411435412e+03
1.777333071411408355e+03
1.777333071411488390e+03
1.777333071411371293e+03
1.777333071411377432e+03
1.777333071411551600e+03
1.777333071411389938e+03
1.777333071411447918e+03
1.777333071411459287e+03
1.777333071411468609e+03
1.777333071411473838e+03
1.777333071411348783e+03
1.777333071411469973e+03
1.777333071411434958e+03
1.777333071411486799e+03
1.777333071411485435e+03
1.777333071411427909e+03
1.777333071411492938e+03
1.777333071411543642e+03
1.777333071411436322e+03
1.777333071411491346e+03
1.777333071411464971e+03
1.777333071411482933e+03
1.777333071411369474e+03
1.777333071411482479e+03
1.777333071411403125e+03
1.777333071411376750e+03
1.777333071411477931e+03
1.777333071411475203e+03
1.777333071411467472e+03
1.777333071411376750e+03
1.777333071411491346e+03
1.777333071411329456e+03
1.777333071411501123e+03
1.777333071411376068e+03
1.777333071411421088e+03
1.777333071411399942e+03
1.777333071411449964e+03
1.777333071411499077e+03
1.777333071411465426e+03
1.777333071411502033e+03
1.777333071411390847e+03
1.777333071411524315e+03
1.777333071411454966e+03
1.777333071411459287e+03
1.777333071411475885e+03
1.777333071411475885e+03
1.777333071411523406e+03
1.777333071411457240e+03
1.777333071411388573e+03
1.777333071411481569e+03
1.777333071411373567e+03
1.777333071411390392e+03
1.777333071411422452e+03
1.777333071411494075e+03
1.777333071411359469e+03
1.777333071411411765e+03
1.777333071411486117e+03
1.777333071411442006e+03
1.777333071411384253e+03
1.777333071411515675e+03
1.777333071411533410e+03
1.777333071411373794e+03
1.777333071411445644e+03
1.777333071411425863e+03
1.777333071411481342e+03
1.777333071411453602e+03
1.777333071411468381e+03
1.777333071411439050e+03
1.777333071411493165e+03
1.777333071411465653e+03
1.777333071411337414e+03
1.777333071411391302e+03
1.777333071411470428e+03
1.777333071411423816e+03
1.777333071411423361e+03
1.777333071411500214e+03
1.777333071411463152e+03
1.777333071411411993e+03
1.777333071411402216e+03
1.777333071411479068e+03
1.777333071411457922e+03
1.777333071411466790e+03
1.777333071411402670e+03
1.777333071411515675e+03
1.777333071411404717e+03
1.777333071411531364e+03
1.777333071411427909e+03
1.777333071411401306e+03
1.777333071411334913e+03
1.777333071411511128e+03
1.777333071411453830e+03
1.777333071411498167e+03
1.777333071411462470e+03
1.777333071411479750e+03
1.777333071411484298e+03
1.777333071411405854e+03
1.777333071411341962e+03
1.777333071411469973e+03
1.777333071411349010e+03
1.777333071411375158e+03
1.777333071411469973e+03
1.777333071411429046e+03
1.777333071411455649e+03
1.777333071411388573e+03
1.777333071411375613e+03
1.777333071411462015e+03
1.777333071411501351e+03
1.777333071411450874e+03
1.777333071411402443e+03
1.777333071411472247e+03
1.777333071411384481e+03
1.777333071411461333e+03
1.777333071411492028e+03
1.777333071411484980e+03
1.777333071411452920e+03
1.777333071411526362e+03
1.777333071411522042e+03
1.777333071411395395e+03
1.777333071411395167e+03
1.777333071411341052e+03
1.777333071411485435e+03
1.777333071411407218e+03
1.777333071411402443e+03
1.777333071411577976e+03
1.777333071411407900e+03
1.777333071411529772e+03
1.777333071411504534e+03
1.777333071411365836e+03
1.777333071411375386e+03
1.777333071411416768e+03
1.777333071411446099e+03
1.777333071411361971e+03
1.777333071411364244e+03
1.777333071411501123e+03
1.777333071411427454e+03
1.777333071411381752e+03
1.777333071411380615e+03
1.777333071411557739e+03
1.777333071411432229e+03
1.777333071411498167e+03
1.777333071411410401e+03
1.777333071411437686e+03
1.777333071411328092e+03
1.777333071411389483e+03
1.777333071411469064e+03
1.777333071411406081e+03
1.777333071411433821e+03
1.777333071411431547e+03
1.777333071411409946e+03
1.777333071411484752e+03
1.777333071411491801e+03
1.777333071411457013e+03
1.777333071411501578e+03
1.777333071411442461e+03
1.777333071411547962e+03
1.777333071411451101e+03
1.777333071411477704e+03
1.777333071411530454e+03
1.777333071411493847e+03
1.777333071411412902e+03
1.777333071411473156e+03
1.777333071411369929e+03
1.777333071411496121e+03
1.777333071411408582e+03
1.777333071411512265e+03
1.777333071411467699e+03
1.777333071411410856e+03
1.777333071411436549e+03
1.777333071411501351e+03
1.777333071411432684e+03
1.777333071411485889e+03
1.777333071411408355e+03
1.777333071411421315e+03
1.777333071411411311e+03
1.777333071411362653e+03
1.777333071411390165e+03
1.777333071411506580e+03
1.777333071411479750e+03
1.777333071411477022e+03
1.777333071411416313e+03
1.777333071411484298e+03
1.777333071411418132e+03
1.777333071411411311e+03
1.777333071411526362e+03
1.777333071411582523e+03
1.777333071411469746e+03
1.777333071411405399e+03
1.777333071411458150e+03
1.777333071411498395e+03
1.777333071411467699e+03
1.777333071411361288e+03
1.777333071411493847e+03
1.777333071411462015e+03
1.777333071411562287e+03
1.777333071411382434e+03
1.777333071411481797e+03
1.777333071411447690e+03
1.777333071411373567e+03
1.777333071411411765e+03
1.777333071411412902e+03
1.777333071411464061e+03
1.777333071411477704e+03
1.777333071411431547e+03
1.777333071411509536e+03
1.777333071411377659e+03
1.777333071411371748e+03
1.777333071411421997e+03
1.777333071411403353e+03
1.777333071411485889e+03
1.777333071411477704e+03
1.777333071411372430e+03
1.777333071411415631e+03
1.777333071411494075e+03
1.777333071411518176e+03
1.777333071411485435e+03
1.777333071411494075e+03
1.777333071411430637e+03
1.777333071411428818e+03
1.777333071411447008e+03
1.777333071411409492e+03
1.777333071411475657e+03
1.777333071411462470e+03
1.777333071411510900e+03
1.777333071411507035e+03
1.777333071411434048e+03
1.777333071411469064e+03
1.777333071411500669e+03
1.777333071411408355e+03
1.777333071411432229e+03
1.777333071411406763e+03
1.777333071411506353e+03
1.777333071411497031e+03
1.777333071411507717e+03
1.777333071411467245e+03
1.777333071411481342e+03
1.777333071411419269e+03
1.777333071411511355e+03
1.777333071411520905e+03
1.777333071411514766e+03
1.777333071411394712e+03
1.777333071411551600e+03
1.777333071411472019e+03
1.777333071411384708e+03
1.777333071411538867e+03
1.777333071411426999e+03
1.777333071411477022e+03
1.777333071411522269e+03
1.777333071411469518e+03
1.777333071411407445e+03
1.777333071411483161e+03
1.777333071411378796e+03
1.777333071411361743e+03
1.777333071411371520e+03
1.777333071411424271e+03
1.777333071411502260e+03
1.777333071411518404e+03
1.777333071411477931e+03
1.777333071411457922e+03
1.777333071411390165e+03
1.777333071411345827e+03
1.777333071411425635e+03
1.777333071411378796e+03
1.777333071411374249e+03
1.777333071411497485e+03
1.777333071411376750e+03
1.777333071411477022e+03
1.777333071411303536e+03
1.777333071411406308e+03
1.777333071411460878e+03
1.777333071411430637e+03
1.777333071411503852e+03
1.777333071411515903e+03
1.777333071411499759e+03
1.777333071411361971e+03
1.777333071411465426e+03
1.777333071411361971e+03
1.777333071411407900e+03
1.777333071411520223e+03
1.777333071411407900e+03
1.777333071411435867e+03
1.777333071411369247e+03
1.777333071411496576e+03
1.777333071411462925e+03
1.777333071411404262e+03
1.777333071411438141e+03
1.777333071411466335e+03
1.777333071411423816e+03
1.777333071411497031e+03
1.777333071411461106e+03
1.777333071411456558e+03
1.777333071411382889e+03
1.777333071411416995e+03
1.777333071411444280e+03
1.777333071411424953e+03
1.777333071411463834e+03
1.777333071411416540e+03
1.777333071411379251e+03
1.777333071411418814e+03
1.777333071411384935e+03
1.777333071411442461e+03
1.777333071411396304e+03
1.777333071411440642e+03
1.777333071411400852e+03
1.777333071411332639e+03
1.777333071411424044e+03
1.777333071411381297e+03
1.777333071411382207e+03
1.777333071411444735e+03
1.777333071411421315e+03
1.777333071411454966e+03
1.777333071411414721e+03
1.777333071411474975e+03
1.777333071411580249e+03
1.777333071411537730e+03
1.777333071411440415e+03
1.777333071411453147e+03
1.777333071411487026e+03
1.777333071411528863e+03
1.777333071411425863e+03
1.777333071411500669e+03
1.777333071411409037e+03
1.777333071411394258e+03
1.777333071411526134e+03
1.777333071411437231e+03
1.777333071411441779e+03
1.777333071411509763e+03
1.777333071411371066e+03
1.777333071411527953e+03
1.777333071411337642e+03
1.777333071411362425e+03
1.777333071411534775e+03
1.777333071411461560e+03
1.777333071411504307e+03
1.777333071411417222e+03
1.777333071411441551e+03
1.777333071411414039e+03
1.777333071411531591e+03
1.777333071411368110e+03
1.777333071411391757e+03
1.777333071411473156e+03
1.777333071411385390e+03
1.777333071411513401e+03
1.777333071411433139e+03
1.777333071411526589e+03
1.777333071411469746e+03
1.777333071411454739e+03
1.777333071411347646e+03
1.777333071411437913e+03
1.777333071411399033e+03
1.777333071411386754e+03
1.777333071411408127e+03
1.777333071411385617e+03
1.777333071411420633e+03
1.777333071411497940e+03
1.777333071411505443e+03
1.777333071411409492e+03
1.777333071411442461e+03
1.777333071411503397e+03
1.777333071411430865e+03
1.777333071411406308e+03
1.777333071411396304e+03
1.777333071411464516e+03
1.777333071411360152e+03
1.777333071411510673e+03
1.777333071411397441e+03
1.777333071411389028e+03
1.777333071411425635e+03
1.777333071411390392e+03
1.777333071411421997e+03
1.777333071411502260e+03
1.777333071411453375e+03
1.777333071411414721e+03
1.777333071411409037e+03
1.777333071411484298e+03
1.777333071411419041e+03
1.777333071411432002e+03
1.777333071411396759e+03
1.777333071411508172e+03
1.777333071411488618e+03
1.777333071411534092e+03
1.777333071411408810e+03
1.777333071411488163e+03
1.777333071411404035e+03
1.777333071411519995e+03
1.777333071411534775e+03
1.777333071411452238e+03
1.777333071411398578e+03
1.777333071411496121e+03
1.777333071411378796e+03
1.777333071411507035e+03
1.777333071411354013e+03
1.777333071411448373e+03
1.777333071411565243e+03
1.777333071411504079e+03
1.777333071411351966e+03
1.777333071411375613e+03
1.777333071411505671e+03
1.777333071411472929e+03
1.777333071411452920e+03
1.777333071411496576e+03
1.777333071411465880e+03
1.777333071411433366e+03
1.777333071411436322e+03
1.777333071411550236e+03
1.777333071411431320e+03
1.777333071411485207e+03
1.777333071411489300e+03
1.777333071411459287e+03
1.777333071411464971e+03
1.777333071411427227e+03
1.777333071411390847e+03
1.777333071411474748e+03
1.777333071411399487e+03
1.777333071411515448e+03
1.777333071411484525e+03
1.777333071411424498e+03
1.777333071411386300e+03
1.777333071411428364e+03
1.777333071411512947e+03
1.777333071411503397e+03
1.777333071411478841e+03
1.777333071411492483e+03
1.777333071411449282e+03
1.777333071411462925e+03
1.777333071411398350e+03
1.777333071411467472e+03
1.777333071411449509e+03
1.777333071411452238e+03
1.777333071411442461e+03
1.777333071411416086e+03
1.777333071411435640e+03
1.777333071411404489e+03
1.777333071411521587e+03
1.777333071411374249e+03
1.777333071411467472e+03
1.777333071411550691e+03
1.777333071411489072e+03
1.777333071411381979e+03
1.777333071411382889e+03
1.777333071411372657e+03
1.777333071411402443e+03
1.777333071411499304e+03
1.777333071411430865e+03
1.777333071411465880e+03
1.777333071411429046e+03
1.777333071411492938e+03
1.777333071411408127e+03
1.777333071411493393e+03
1.777333071411504079e+03
1.777333071411486799e+03
1.777333071411438596e+03
1.777333071411365154e+03
1.777333071411465653e+03
1.777333071411449055e+03
1.777333071411371748e+03
1.777333071411379933e+03
1.777333071411358787e+03
1.777333071411512265e+03
1.777333071411351284e+03
1.777333071411355832e+03
1.777333071411488845e+03
1.777333071411511582e+03
1.777333071411503624e+03
1.777333071411511128e+03
1.777333071411458377e+03
1.777333071411429501e+03
1.777333071411455194e+03
1.777333071411442688e+03
1.777333071411404262e+03
1.777333071411482479e+03
1.777333071411532501e+03
1.777333071411496121e+03
1.777333071411371066e+03
1.777333071411491574e+03
1.777333071411437231e+03
1.777333071411332412e+03
1.777333071411425635e+03
1.777333071411482479e+03
1.777333071411512037e+03
1.777333071411385163e+03
1.777333071411546825e+03
1.777333071411402670e+03
1.777333071411384253e+03
1.777333071411421543e+03
1.777333071411525225e+03
1.777333071411508627e+03
1.777333071411508172e+03
1.777333071411480205e+03
1.777333071411434958e+03
1.777333071411464516e+03
1.777333071411486117e+03
1.777333071411402443e+03
1.777333071411328319e+03
1.777333071411459741e+03
1.777333071411395167e+03
1.777333071411505216e+03
1.777333071411537730e+03
1.777333071411464744e+03
1.777333071411354922e+03
1.777333071411412448e+03
1.777333071411491574e+03
1.777333071411455876e+03
1.777333071411434958e+03
1.777333071411419951e+03
1.777333071411383344e+03
1.777333071411400852e+03
1.777333071411411993e+03
1.777333071411481797e+03
1.777333071411373794e+03
1.777333071411505671e+03
1.777333071411410401e+03
1.777333071411422225e+03
1.777333071411390620e+03
1.777333071411488618e+03
1.777333071411404262e+03
1.777333071411451101e+03
1.777333071411477249e+03
1.777333071411505898e+03
1.777333071411463834e+03
1.777333071411476567e+03
1.777333071411479295e+03
1.777333071411475203e+03
1.777333071411487253e+03
1.777333071411545461e+03
1.777333071411439278e+03
1.777333071411517039e+03
1.777333071411470883e+03
1.777333071411431774e+03
1.777333071411527499e+03
1.777333071411454057e+03
1.777333071411495894e+03
1.777333071411374476e+03
1.777333071411419724e+03
1.777333071411394712e+03
1.777333071411501351e+03
1.777333071411444962e+03
1.777333071411374704e+03
1.777333071411380843e+03
1.777333071411479750e+03
1.777333071411402216e+03
1.777333071411485435e+03
1.777333071411383116e+03
1.777333071411441097e+03
1.777333071411439732e+03
1.777333071411447008e+03
1.777333071411373794e+03
1.777333071411419269e+03
1.777333071411457013e+03
1.777333071411482024e+03
1.777333071411483843e+03
1.777333071411462242e+03
1.777333071411520905e+03
1.777333071411421088e+03
1.777333071411374021e+03
1.777333071411492938e+03
1.777333071411591618e+03
1.777333071411442006e+03
1.777333071411410174e+03
1.777333071411357423e+03
1.777333071411458832e+03
1.777333071411389938e+03
1.777333071411486799e+03
1.777333071411466335e+03
1.777333071411474975e+03
1.777333071411382662e+03
1.777333071411494757e+03
1.777333071411525680e+03
1.777333071411405626e+03
1.777333071411430865e+03
1.777333071411416086e+03
1.777333071411468381e+03
1.777333071411481797e+03
1.777333071411502260e+03
1.777333071411460196e+03
1.777333071411392211e+03
1.777333071411411765e+03
1.777333071411388801e+03
1.777333071411428136e+03
1.777333071411528181e+03
1.777333071411428364e+03
1.777333071411449737e+03
1.777333071411354695e+03
1.777333071411445871e+03
1.777333071411465880e+03
1.777333071411505671e+03
1.777333071411493165e+03
1.777333071411412448e+03
1.777333071411363335e+03
1.777333071411491119e+03
1.777333071411545461e+03
1.777333071411516357e+03
1.777333071411385617e+03
1.777333071411437004e+03
1.777333071411524770e+03
1.777333071411362880e+03
1.777333071411524770e+03
1.777333071411459059e+03
1.777333071411387664e+03
1.777333071411476340e+03
1.777333071411482024e+03
1.777333071411514993e+03
1.777333071411489755e+03
1.777333071411470883e+03
1.777333071411449509e+03
1.777333071411551828e+03
1.777333071411585252e+03
1.777333071411463834e+03
1.777333071411455876e+03
1.777333071411380388e+03
1.777333071411468154e+03
1.777333071411407673e+03
1.777333071411418359e+03
1.777333071411420633e+03
1.777333071411331730e+03
1.777333071411472702e+03
1.777333071411399715e+03
1.777333071411405854e+03
1.777333071411392439e+03
1.777333071411476112e+03
1.777333071411406536e+03
1.777333071411452920e+03
1.777333071411507262e+03
1.777333071411434730e+03
1.777333071411334231e+03
1.777333071411537503e+03
1.777333071411503624e+03
1.777333071411460196e+03
1.777333071411341962e+03
1.777333071411422452e+03
1.777333071411490664e+03
1.777333071411475885e+03
1.777333071411494529e+03
1.777333071411343553e+03
1.777333071411497258e+03
1.777333071411408355e+03
1.777333071411442461e+03
1.777333071411399715e+03
1.777333071411395395e+03
1.777333071411443825e+03
1.777333071411371748e+03
1.777333071411403353e+03
1.777333071411470883e+03
1.777333071411483616e+03
1.777333071411378342e+03
1.777333071411509991e+03
1.777333071411362198e+03
1.777333071411489300e+03
1.777333071411501578e+03
1.777333071411371520e+03
1.777333071411401306e+03
1.777333071411568653e+03
1.777333071411383571e+03
1.777333071411460651e+03
1.777333071411379024e+03
1.777333071411405399e+03
1.777333071411454512e+03
1.777333071411520450e+03
1.777333071411465880e+03
1.777333071411440869e+03
1.777333071411492938e+03
1.777333071411421770e+03
1.777333071411428591e+03
1.777333071411426772e+03
1.777333071411499986e+03
1.777333071411433366e+03
1.777333071411393576e+03
1.777333071411493393e+03
1.777333071411386754e+03
1.777333071411482251e+03
1.777333071411337414e+03
1.777333071411374931e+03
1.777333071411492938e+03
1.777333071411507717e+03
1.777333071411373794e+03
1.777333071411446781e+03
1.777333071411441551e+03
1.777333071411386754e+03
1.777333071411334913e+03
1.777333071411513174e+03
1.777333071411442916e+03
1.777333071411428136e+03
1.777333071411449282e+03
1.777333071411459287e+03
1.777333071411478841e+03
1.777333071411404944e+03
1.777333071411432911e+03
1.777333071411411993e+03
1.777333071411512947e+03
1.777333071411364244e+03
1.777333071411421315e+03
1.777333071411391529e+03
1.777333071411521814e+03
1.777333071411492028e+03
1.777333071411461106e+03
1.777333071411408127e+03
1.777333071411492256e+03
1.777333071411461788e+03
1.777333071411451783e+03
1.777333071411495666e+03
1.777333071411503397e+03
1.777333071411419951e+03
1.777333071411399033e+03
1.777333071411397441e+03
1.777333071411483388e+03
1.777333071411491119e+03
1.777333071411417450e+03
1.777333071411488845e+03
1.777333071411453375e+03
1.777333071411446554e+03
1.777333071411435412e+03
1.777333071411427454e+03
1.777333071411507035e+03
1.777333071411380160e+03
1.777333071411355377e+03
1.777333071411388119e+03
1.777333071411370156e+03
1.777333071411474521e+03
1.777333071411361971e+03
1.777333071411470428e+03
1.777333071411459514e+03
1.777333071411398578e+03
1.777333071411476112e+03
1.777333071411549781e+03
1.777333071411454966e+03
1.777333071411360379e+03
1.777333071411435412e+03
1.777333071411505898e+03
1.777333071411428136e+03
1.777333071411490891e+03
1.777333071411393576e+03
1.777333071411426090e+03
1.777333071411339915e+03
1.777333071411394485e+03
1.777333071411351057e+03
1.777333071411483616e+03
1.777333071411489755e+03
1.777333071411420860e+03
1.777333071411436094e+03
1.777333071411494302e+03
1.777333071411548417e+03
1.777333071411417450e+03
1.777333071411455876e+03
1.777333071411399487e+03
1.777333071411408810e+03
1.777333071411425408e+03
1.777333071411387891e+03
1.777333071411496121e+03
1.777333071411418359e+03
1.777333071411435185e+03
1.777333071411326046e+03
1.777333071411371975e+03
1.777333071411457013e+03
1.777333071411504534e+03
1.777333071411482706e+03
1.777333071411475657e+03
1.777333071411459514e+03
1.777333071411474293e+03
1.777333071411484525e+03
1.777333071411471792e+03
1.777333071411418587e+03
1.777333071411373339e+03
1.777333071411396986e+03
1.777333071411393121e+03
1.777333071411508854e+03
1.777333071411468836e+03
1.777333071411393803e+03
1.777333071411504079e+03
1.777333071411506580e+03
1.777333071411384253e+03
1.777333071411429273e+03
1.777333071411434275e+03
1.777333071411487936e+03
1.777333071411425635e+03
1.777333071411355149e+03
1.777333071411386527e+03
1.777333071411501123e+03
1.777333071411356514e+03
1.777333071411440415e+03
1.777333071411402670e+03
1.777333071411475203e+03
1.777333071411423134e+03
1.777333071411501351e+03
1.777333071411501123e+03
1.777333071411544779e+03
1.777333071411372430e+03
1.777333071411476340e+03
1.777333071411435867e+03
1.777333071411446099e+03
1.777333071411381525e+03
1.777333071411309447e+03
1.777333071411416995e+03
1.777333071411396531e+03
1.777333071411399942e+03
1.777333071411419496e+03
1.777333071411424271e+03
1.777333071411457468e+03
1.777333071411481569e+03
1.777333071411406991e+03
1.777333071411522269e+03
1.777333071411412448e+03
1.777333071411358105e+03
1.777333071411488618e+03
1.777333071411455194e+03
1.777333071411387664e+03
1.777333071411491801e+03
1.777333071411580249e+03
1.777333071411414494e+03
1.777333071411503397e+03
1.777333071411491119e+03
1.777333071411534547e+03
1.777333071411513629e+03
1.777333071411369929e+03
1.777333071411447918e+03
1.777333071411453602e+03
1.777333071411420633e+03
1.777333071411477931e+03
1.777333071411449055e+03
1.777333071411419724e+03
1.777333071411539095e+03
1.777333071411403353e+03
1.777333071411421997e+03
1.777333071411486117e+03
1.777333071411454966e+03
1.777333071411361971e+03
1.777333071411378114e+03
1.777333071411544097e+03
1.777333071411385617e+03
1.777333071411462242e+03
1.777333071411478386e+03
1.777333071411509081e+03
1.777333071411376523e+03
1.777333071411391302e+03
1.777333071411469291e+03
1.777333071411498850e+03
1.777333071411374476e+03
1.777333071411430183e+03
1.777333071411346282e+03
1.777333071411464971e+03
1.777333071411438596e+03
1.777333071411394258e+03
1.777333071411509309e+03
1.777333071411449737e+03
1.777333071411424953e+03
1.777333071411416768e+03
1.777333071411487026e+03
1.777333071411421315e+03
1.777333071411376750e+03
1.777333071411414267e+03
1.777333071411494529e+03
1.777333071411463152e+03
1.777333071411448600e+03
1.777333071411450192e+03
1.777333071411404035e+03
1.777333071411387891e+03
1.777333071411494529e+03
1.777333071411530000e+03
1.777333071411518404e+03
1.777333071411415631e+03
1.777333071411417905e+03
1.777333071411466335e+03
1.777333071411387209e+03
1.777333071411412675e+03
1.777333071411424498e+03
1.777333071411450646e+03
1.777333071411416768e+03
1.777333071411399715e+03
1.777333071411457922e+03
1.777333071411499759e+03
1.777333071411484752e+03
1.777333071411411311e+03
1.777333071411499759e+03
1.777333071411463152e+03
1.777333071411510446e+03
1.777333071411397896e+03
1.777333071411422907e+03
1.777333071411405399e+03
1.777333071411394030e+03
1.777333071411338778e+03
1.777333071411481114e+03
1.777333071411563424e+03
1.777333071411500214e+03
1.777333071411507262e+03
1.777333071411394030e+03
1.777333071411522269e+03
1.777333071411345372e+03
1.777333071411369929e+03
1.777333071411397214e+03
1.777333071411467017e+03
1.777333071411308083e+03
1.777333071411468381e+03
1.777333071411446326e+03
1.777333071411485435e+03
1.777333071411542278e+03
1.777333071411491574e+03
1.777333071411396077e+03
1.777333071411406536e+03
1.777333071411401306e+03
1.777333071411518858e+03
1.777333071411417905e+03
1.777333071411457922e+03
1.777333071411394940e+03
1.777333071411465653e+03
1.777333071411359015e+03
1.777333071411376977e+03
1.777333071411469518e+03
1.777333071411482479e+03
1.777333071411392893e+03
1.777333071411528863e+03
1.777333071411415858e+03
1.777333071411374931e+03
1.777333071411420178e+03
1.777333071411408810e+03
1.777333071411391529e+03
1.777333071411410629e+03
1.777333071411499986e+03
1.777333071411451101e+03
1.777333071411365609e+03
1.777333071411420860e+03
1.777333071411440869e+03
1.777333071411436549e+03
1.777333071411456558e+03
1.777333071411411993e+03
1.777333071411465198e+03
1.777333071411420633e+03
1.777333071411349465e+03
1.777333071411400852e+03
1.777333071411437459e+03
1.777333071411486571e+03
1.777333071411393348e+03
1.777333071411411538e+03
1.777333071411442234e+03
1.777333071411584569e+03
1.777333071411361971e+03
1.777333071411392666e+03
1.777333071411452011e+03
1.777333071411462470e+03
1.777333071411464061e+03
1.777333071411443598e+03
1.777333071411551828e+03
1.777333071411492483e+03
1.777333071411391757e+03
1.777333071411431547e+03
1.777333071411419269e+03
1.777333071411411083e+03
1.777333071411514766e+03
1.777333071411402216e+03
1.777333071411386072e+03
1.777333071411480432e+03
1.777333071411427227e+03
1.777333071411396531e+03
1.777333071411416995e+03
1.777333071411360834e+03
1.777333071411489527e+03
1.777333071411486344e+03
1.777333071411501805e+03
1.777333071411478613e+03
1.777333071411499077e+03
1.777333071411439278e+03
1.777333071411363562e+03
1.777333071411354695e+03
1.777333071411416768e+03
1.777333071411445189e+03
1.777333071411415858e+03
1.777333071411489755e+03
1.777333071411351966e+03
1.777333071411386072e+03
1.777333071411480205e+03
1.777333071411519541e+03
1.777333071411517494e+03
1.777333071411495212e+03
1.777333071411401761e+03
1.777333071411497258e+03
1.777333071411419724e+03
1.777333071411371293e+03
1.777333071411359697e+03
1.777333071411447463e+03
1.777333071411374021e+03
1.777333071411498395e+03
1.777333071411351966e+03
1.777333071411482024e+03
1.777333071411421543e+03
1.777333071411477704e+03
1.777333071411431092e+03
1.777333071411408810e+03
1.777333071411457013e+03
1.777333071411445417e+03
1.777333071411497258e+03
1.777333071411473384e+03
1.777333071411464744e+03
1.777333071411388801e+03
1.777333071411505443e+03
1.777333071411527499e+03
1.777333071411360834e+03
1.777333071411469518e+03
1.777333071411379251e+03
1.777333071411396304e+03
1.777333071411408355e+03
1.777333071411351739e+03
1.777333071411408355e+03
1.777333071411499077e+03
1.777333071411511355e+03
1.777333071411330366e+03
1.777333071411482706e+03
1.777333071411389710e+03
1.777333071411433821e+03
1.777333071411545234e+03
1.777333071411492710e+03
1.777333071411569563e+03
1.777333071411565697e+03
1.777333071411401534e+03
1.777333071411397214e+03
1.777333071411437459e+03
1.777333071411469518e+03
1.777333071411377659e+03
1.777333071411468836e+03
1.777333071411465426e+03
1.777333071411365154e+03
1.777333071411501351e+03
1.777333071411414949e+03
1.777333071411455194e+03
1.777333071411453602e+03
1.777333071411413584e+03
1.777333071411464289e+03
1.777333071411484298e+03
1.777333071411484980e+03
1.777333071411487026e+03
1.777333071411480887e+03
1.777333071411417450e+03
1.777333071411386300e+03
1.777333071411530682e+03
1.777333071411452920e+03
1.777333071411355149e+03
1.777333071411397214e+03
1.777333071411475657e+03
1.777333071411438596e+03
1.777333071411372202e+03
1.777333071411471110e+03
1.777333071411530454e+03
1.777333071411482706e+03
1.777333071411384708e+03
1.777333071411468609e+03
1.777333071411364926e+03
1.777333071411556148e+03
1.777333071411373567e+03
1.777333071411386072e+03
1.777333071411397896e+03
1.777333071411486344e+03
1.777333071411470883e+03
1.777333071411378342e+03
1.777333071411446326e+03
1.777333071411391302e+03
1.777333071411341507e+03
1.777333071411365154e+03
1.777333071411408127e+03
1.777333071411496348e+03
1.777333071411509536e+03
1.777333071411424271e+03
1.777333071411524998e+03
1.777333071411494075e+03
1.777333071411512037e+03
1.777333071411431774e+03
1.777333071411402443e+03
1.777333071411395849e+03
1.777333071411426090e+03
1.777333071411504079e+03
1.777333071411363335e+03
1.777333071411461560e+03
1.777333071411509536e+03
1.777333071411540459e+03
1.777333071411304218e+03
1.777333071411512492e+03
1.777333071411511582e+03
1.777333071411489982e+03
1.777333071411439278e+03
1.777333071411381752e+03
1.777333071411388346e+03
1.777333071411429501e+03
1.777333071411499077e+03
1.777333071411385163e+03
1.777333071411474748e+03
1.777333071411327182e+03
1.777333071411389710e+03
1.777333071411449055e+03
1.777333071411443598e+03
1.777333071411376750e+03
1.777333071411499304e+03
1.777333071411407445e+03
1.777333071411457468e+03
1.777333071411430637e+03
1.777333071411435640e+03
1.777333071411509991e+03
1.777333071411492028e+03
1.777333071411532046e+03
1.777333071411462242e+03
1.777333071411459059e+03
1.777333071411452920e+03
1.777333071411389483e+03
1.777333071411508399e+03
1.777333071411448600e+03
1.777333071411396304e+03
1.777333071411495212e+03
1.777333071411494302e+03
1.777333071411339688e+03
1.777333071411354922e+03
1.777333071411394485e+03
1.777333071411426772e+03
1.777333071411392666e+03
1.777333071411476794e+03
1.777333071411342416e+03
1.777333071411494984e+03
1.777333071411421770e+03
1.777333071411397668e+03
1.777333071411436777e+03
1.777333071411380388e+03
1.777333071411319679e+03
1.777333071411408582e+03
1.777333071411508627e+03
1.777333071411483161e+03
1.777333071411384026e+03
1.777333071411457695e+03
1.777333071411479068e+03
1.777333071411528181e+03
1.777333071411387209e+03
1.777333071411484980e+03
1.777333071411329456e+03
1.777333071411352876e+03
1.777333071411503397e+03
1.777333071411447008e+03
1.777333071411484980e+03
1.777333071411469291e+03
1.777333071411526817e+03
1.777333071411463152e+03
1.777333071411401306e+03
1.777333071411560468e+03
1.777333071411477022e+03
1.777333071411396759e+03
1.777333071411414267e+03
1.777333071411473838e+03
1.777333071411450419e+03
1.777333071411519086e+03
1.777333071411477022e+03
1.777333071411497940e+03
1.777333071411396304e+03
1.777333071411502942e+03
1.777333071411401306e+03
1.777333071411422907e+03
1.777333071411588890e+03
1.777333071411406308e+03
1.777333071411419269e+03
1.777333071411512037e+03
1.777333071411442461e+03
1.777333071411367882e+03
1.777333071411490437e+03
1.777333071411498395e+03
1.777333071411407445e+03
1.777333071411476567e+03
1.777333071411510218e+03
1.777333071411385390e+03
1.777333071411439960e+03
1.777333071411351511e+03
1.777333071411505671e+03
1.777333071411438368e+03
1.777333071411439732e+03
1.777333071411390392e+03
1.777333071411514766e+03
1.777333071411438596e+03
1.777333071411416995e+03
1.777333071411454284e+03
1.777333071411509763e+03
1.777333071411464971e+03
1.777333071411498850e+03
1.777333071411477704e+03
1.777333071411483161e+03
1.777333071411470428e+03
1.777333071411472929e+03
1.777333071411429046e+03
1.777333071411384935e+03
1.777333071411484070e+03
1.777333071411469518e+03
1.777333071411343326e+03
1.777333071411342416e+03
1.777333071411354695e+03
1.777333071411518404e+03
1.777333071411492710e+03
1.777333071411488618e+03
1.777333071411373339e+03
1.777333071411436549e+03
1.777333071411513174e+03
1.777333071411390847e+03
1.777333071411500441e+03
1.777333071411495439e+03
1.777333071411379478e+03
1.777333071411534547e+03
1.777333071411384481e+03
1.777333071411492256e+03
1.777333071411404944e+03
1.777333071411497485e+03
1.777333071411398805e+03
1.777333071411434048e+03
1.777333071411464971e+03
1.777333071411424953e+03
1.777333071411394030e+03
1.777333071411485889e+03
1.777333071411486117e+03
1.777333071411348783e+03
1.777333071411356741e+03
1.777333071411489300e+03
1.777333071411382434e+03
1.777333071411422679e+03
1.777333071411363335e+03
1.777333071411434503e+03
1.777333071411467472e+03
1.777333071411478841e+03
1.777333071411354695e+03
1.777333071411437686e+03
1.777333071411391757e+03
1.777333071411453602e+03
1.777333071411452693e+03
1.777333071411519541e+03
1.777333071411428136e+03
1.777333071411340597e+03
1.777333071411475657e+03
1.777333071411477476e+03
1.777333071411383571e+03
1.777333071411468609e+03
1.777333071411415176e+03
1.777333071411358105e+03
1.777333071411460878e+03
1.777333071411476794e+03
1.777333071411384481e+03
1.777333071411352194e+03
1.777333071411402443e+03
1.777333071411399942e+03
1.777333071411440415e+03
1.777333071411428136e+03
1.777333071411496348e+03
1.777333071411435867e+03
1.777333071411403807e+03
1.777333071411443825e+03
1.777333071411414039e+03
1.777333071411426772e+03
1.777333071411417222e+03
1.777333071411432229e+03
1.777333071411483616e+03
1.777333071411360152e+03
1.777333071411402443e+03
1.777333071411395167e+03
1.777333071411452693e+03
1.777333071411392893e+03
1.777333071411388573e+03
1.777333071411439960e+03
1.777333071411397896e+03
1.777333071411362880e+03
1.777333071411396986e+03
1.777333071411365609e+03
1.777333071411369247e+03
1.777333071411524088e+03
1.777333071411371066e+03
1.777333071411386527e+03
1.777333071411493620e+03
1.777333071411396531e+03
1.777333071411462697e+03
1.777333071411509309e+03
1.777333071411394258e+03
1.777333071411481569e+03
1.777333071411564106e+03
1.777333071411495439e+03
1.777333071411339233e+03
1.777333071411469291e+03
1.777333071411384026e+03
1.777333071411509991e+03
1.777333071411365609e+03
1.777333071411483616e+03
1.777333071411497940e+03
1.777333071411390165e+03
1.777333071411518858e+03
1.777333071411429273e+03
1.777333071411480660e+03
1.777333071411434503e+03
1.777333071411504534e+03
1.777333071411455194e+03
1.777333071411530682e+03
1.777333071411402216e+03
1.777333071411497485e+03
1.777333071411412675e+03
1.777333071411424726e+03
1.777333071411464289e+03
1.777333071411435185e+03
1.777333071411522496e+03
1.777333071411512947e+03
1.777333071411426772e+03
1.777333071411490437e+03
1.777333071411468609e+03
1.777333071411380160e+03
1.777333071411422907e+03
1.777333071411352876e+03
1.777333071411372885e+03
1.777333071411438368e+03
1.777333071411442688e+03
1.777333071411515903e+03
1.777333071411438368e+03
1.777333071411369247e+03
1.777333071411393121e+03
1.777333071411456103e+03
1.777333071411431320e+03
1.777333071411421997e+03
1.777333071411476112e+03
1.777333071411528636e+03
1.777333071411473384e+03
1.777333071411546371e+03
1.777333071411392211e+03
1.777333071411421997e+03
1.777333071411499759e+03
1.777333071411423361e+03
1.777333071411469518e+03
1.777333071411435185e+03
1.777333071411424271e+03
1.777333071411470428e+03
1.777333071411509991e+03
1.777333071411379706e+03
1.777333071411448827e+03
1.777333071411414721e+03
1.777333071411483388e+03
1.777333071411313540e+03
1.777333071411481797e+03
1.777333071411527499e+03
1.777333071411424726e+03
1.777333071411520223e+03
1.777333071411424271e+03
1.777333071411510218e+03
1.777333071411493165e+03
1.777333071411473611e+03
1.777333071411363790e+03
1.777333071411388119e+03
1.777333071411469746e+03
1.777333071411523406e+03
1.777333071411492483e+03
1.777333071411417222e+03
1.777333071411437459e+03
1.777333071411372202e+03
1.777333071411437231e+03
1.777333071411476794e+03
1.777333071411403125e+03
1.777333071411374931e+03
1.777333071411371066e+03
1.777333071411392666e+03
1.777333071411439505e+03
1.777333071411438141e+03
1.777333071411378569e+03
1.777333071411442234e+03
1.777333071411495666e+03
1.777333071411442916e+03
1.777333071411422452e+03
1.777333071411498395e+03
1.777333071411455194e+03
1.777333071411387891e+03
1.777333071411451101e+03
1.777333071411510218e+03
1.777333071411468609e+03
1.777333071411454512e+03
1.777333071411423134e+03
1.777333071411454512e+03
1.777333071411437231e+03
1.777333071411449055e+03
1.777333071411479750e+03
1.777333071411407673e+03
1.777333071411424044e+03
1.777333071411431547e+03
1.777333071411499532e+03
1.777333071411449964e+03
1.777333071411496803e+03
1.777333071411516585e+03
1.777333071411402443e+03
1.777333071411476340e+03
1.777333071411477476e+03
1.777333071411421088e+03
1.777333071411510673e+03
1.777333071411453375e+03
1.777333071411407900e+03
1.777333071411485662e+03
1.777333071411469064e+03
1.777333071411348783e+03
1.777333071411376295e+03
1.777333071411475430e+03
1.777333071411479295e+03
1.777333071411506808e+03
1.777333071411483843e+03
1.777333071411425635e+03
1.777333071411401761e+03
1.777333071411434503e+03
1.777333071411521587e+03
1.777333071411428136e+03
1.777333071411484298e+03
1.777333071411406763e+03
1.777333071411472247e+03
1.777333071411489755e+03
1.777333071411398123e+03
1.777333071411475430e+03
1.777333071411469746e+03
1.777333071411501123e+03
1.777333071411460878e+03
1.777333071411496121e+03
1.777333071411402670e+03
1.777333071411531137e+03
1.777333071411481114e+03
1.777333071411384481e+03
1.777333071411468154e+03
1.777333071411469973e+03
1.777333071411410629e+03
1.777333071411397668e+03
1.777333071411488163e+03
1.777333071411380160e+03
1.777333071411433366e+03
1.777333071411399942e+03
1.777333071411522269e+03
1.777333071411339006e+03
1.777333071411456331e+03
1.777333071411440187e+03
1.777333071411476567e+03
1.777333071411454284e+03
1.777333071411398350e+03
1.777333071411473838e+03
1.777333071411420860e+03
1.777333071411444735e+03
1.777333071411507945e+03
1.777333071411428364e+03
1.777333071411476567e+03
1.777333071411452238e+03
1.777333071411365836e+03
1.777333071411456558e+03
1.777333071411411765e+03
1.777333071411499077e+03
1.777333071411381070e+03
1.777333071411502942e+03
1.777333071411461788e+03
1.777333071411462242e+03
1.777333071411494757e+03
1.777333071411556148e+03
1.777333071411413812e+03
1.777333071411444735e+03
1.777333071411442688e+03
1.777333071411374021e+03
1.777333071411410629e+03
1.777333071411418587e+03
1.777333071411538867e+03
1.777333071411441097e+03
1.777333071411510673e+03
1.777333071411445189e+03
1.777333071411412448e+03
1.777333071411502715e+03
1.777333071411410401e+03
1.777333071411382434e+03
1.777333071411531137e+03
1.777333071411482706e+03
1.777333071411514538e+03
1.777333071411385845e+03
1.777333071411379706e+03
1.777333071411484980e+03
1.777333071411509309e+03
1.777333071411479068e+03
1.777333071411467017e+03
1.777333071411497258e+03
1.777333071411456331e+03
1.777333071411502942e+03
1.777333071411504761e+03
1.777333071411382889e+03
1.777333071411391529e+03
1.777333071411433139e+03
1.777333071411422907e+03
1.777333071411405399e+03
1.777333071411366063e+03
1.777333071411396531e+03
1.777333071411335595e+03
1.777333071411393121e+03
1.777333071411504079e+03
1.777333071411506353e+03
1.777333071411548644e+03
1.777333071411370838e+03
1.777333071411454284e+03
1.777333071411403353e+03
1.777333071411386982e+03
1.777333071411482251e+03
1.777333071411516130e+03
1.777333071411439505e+03
1.777333071411526134e+03
1.777333071411410401e+03
1.777333071411487026e+03
1.777333071411474521e+03
1.777333071411410174e+03
1.777333071411398123e+03
1.777333071411370383e+03
1.777333071411408582e+03
1.777333071411403580e+03
1.777333071411380388e+03
1.777333071411390620e+03
1.777333071411478613e+03
1.777333071411444735e+03
1.777333071411487026e+03
1.777333071411458604e+03
1.777333071411460196e+03
1.777333071411374249e+03
1.777333071411471337e+03
1.777333071411504534e+03
1.777333071411417450e+03
1.777333071411377432e+03
1.777333071411545916e+03
1.777333071411408582e+03
1.777333071411340143e+03
1.777333071411483388e+03
1.777333071411442461e+03
1.777333071411489982e+03
1.777333071411392893e+03
1.777333071411516357e+03
1.777333071411456558e+03
1.777333071411340143e+03
1.777333071411374021e+03
1.777333071411480660e+03
1.777333071411480660e+03
1.777333071411521360e+03
1.777333071411461560e+03
1.777333071411434048e+03
1.777333071411402898e+03
1.777333071411457013e+03
1.777333071411363562e+03
1.777333071411454057e+03
1.777333071411376977e+03
1.777333071411380615e+03
1.777333071411486344e+03
1.777333071411496121e+03
1.777333071411419951e+03
1.777333071411462925e+03
1.777333071411484070e+03
1.777333071411448145e+03
1.777333071411511128e+03
1.777333071411517722e+03
1.777333071411442916e+03
1.777333071411463834e+03
1.777333071411375840e+03
1.777333071411427909e+03
1.777333071411409037e+03
1.777333071411503397e+03
1.777333071411529090e+03
1.777333071411525680e+03
1.777333071411474748e+03
1.777333071411392211e+03
1.777333071411400624e+03
1.777333071411404717e+03
1.777333071411503852e+03
1.777333071411427682e+03
1.777333071411335823e+03
1.777333071411403125e+03
1.777333071411448827e+03
1.777333071411498850e+03
1.777333071411470655e+03
1.777333071411422907e+03
1.777333071411322180e+03
1.777333071411396531e+03
1.777333071411400169e+03
1.777333071411389938e+03
1.777333071411435640e+03
1.777333071411432456e+03
1.777333071411431774e+03
1.777333071411395849e+03
1.777333071411497258e+03
1.777333071411412220e+03
1.777333071411524770e+03
1.777333071411487936e+03
1.777333071411405172e+03
1.777333071411476112e+03
1.777333071411399033e+03
1.777333071411432684e+03
1.777333071411472702e+03
1.777333071411376977e+03
1.777333071411436777e+03
1.777333071411385617e+03
1.777333071411509536e+03
1.777333071411411765e+03
1.777333071411404035e+03
1.777333071411497713e+03
1.777333071411492256e+03
1.777333071411419496e+03
1.777333071411348328e+03
1.777333071411371748e+03
1.777333071411417905e+03
1.777333071411471565e+03
1.777333071411401534e+03
1.777333071411516585e+03
1.777333071411520677e+03
1.777333071411518858e+03
1.777333071411472474e+03
1.777333071411437686e+03
1.777333071411420860e+03
1.777333071411419724e+03
1.777333071411501351e+03
1.777333071411381752e+03
1.777333071411408810e+03
1.777333071411417222e+03
1.777333071411479068e+03
1.777333071411462925e+03
1.777333071411391529e+03
1.777333071411416768e+03
1.777333071411392893e+03
1.777333071411501351e+03
1.777333071411457468e+03
1.777333071411384935e+03
1.777333071411374704e+03
1.777333071411407445e+03
1.777333071411416313e+03
1.777333071411426999e+03
1.777333071411396986e+03
1.777333071411473838e+03
1.777333071411492256e+03
1.777333071411420633e+03
1.777333071411500441e+03
1.777333071411443598e+03
1.777333071411435867e+03
1.777333071411464516e+03
1.777333071411518631e+03
1.777333071411430183e+03
1.777333071411431092e+03
1.777333071411497940e+03
1.777333071411487708e+03
1.777333071411543187e+03
1.777333071411479523e+03
1.777333071411523406e+03
1.777333071411477022e+03
1.777333071411467927e+03
1.777333071411396304e+03
1.777333071411519313e+03
1.777333071411349465e+03
1.777333071411477931e+03
1.777333071411381297e+03
1.777333071411375613e+03
1.777333071411467017e+03
1.777333071411499304e+03
1.777333071411564561e+03
1.777333071411513401e+03
1.777333071411396986e+03
1.777333071411400397e+03
1.777333071411414949e+03
1.777333071411459741e+03
1.777333071411493847e+03
1.777333071411461788e+03
1.777333071411512037e+03
1.777333071411430637e+03
1.777333071411495212e+03
1.777333071411404489e+03
1.777333071411486799e+03
1.777333071411439278e+03
1.777333071411510900e+03
1.777333071411345827e+03
1.777333071411492483e+03
1.777333071411457468e+03
1.777333071411447008e+03
1.777333071411386754e+03
1.777333071411374931e+03
1.777333071411391529e+03
1.777333071411514311e+03
1.777333071411491119e+03
1.777333071411432002e+03
1.777333071411488390e+03
1.777333071411456558e+03
1.777333071411422907e+03
1.777333071411494075e+03
1.777333071411409719e+03
1.777333071411382434e+03
1.777333071411436549e+03
1.777333071411411765e+03
1.777333071411398350e+03
1.777333071411450646e+03
1.777333071411347419e+03
1.777333071411448145e+03
1.777333071411430410e+03
1.777333071411434048e+03
1.777333071411397896e+03
1.777333071411492483e+03
1.777333071411455876e+03
1.777333071411465198e+03
1.777333071411391529e+03
1.777333071411526362e+03
1.777333071411460196e+03
1.777333071411490664e+03
1.777333071411463607e+03
1.777333071411456331e+03
1.777333071411414721e+03
1.777333071411495212e+03
1.777333071411411538e+03
1.777333071411476567e+03
1.777333071411503624e+03
1.777333071411465198e+03
1.777333071411374931e+03
1.777333071411422907e+03
1.777333071411487708e+03
1.777333071411397668e+03
1.777333071411408810e+03
1.777333071411456558e+03
1.777333071411364017e+03
1.777333071411421543e+03
1.777333071411413130e+03
1.777333071411441097e+03
1.777333071411411311e+03
1.777333071411443143e+03
1.777333071411522042e+03
1.777333071411381525e+03
1.777333071411383798e+03
1.777333071411430183e+03
1.777333071411461106e+03
1.777333071411435867e+03
1.777333071411495439e+03
1.777333071411362880e+03
1.777333071411499077e+03
1.777333071411511810e+03
1.777333071411353103e+03
1.777333071411402670e+03
1.777333071411512947e+03
1.777333071411506353e+03
1.777333071411515675e+03
1.777333071411495666e+03
1.777333071411464289e+03
1.777333071411487026e+03
1.777333071411441097e+03
1.777333071411425408e+03
1.777333071411477022e+03
1.777333071411401306e+03
1.777333071411467472e+03
1.777333071411478159e+03
1.777333071411550918e+03
1.777333071411438823e+03
1.777333071411515220e+03
1.777333071411493620e+03
1.777333071411381752e+03
1.777333071411458604e+03
1.777333071411411993e+03
1.777333071411493393e+03
1.777333071411421997e+03
1.777333071411413584e+03
1.777333071411375840e+03
1.777333071411484298e+03
1.777333071411391074e+03
1.777333071411477249e+03
1.777333071411472702e+03
1.777333071411369247e+03
1.777333071411339915e+03
1.777333071411592528e+03
1.777333071411393348e+03
1.777333071411482251e+03
1.777333071411437686e+03
1.777333071411464289e+03
1.777333071411419041e+03
1.777333071411466108e+03
1.777333071411535684e+03
1.777333071411414949e+03
1.777333071411467927e+03
1.777333071411412448e+03
1.777333071411547280e+03
1.777333071411386072e+03
1.777333071411392211e+03
1.777333071411484980e+03
1.777333071411375158e+03
1.777333071411411538e+03
1.777333071411502715e+03
1.777333071411399260e+03
1.777333071411509536e+03
1.777333071411380843e+03
1.777333071411411311e+03
1.777333071411496121e+03
1.777333071411452238e+03
1.777333071411414494e+03
1.777333071411486571e+03
1.777333071411365381e+03
1.777333071411389710e+03
1.777333071411514766e+03
1.777333071411457695e+03
1.777333071411483616e+03
1.777333071411415176e+03
1.777333071411416313e+03
1.777333071411420406e+03
1.777333071411506353e+03
1.777333071411501351e+03
1.777333071411455876e+03
1.777333071411521587e+03
1.777333071411382434e+03
1.777333071411465198e+03
1.777333071411408127e+03
1.777333071411524770e+03
1.777333071411390392e+03
1.777333071411332412e+03
1.777333071411474293e+03
1.777333071411445871e+03
1.777333071411492938e+03
1.777333071411453830e+03
1.777333071411457922e+03
1.777333071411336505e+03
1.777333071411576384e+03
1.777333071411483616e+03
1.777333071411494757e+03
1.777333071411398123e+03
1.777333071411421315e+03
1.777333071411424726e+03
1.777333071411473384e+03
1.777333071411435640e+03
1.777333071411517722e+03
1.777333071411406536e+03
1.777333071411432229e+03
1.777333071411385845e+03
1.777333071411502033e+03
1.777333071411443370e+03
1.777333071411408355e+03
1.777333071411414494e+03
1.777333071411484525e+03
1.777333071411484070e+03
1.777333071411364017e+03
1.777333071411454739e+03
1.777333071411419041e+03
1.777333071411454966e+03
1.777333071411433593e+03
1.777333071411388573e+03
1.777333071411483388e+03
1.777333071411386982e+03
1.777333071411411083e+03
1.777333071411469746e+03
1.777333071411495666e+03
1.777333071411470655e+03
1.777333071411379706e+03
1.777333071411527953e+03
1.777333071411486117e+03
1.777333071411496803e+03
1.777333071411488618e+03
1.777333071411487026e+03
1.777333071411486799e+03
1.777333071411463607e+03
1.777333071411510673e+03
1.777333071411410174e+03
1.777333071411511128e+03
1.777333071411500214e+03
1.777333071411399033e+03
1.777333071411394030e+03
1.777333071411454512e+03
1.777333071411525907e+03
1.777333071411454739e+03
1.777333071411375386e+03
1.777333071411378342e+03
1.777333071411380388e+03
1.777333071411376295e+03
1.777333071411431320e+03
1.777333071411391984e+03
1.777333071411504761e+03
1.777333071411510673e+03
1.777333071411470200e+03
1.777333071411524315e+03
1.777333071411484980e+03
1.777333071411473611e+03
1.777333071411411538e+03
1.777333071411505216e+03
1.777333071411440869e+03
1.777333071411381752e+03
1.777333071411506353e+03
1.777333071411471110e+03
1.777333071411505216e+03
1.777333071411469973e+03
1.777333071411417905e+03
1.777333071411437459e+03
1.777333071411494529e+03
1.777333071411379024e+03
1.777333071411414494e+03
1.777333071411360834e+03
1.777333071411471792e+03
1.777333071411320361e+03
1.777333071411379251e+03
1.777333071411488390e+03
1.777333071411380160e+03
1.777333071411485435e+03
1.777333071411440642e+03
1.777333071411378796e+03
1.777333071411454284e+03
1.777333071411383116e+03
1.777333071411467017e+03
1.777333071411506126e+03
1.777333071411489982e+03
1.777333071411433139e+03
1.777333071411474293e+03
1.777333071411497031e+03
1.777333071411483616e+03
1.777333071411402443e+03
1.777333071411442688e+03
1.777333071411447918e+03
1.777333071411480205e+03
1.777333071411489527e+03
1.777333071411390165e+03
1.777333071411504307e+03
1.777333071411406536e+03
1.777333071411466790e+03
1.777333071411494984e+03
1.777333071411426317e+03
1.777333071411471565e+03
1.777333071411458832e+03
1.777333071411509763e+03
1.777333071411461560e+03
1.777333071411509536e+03
1.777333071411417677e+03
1.777333071411465198e+03
1.777333071411474975e+03
1.777333071411484980e+03
1.777333071411457922e+03
1.777333071411398578e+03
1.777333071411502942e+03
1.777333071411478613e+03
1.777333071411448145e+03
1.777333071411535684e+03
1.777333071411332412e+03
1.777333071411450874e+03
1.777333071411476567e+03
1.777333071411473156e+03
1.777333071411476340e+03
1.777333071411469518e+03
1.777333071411430637e+03
1.777333071411458150e+03
1.777333071411433821e+03
1.777333071411359242e+03
1.777333071411530000e+03
1.777333071411422907e+03
1.777333071411446326e+03
1.777333071411488163e+03
1.777333071411388801e+03
1.777333071411457013e+03
1.777333071411425408e+03
1.777333071411430865e+03
1.777333071411413130e+03
1.777333071411493165e+03
1.777333071411472247e+03
1.777333071411378569e+03
1.777333071411462925e+03
1.777333071411469064e+03
1.777333071411491346e+03
1.777333071411392211e+03
1.777333071411425635e+03
1.777333071411528408e+03
1.777333071411424726e+03
1.777333071411501123e+03
1.777333071411442006e+03
1.777333071411498395e+03
1.777333071411531364e+03
1.777333071411478159e+03
1.777333071411413812e+03
1.777333071411380843e+03
1.777333071411382889e+03
1.777333071411479978e+03
1.777333071411475885e+03
1.777333071411387891e+03
1.777333071411517267e+03
1.777333071411501351e+03
1.777333071411438823e+03
1.777333071411390165e+03
1.777333071411491574e+03
1.777333071411372202e+03
1.777333071411486344e+03
1.777333071411497485e+03
1.777333071411391984e+03
1.777333071411493393e+03
1.777333071411390847e+03
1.777333071411373567e+03
1.777333071411460878e+03
1.777333071411400397e+03
1.777333071411441324e+03
1.777333071411421770e+03
1.777333071411453375e+03
1.777333071411457695e+03
1.777333071411406991e+03
1.777333071411398805e+03
1.777333071411389028e+03
1.777333071411389483e+03
1.777333071411459969e+03
1.777333071411428591e+03
1.777333071411451556e+03
1.777333071411383798e+03
1.777333071411393803e+03
1.777333071411429955e+03
1.777333071411461788e+03
1.777333071411469064e+03
1.777333071411426772e+03
1.777333071411477249e+03
1.777333071411456331e+03
1.777333071411493393e+03
1.777333071411379706e+03
1.777333071411525452e+03
1.777333071411495666e+03
1.777333071411444735e+03
1.777333071411400397e+03
1.777333071411494302e+03
1.777333071411507490e+03
1.777333071411394485e+03
1.777333071411384253e+03
1.777333071411406308e+03
1.777333071411365836e+03
1.777333071411444280e+03
1.777333071411508172e+03
1.777333071411434958e+03
1.777333071411504534e+03
1.777333071411487708e+03
1.777333071411433593e+03
1.777333071411467245e+03
1.777333071411510900e+03
1.777333071411429955e+03
1.777333071411435867e+03
1.777333071411399942e+03
1.777333071411486117e+03
1.777333071411447463e+03
1.777333071411360379e+03
1.777333071411472474e+03
1.777333071411381979e+03
1.777333071411482706e+03
1.777333071411412675e+03
1.777333071411385617e+03
1.777333071411417222e+03
1.777333071411523633e+03
1.777333071411498622e+03
1.777333071411438368e+03
1.777333071411476112e+03
1.777333071411535457e+03
1.777333071411416086e+03
1.777333071411479750e+03
1.777333071411530227e+03
1.777333071411447463e+03
1.777333071411391757e+03
1.777333071411503624e+03
1.777333071411492483e+03
1.777333071411487936e+03
1.777333071411423589e+03
1.777333071411476112e+03
1.777333071411494302e+03
1.777333071411418359e+03
1.777333071411409946e+03
1.777333071411390165e+03
1.777333071411495666e+03
1.777333071411505216e+03
1.777333071411416540e+03
1.777333071411466108e+03
1.777333071411375386e+03
1.777333071411450192e+03
1.777333071411405854e+03
1.777333071411521132e+03
1.777333071411486344e+03
1.777333071411436777e+03
1.777333071411380615e+03
1.777333071411512037e+03
1.777333071411484525e+03
1.777333071411368792e+03
1.777333071411439050e+03
1.777333071411383798e+03
1.777333071411478386e+03
1.777333071411512492e+03
1.777333071411462470e+03
1.777333071411447236e+03
1.777333071411559104e+03
1.777333071411496348e+03
1.777333071411466790e+03
1.777333071411359924e+03
1.777333071411394485e+03
1.777333071411359242e+03
1.777333071411422679e+03
1.777333071411491574e+03
1.777333071411335823e+03
1.777333071411527499e+03
1.777333071411551373e+03
1.777333071411497031e+03
1.777333071411509536e+03
1.777333071411479523e+03
1.777333071411521360e+03
1.777333071411501123e+03
1.777333071411401534e+03
1.777333071411479295e+03
1.777333071411331048e+03
1.777333071411529318e+03
1.777333071411414039e+03
1.777333071411437231e+03
1.777333071411468836e+03
1.777333071411461106e+03
1.777333071411428136e+03
1.777333071411376977e+03
1.777333071411464971e+03
1.777333071411413130e+03
1.777333071411358787e+03
1.777333071411492483e+03
1.777333071411393348e+03
1.777333071411484070e+03
1.777333071411495894e+03
1.777333071411413357e+03
1.777333071411414494e+03
1.777333071411403580e+03
1.777333071411469291e+03
1.777333071411528636e+03
1.777333071411379706e+03
1.777333071411391302e+03
1.777333071411409492e+03
1.777333071411471337e+03
1.777333071411471110e+03
1.777333071411407218e+03
1.777333071411402898e+03
1.777333071411425635e+03
1.777333071411380388e+03
1.777333071411495894e+03
1.777333071411379933e+03
1.777333071411417677e+03
1.777333071411471792e+03
1.777333071411416086e+03
1.777333071411436777e+03
1.777333071411487026e+03
1.777333071411418814e+03
1.777333071411418814e+03
1.777333071411409492e+03
1.777333071411427454e+03
1.777333071411411083e+03
1.777333071411474521e+03
1.777333071411464289e+03
1.777333071411386072e+03
1.777333071411430865e+03
1.777333071411487936e+03
1.777333071411521360e+03
1.777333071411394940e+03
1.777333071411503397e+03
1.777333071411415403e+03
1.777333071411428136e+03
1.777333071411449737e+03
1.777333071411453830e+03
1.777333071411410174e+03
1.777333071411489527e+03
1.777333071411446554e+03
1.777333071411441097e+03
1.777333071411389483e+03
1.777333071411375386e+03
1.777333071411501805e+03
1.777333071411496576e+03
1.777333071411397441e+03
1.777333071411419269e+03
1.777333071411461788e+03
1.777333071411401761e+03
1.777333071411402443e+03
1.777333071411482479e+03
1.777333071411463379e+03
1.777333071411438596e+03
1.777333071411407900e+03
1.777333071411464516e+03
1.777333071411393576e+03
1.777333071411451556e+03
1.777333071411504761e+03
1.777333071411406763e+03
1.777333071411386527e+03
1.777333071411490664e+03
1.777333071411404035e+03
1.777333071411483161e+03
1.777333071411429501e+03
1.777333071411487253e+03
1.777333071411504079e+03
1.777333071411459059e+03
1.777333071411375158e+03
1.777333071411468609e+03
1.777333071411421543e+03
1.777333071411438596e+03
1.777333071411473838e+03
1.777333071411475657e+03
1.777333071411427682e+03
1.777333071411363107e+03
1.777333071411410174e+03
1.777333071411416086e+03
1.777333071411401306e+03
1.777333071411456103e+03
1.777333071411393348e+03
1.777333071411432229e+03
1.777333071411505671e+03
1.777333071411474293e+03
1.777333071411402670e+03
1.777333071411474975e+03
1.777333071411423361e+03
1.777333071411389938e+03
1.777333071411411538e+03
1.777333071411473838e+03
1.777333071411432911e+03
1.777333071411420633e+03
1.777333071411373339e+03
1.777333071411507717e+03
1.777333071411416540e+03
1.777333071411478841e+03
1.777333071411488845e+03
1.777333071411434048e+03
1.777333071411455876e+03
1.777333071411362880e+03
1.777333071411402216e+03
1.777333071411429046e+03
1.777333071411497031e+03
1.777333071411406536e+03
1.777333071411418359e+03
1.777333071411487481e+03
1.777333071411461788e+03
1.777333071411455421e+03
1.777333071411389938e+03
1.777333071411387436e+03
1.777333071411377205e+03
1.777333071411380615e+03
1.777333071411410174e+03
1.777333071411494302e+03
1.777333071411437686e+03
1.777333071411396986e+03
1.777333071411454966e+03
1.777333071411509309e+03
1.777333071411418359e+03
1.777333071411484070e+03
1.777333071411458832e+03
1.777333071411393121e+03
1.777333071411415631e+03
1.777333071411360606e+03
1.777333071411396759e+03
1.777333071411484752e+03
1.777333071411464516e+03
1.777333071411402443e+03
1.777333071411552055e+03
1.777333071411487708e+03
1.777333071411397668e+03
1.777333071411467017e+03
1.777333071411399260e+03
1.777333071411421543e+03
1.777333071411471792e+03
1.777333071411450419e+03
1.777333071411411083e+03
1.777333071411412902e+03
1.777333071411503397e+03
1.777333071411368564e+03
1.777333071411504307e+03
1.777333071411469518e+03
1.777333071411488618e+03
1.777333071411493393e+03
1.777333071411459741e+03
1.777333071411419041e+03
1.777333071411488163e+03
1.777333071411526589e+03
1.777333071411494984e+03
1.777333071411395395e+03
1.777333071411486799e+03
1.777333071411491346e+03
1.777333071411481797e+03
1.777333071411407900e+03
1.777333071411477931e+03
1.777333071411451556e+03
1.777333071411494984e+03
1.777333071411477476e+03
1.777333071411467472e+03
1.777333071411380843e+03
1.777333071411446554e+03
1.777333071411339688e+03
1.777333071411436549e+03
1.777333071411380615e+03
1.777333071411406536e+03
1.777333071411441097e+03
1.777333071411457922e+03
1.777333071411414949e+03
1.777333071411449737e+03
1.777333071411473384e+03
1.777333071411454966e+03
1.777333071411405626e+03
1.777333071411380160e+03
1.777333071411406763e+03
1.777333071411393348e+03
1.777333071411542051e+03
1.777333071411474521e+03
1.777333071411393803e+03
1.777333071411415631e+03
1.777333071411393121e+03
1.777333071411466562e+03
1.777333071411446099e+03
1.777333071411386754e+03
1.777333071411467245e+03
1.777333071411365154e+03
1.777333071411487481e+03
1.777333071411480887e+03
1.777333071411399487e+03
1.777333071411378342e+03
1.777333071411449055e+03
1.777333071411408810e+03
1.777333071411410401e+03
1.777333071411476567e+03
1.777333071411422225e+03
1.777333071411423134e+03
1.777333071411361971e+03
1.777333071411497031e+03
1.777333071411489527e+03
1.777333071411443370e+03
1.777333071411389255e+03
1.777333071411537730e+03
1.777333071411469973e+03
1.777333071411415403e+03
1.777333071411408355e+03
1.777333071411404944e+03
1.777333071411453602e+03
1.777333071411386072e+03
1.777333071411489300e+03
1.777333071411501123e+03
1.777333071411389028e+03
1.777333071411395395e+03
1.777333071411397441e+03
1.777333071411371066e+03
1.777333071411511128e+03
1.777333071411446099e+03
1.777333071411388119e+03
1.777333071411456558e+03
1.777333071411459059e+03
1.777333071411483843e+03
1.777333071411529545e+03
1.777333071411366518e+03
1.777333071411422225e+03
1.777333071411445644e+03
1.777333071411417677e+03
1.777333071411459059e+03
1.777333071411437913e+03
1.777333071411492256e+03
1.777333071411479750e+03
1.777333071411409946e+03
1.777333071411400169e+03
1.777333071411501123e+03
1.777333071411464744e+03
1.777333071411405854e+03
1.777333071411373112e+03
1.777333071411465198e+03
1.777333071411453147e+03
1.777333071411404489e+03
1.777333071411457468e+03
1.777333071411380388e+03
1.777333071411372202e+03
1.777333071411508854e+03
1.777333071411414721e+03
1.777333071411485435e+03
1.777333071411515675e+03
1.777333071411461333e+03
1.777333071411501578e+03
1.777333071411437231e+03
1.777333071411505671e+03
1.777333071411455649e+03
1.777333071411493620e+03
1.777333071411417450e+03
1.777333071411518858e+03
1.777333071411396531e+03
1.777333071411504989e+03
1.777333071411406991e+03
1.777333071411508399e+03
1.777333071411419269e+03
1.777333071411508172e+03
1.777333071411485435e+03
1.777333071411388346e+03
1.777333071411396077e+03
1.777333071411532273e+03
1.777333071411514538e+03
1.777333071411516357e+03
1.777333071411459059e+03
1.777333071411504761e+03
1.777333071411414494e+03
1.777333071411402898e+03
1.777333071411479750e+03
1.777333071411435185e+03
1.777333071411487708e+03
1.777333071411387664e+03
1.777333071411444053e+03
1.777333071411439050e+03
1.777333071411408582e+03
1.777333071411410629e+03
1.777333071411537958e+03
1.777333071411513401e+03
1.777333071411417222e+03
1.777333071411502942e+03
1.777333071411377432e+03
1.777333071411456558e+03
1.777333071411390847e+03
1.777333071411487253e+03
1.777333071411354240e+03
1.777333071411492710e+03
1.777333071411447690e+03
1.777333071411459059e+03
1.777333071411446326e+03
1.777333071411476112e+03
1.777333071411470883e+03
1.777333071411376750e+03
1.777333071411471110e+03
1.777333071411463834e+03
1.777333071411522496e+03
1.777333071411537048e+03
1.777333071411408127e+03
1.777333071411462470e+03
1.777333071411493393e+03
1.777333071411527726e+03
1.777333071411504307e+03
1.777333071411412448e+03
1.777333071411490437e+03
1.777333071411460878e+03
1.777333071411507035e+03
1.777333071411447690e+03
1.777333071411470883e+03
1.777333071411513174e+03
1.777333071411376295e+03
1.777333071411369019e+03
1.777333071411453602e+03
1.777333071411433366e+03
1.777333071411442006e+03
1.777333071411481797e+03
1.777333071411476340e+03
1.777333071411364472e+03
1.777333071411443370e+03
1.777333071411432456e+03
1.777333071411402216e+03
1.777333071411404489e+03
1.777333071411399260e+03
1.777333071411514084e+03
1.777333071411507945e+03
1.777333071411447236e+03
1.777333071411348328e+03
1.777333071411499759e+03
1.777333071411468836e+03
1.777333071411489755e+03
1.777333071411408810e+03
1.777333071411400397e+03
1.777333071411486799e+03
1.777333071411353103e+03
1.777333071411440187e+03
1.777333071411419269e+03
1.777333071411403125e+03
1.777333071411444735e+03
1.777333071411436094e+03
1.777333071411428591e+03
1.777333071411450419e+03
1.777333071411453375e+03
1.777333071411377887e+03
1.777333071411446554e+03
1.777333071411466562e+03
1.777333071411491346e+03
1.777333071411411311e+03
1.777333071411482251e+03
1.777333071411458377e+03
1.777333071411472247e+03
1.777333071411447008e+03
1.777333071411405399e+03
1.777333071411481342e+03
1.777333071411384935e+03
1.777333071411482933e+03
1.777333071411468836e+03
1.777333071411499304e+03
1.777333071411388346e+03
1.777333071411479750e+03
1.777333071411453602e+03
1.777333071411537958e+03
1.777333071411459059e+03
1.777333071411467245e+03
1.777333071411369701e+03
1.777333071411426772e+03
1.777333071411475885e+03
1.777333071411504989e+03
1.777333071411402898e+03
1.777333071411484298e+03
1.777333071411414949e+03
1.777333071411410856e+03
1.777333071411399715e+03
1.777333071411461560e+03
1.777333071411474748e+03
1.777333071411409264e+03
1.777333071411394258e+03
1.777333071411432002e+03
1.777333071411475203e+03
1.777333071411407445e+03
1.777333071411409264e+03
1.777333071411365381e+03
1.777333071411465653e+03
1.777333071411481797e+03
1.777333071411395849e+03
1.777333071411415176e+03
1.777333071411476794e+03
1.777333071411420860e+03
1.777333071411397441e+03
1.777333071411497485e+03
1.777333071411422907e+03
1.777333071411466562e+03
1.777333071411460878e+03
1.777333071411484298e+03
1.777333071411467699e+03
1.777333071411468381e+03
1.777333071411421315e+03
1.777333071411470200e+03
1.777333071411479750e+03
1.777333071411486344e+03
1.777333071411449964e+03
1.777333071411387891e+03
1.777333071411379933e+03
1.777333071411494075e+03
1.777333071411445871e+03
1.777333071411513856e+03
1.777333071411421088e+03
1.777333071411443143e+03
1.777333071411386527e+03
1.777333071411405172e+03
1.777333071411364472e+03
1.777333071411406536e+03
1.777333071411446781e+03
1.777333071411379251e+03
1.777333071411405626e+03
1.777333071411407445e+03
1.777333071411393348e+03
1.777333071411504079e+03
1.777333071411470655e+03
1.777333071411432911e+03
1.777333071411467017e+03
1.777333071411486117e+03
1.777333071411432456e+03
1.777333071411426317e+03
1.777333071411381979e+03
1.777333071411357423e+03
1.777333071411442234e+03
1.777333071411532046e+03
1.777333071411440415e+03
1.777333071411411083e+03
1.777333071411511582e+03
1.777333071411514766e+03
1.777333071411466790e+03
1.777333071411408582e+03
1.777333071411413812e+03
1.777333071411460423e+03
1.777333071411394940e+03
1.777333071411399942e+03
1.777333071411477249e+03
1.777333071411488163e+03
1.777333071411570472e+03
1.777333071411401306e+03
1.777333071411416540e+03
1.777333071411363335e+03
1.777333071411507945e+03
1.777333071411424044e+03
1.777333071411497258e+03
1.777333071411431547e+03
1.777333071411414949e+03
1.777333071411422679e+03
1.777333071411410174e+03
1.777333071411473611e+03
1.777333071411440415e+03
1.777333071411498850e+03
1.777333071411483161e+03
1.777333071411448145e+03
1.777333071411392211e+03
1.777333071411461106e+03
1.777333071411463379e+03
1.777333071411542960e+03
1.777333071411442234e+03
1.777333071411327637e+03
1.777333071411490891e+03
1.777333071411516357e+03
1.777333071411458150e+03
1.777333071411479750e+03
1.777333071411440415e+03
1.777333071411507945e+03
1.777333071411459969e+03
1.777333071411490891e+03
1.777333071411499759e+03
1.777333071411420633e+03
1.777333071411495666e+03
1.777333071411442234e+03
1.777333071411491574e+03
1.777333071411487026e+03
1.777333071411518404e+03
1.777333071411449737e+03
1.777333071411462242e+03
1.777333071411523861e+03
1.777333071411496121e+03
1.777333071411533183e+03
1.777333071411403807e+03
1.777333071411486571e+03
1.777333071411508399e+03
1.777333071411446554e+03
1.777333071411417677e+03
1.777333071411393121e+03
1.777333071411425863e+03
1.777333071411469973e+03
1.777333071411404717e+03
1.777333071411431320e+03
1.777333071411492710e+03
1.777333071411458832e+03
1.777333071411500896e+03
1.777333071411510673e+03
1.777333071411378569e+03
1.777333071411376295e+03
1.777333071411393803e+03
1.777333071411390165e+03
1.777333071411418359e+03
1.777333071411430410e+03
1.777333071411473156e+03
1.777333071411508399e+03
1.777333071411479750e+03
1.777333071411481342e+03
1.777333071411406991e+03
1.777333071411370611e+03
1.777333071411513401e+03
1.777333071411467245e+03
1.777333071411467245e+03
1.777333071411403807e+03
1.777333071411474521e+03
1.777333071411395167e+03
1.777333071411524998e+03
1.777333071411478159e+03
1.777333071411453147e+03
1.777333071411408355e+03
1.777333071411477931e+03
1.777333071411504307e+03
1.777333071411408582e+03
1.777333071411361516e+03
1.777333071411409264e+03
1.777333071411423816e+03
1.777333071411391529e+03
1.777333071411450646e+03
1.777333071411427454e+03
1.777333071411391984e+03
1.777333071411491119e+03
1.777333071411474521e+03
1.777333071411430865e+03
1.777333071411469518e+03
1.777333071411461560e+03
1.777333071411443370e+03
1.777333071411446781e+03
1.777333071411481797e+03
1.777333071411537503e+03
1.777333071411397896e+03
1.777333071411408582e+03
1.777333071411341962e+03
1.777333071411467927e+03
1.777333071411521360e+03
1.777333071411430183e+03
1.777333071411447918e+03
1.777333071411403580e+03
1.777333071411486571e+03
1.777333071411384935e+03
1.777333071411460196e+03
1.777333071411475203e+03
1.777333071411507035e+03
1.777333071411520223e+03
1.777333071411429728e+03
1.777333071411446326e+03
1.777333071411389710e+03
1.777333071411426772e+03
1.777333071411341052e+03
1.777333071411414494e+03
1.777333071411391757e+03
1.777333071411470655e+03
1.777333071411497485e+03
1.777333071411461333e+03
1.777333071411448373e+03
1.777333071411390620e+03
1.777333071411422679e+03
1.777333071411409492e+03
1.777333071411390165e+03
1.777333071411454739e+03
1.777333071411382889e+03
1.777333071411414721e+03
1.777333071411406763e+03
1.777333071411420178e+03
1.777333071411399715e+03
1.777333071411459059e+03
1.777333071411457013e+03
1.777333071411400852e+03
1.777333071411348783e+03
1.777333071411387891e+03
1.777333071411474066e+03
1.777333071411508172e+03
1.777333071411470655e+03
1.777333071411484525e+03
1.777333071411461788e+03
1.777333071411467927e+03
1.777333071411427454e+03
1.777333071411492710e+03
1.777333071411475203e+03
1.777333071411514538e+03
1.777333071411459287e+03
1.777333071411545689e+03
1.777333071411431774e+03
1.777333071411394940e+03
1.777333071411412220e+03
1.777333071411401761e+03
1.777333071411426090e+03
1.777333071411500896e+03
1.777333071411417222e+03
1.777333071411432456e+03
1.777333071411392666e+03
1.777333071411434503e+03
1.777333071411486344e+03
1.777333071411426772e+03
1.777333071411396077e+03
1.777333071411329229e+03
1.777333071411506353e+03
1.777333071411416313e+03
1.777333071411380615e+03
1.777333071411439505e+03
1.777333071411464289e+03
1.777333071411405854e+03
1.777333071411484752e+03
1.777333071411388573e+03
1.777333071411497940e+03
1.777333071411390165e+03
1.777333071411457468e+03
1.777333071411417905e+03
1.777333071411474066e+03
1.777333071411413357e+03
1.777333071411422907e+03
1.777333071411479750e+03
1.777333071411459514e+03
1.777333071411422679e+03
1.777333071411346964e+03
1.777333071411389710e+03
1.777333071411384481e+03
1.777333071411401534e+03
1.777333071411336505e+03
1.777333071411404262e+03
1.777333071411434503e+03
1.777333071411467927e+03
1.777333071411430637e+03
1.777333071411406308e+03
1.777333071411421770e+03
1.777333071411418587e+03
1.777333071411444280e+03
1.777333071411367428e+03
1.777333071411473384e+03
1.777333071411496803e+03
1.777333071411477249e+03
1.777333071411481569e+03
1.777333071411455194e+03
1.777333071411442461e+03
1.777333071411464061e+03
1.777333071411401079e+03
1.777333071411415403e+03
1.777333071411459969e+03
1.777333071411444507e+03
1.777333071411373567e+03
1.777333071411508172e+03
1.777333071411380615e+03
1.777333071411472474e+03
1.777333071411378569e+03
1.777333071411392666e+03
1.777333071411450192e+03
1.777333071411420860e+03
1.777333071411383798e+03
1.777333071411413357e+03
1.777333071411465880e+03
1.777333071411405172e+03
1.777333071411414494e+03
1.777333071411398350e+03
1.777333071411482251e+03
1.777333071411445871e+03
1.777333071411398123e+03
1.777333071411386300e+03
1.777333071411402898e+03
1.777333071411516130e+03
1.777333071411415403e+03
1.777333071411479068e+03
1.777333071411437459e+03
1.777333071411391074e+03
1.777333071411519768e+03
1.777333071411422225e+03
1.777333071411381752e+03
1.777333071411444280e+03
1.777333071411442006e+03
1.777333071411400852e+03
1.777333071411394712e+03
1.777333071411411083e+03
1.777333071411468381e+03
1.777333071411529318e+03
1.777333071411476112e+03
1.777333071411506126e+03
1.777333071411456785e+03
1.777333071411462242e+03
1.777333071411386527e+03
1.777333071411438823e+03
1.777333071411478386e+03
1.777333071411442006e+03
1.777333071411487936e+03
1.777333071411484525e+03
1.777333071411375158e+03
1.777333071411391529e+03
1.777333071411470200e+03
1.777333071411356514e+03
1.777333071411389710e+03
1.777333071411506808e+03
1.777333071411482479e+03
1.777333071411381752e+03
1.777333071411478386e+03
1.777333071411425863e+03
1.777333071411424726e+03
1.777333071411394940e+03
1.777333071411496576e+03
1.777333071411459059e+03
1.777333071411474293e+03
1.777333071411454739e+03
1.777333071411465198e+03
1.777333071411546825e+03
1.777333071411506580e+03
1.777333071411397896e+03
1.777333071411435412e+03
1.777333071411451783e+03
1.777333071411486117e+03
1.777333071411500896e+03
1.777333071411401988e+03
1.777333071411449055e+03
1.777333071411382889e+03
1.777333071411382207e+03
1.777333071411502942e+03
1.777333071411390392e+03
1.777333071411378569e+03
1.777333071411501123e+03
1.777333071411397214e+03
1.777333071411429728e+03
1.777333071411441097e+03
1.777333071411429728e+03
1.777333071411368110e+03
1.777333071411439505e+03
1.777333071411490209e+03
1.777333071411410856e+03
1.777333071411378796e+03
1.777333071411509991e+03
1.777333071411452238e+03
1.777333071411441097e+03
1.777333071411344690e+03
1.777333071411411765e+03
1.777333071411385845e+03
1.777333071411438823e+03
1.777333071411482024e+03
1.777333071411434958e+03
1.777333071411486344e+03
1.777333071411509536e+03
1.777333071411473156e+03
1.777333071411402670e+03
1.777333071411467699e+03
1.777333071411457922e+03
1.777333071411494302e+03
1.777333071411386982e+03
1.777333071411474748e+03
1.777333071411474748e+03
1.777333071411392439e+03
1.777333071411467245e+03
1.777333071411455421e+03
1.777333071411465198e+03
1.777333071411486117e+03
1.777333071411463152e+03
1.777333071411462470e+03
1.777333071411394712e+03
1.777333071411446781e+03
1.777333071411365609e+03
1.777333071411397441e+03
1.777333071411402898e+03
1.777333071411491574e+03
1.777333071411469064e+03
1.777333071411490664e+03
1.777333071411383344e+03
1.777333071411475657e+03
1.777333071411387209e+03
1.777333071411367882e+03
1.777333071411381752e+03
1.777333071411503397e+03
1.777333071411471110e+03
1.777333071411504307e+03
1.777333071411414949e+03
1.777333071411393576e+03
1.777333071411407218e+03
1.777333071411485207e+03
1.777333071411421315e+03
1.777333071411471565e+03
1.777333071411419041e+03
1.777333071411399487e+03
1.777333071411486799e+03
1.777333071411460651e+03
1.777333071411489527e+03
1.777333071411458377e+03
1.777333071411364926e+03
1.777333071411551373e+03
1.777333071411361743e+03
1.777333071411472019e+03
1.777333071411475885e+03
1.777333071411456785e+03
1.777333071411528863e+03
1.777333071411365836e+03
1.777333071411439050e+03
1.777333071411454966e+03
1.777333071411378796e+03
1.777333071411489527e+03
1.777333071411391074e+03
1.777333071411514311e+03
1.777333071411382207e+03
1.777333071411468836e+03
1.777333071411400169e+03
1.777333071411480660e+03
1.777333071411380160e+03
1.777333071411452238e+03
1.777333071411409492e+03
1.777333071411424726e+03
1.777333071411513401e+03
1.777333071411500214e+03
1.777333071411351284e+03
1.777333071411415631e+03
1.777333071411446554e+03
1.777333071411457922e+03
1.777333071411497485e+03
1.777333071411500896e+03
1.777333071411474066e+03
1.777333071411488845e+03
1.777333071411460651e+03
1.777333071411501123e+03
1.777333071411415403e+03
1.777333071411452465e+03
1.777333071411376750e+03
1.777333071411430865e+03
1.777333071411447918e+03
1.777333071411468836e+03
1.777333071411457468e+03
1.777333071411464744e+03
1.777333071411426090e+03
1.777333071411371066e+03
1.777333071411490664e+03
1.777333071411391529e+03
1.777333071411426545e+03
1.777333071411397896e+03
1.777333071411396986e+03
1.777333071411518631e+03
1.777333071411477476e+03
1.777333071411509991e+03
1.777333071411432456e+03
1.777333071411401534e+03
1.777333071411416768e+03
1.777333071411492483e+03
1.777333071411517722e+03
1.777333071411483843e+03
1.777333071411496576e+03
1.777333071411470200e+03
1.777333071411502715e+03
1.777333071411412675e+03
1.777333071411363107e+03
1.777333071411426999e+03
1.777333071411413130e+03
1.777333071411389938e+03
1.777333071411366063e+03
1.777333071411438368e+03
1.777333071411411765e+03
1.777333071411465426e+03
1.777333071411494302e+03
1.777333071411527271e+03
1.777333071411490437e+03
1.777333071411447690e+03
1.777333071411506353e+03
1.777333071411341962e+03
1.777333071411514538e+03
1.777333071411422225e+03
1.777333071411411311e+03
1.777333071411395622e+03
1.777333071411524770e+03
1.777333071411430183e+03
1.777333071411489755e+03
1.777333071411406991e+03
1.777333071411389028e+03
1.777333071411417905e+03
1.777333071411462470e+03
1.777333071411434048e+03
1.777333071411403353e+03
1.777333071411421543e+03
1.777333071411422452e+03
1.777333071411500896e+03
1.777333071411370838e+03
1.777333071411545006e+03
1.777333071411384253e+03
1.777333071411482479e+03
1.777333071411400852e+03
1.777333071411384481e+03
1.777333071411408127e+03
1.777333071411487936e+03
1.777333071411482933e+03
1.777333071411397214e+03
1.777333071411393348e+03
1.777333071411522496e+03
1.777333071411436322e+03
1.777333071411382434e+03
1.777333071411417222e+03
1.777333071411499304e+03
1.777333071411487026e+03
1.777333071411419269e+03
1.777333071411420860e+03
1.777333071411412675e+03
1.777333071411436549e+03
1.777333071411520905e+03
1.777333071411473611e+03
1.777333071411381979e+03
1.777333071411451556e+03
1.777333071411388801e+03
1.777333071411353785e+03
1.777333071411444053e+03
1.777333071411470883e+03
1.777333071411359242e+03
1.777333071411486571e+03
1.777333071411506580e+03
1.777333071411450419e+03
1.777333071411470428e+03
1.777333071411427909e+03
1.777333071411473611e+03
1.777333071411372202e+03
1.777333071411540232e+03
1.777333071411542051e+03
1.777333071411437686e+03
1.777333071411410856e+03
1.777333071411507945e+03
1.777333071411449282e+03
1.777333071411397214e+03
1.777333071411420406e+03
1.777333071411424953e+03
1.777333071411451101e+03
1.777333071411449282e+03
1.777333071411392893e+03
1.777333071411424044e+03
1.777333071411383798e+03
1.777333071411417677e+03
1.777333071411417450e+03
1.777333071411418587e+03
1.777333071411467699e+03
1.777333071411472247e+03
1.777333071411486117e+03
1.777333071411430637e+03
1.777333071411522042e+03
1.777333071411476794e+03
1.777333071411496576e+03
1.777333071411420860e+03
1.777333071411499304e+03
1.777333071411476340e+03
1.777333071411404035e+03
1.777333071411468836e+03
1.777333071411442916e+03
1.777333071411478841e+03
1.777333071411464289e+03
1.777333071411409264e+03
1.777333071411421543e+03
1.777333071411466790e+03
1.777333071411398123e+03
1.777333071411390392e+03
1.777333071411421543e+03
1.777333071411389255e+03
1.777333071411434503e+03
1.777333071411526362e+03
1.777333071411521587e+03
1.777333071411510900e+03
1.777333071411479978e+03
1.777333071411390847e+03
1.777333071411388801e+03
1.777333071411388346e+03
1.777333071411381525e+03
1.777333071411461333e+03
1.777333071411409492e+03
1.777333071411517494e+03
1.777333071411484980e+03
1.777333071411399942e+03
1.777333071411486117e+03
1.777333071411431547e+03
1.777333071411402898e+03
1.777333071411447236e+03
1.777333071411374021e+03
1.777333071411386754e+03
1.777333071411461333e+03
1.777333071411511810e+03
1.777333071411484525e+03
1.777333071411481114e+03
1.777333071411365381e+03
1.777333071411462015e+03
1.777333071411450192e+03
1.777333071411484298e+03
1.777333071411500214e+03
1.777333071411494302e+03
1.777333071411470200e+03
1.777333071411414494e+03
1.777333071411461560e+03
1.777333071411396759e+03
1.777333071411409037e+03
1.777333071411444280e+03
1.777333071411419041e+03
1.777333071411487481e+03
1.777333071411388346e+03
1.777333071411535002e+03
1.777333071411383116e+03
1.777333071411458150e+03
1.777333071411497713e+03
1.777333071411475885e+03
1.777333071411396077e+03
1.777333071411490437e+03
1.777333071411405399e+03
1.777333071411424726e+03
1.777333071411474521e+03
1.777333071411391074e+03
1.777333071411482479e+03
1.777333071411398123e+03
1.777333071411481797e+03
1.777333071411438823e+03
1.777333071411458832e+03
1.777333071411407218e+03
1.777333071411506580e+03
1.777333071411393121e+03
1.777333071411458832e+03
1.777333071411429728e+03
1.777333071411486117e+03
1.777333071411371748e+03
1.777333071411488618e+03
1.777333071411390847e+03
1.777333071411460196e+03
1.777333071411426090e+03
1.777333071411465426e+03
1.777333071411381525e+03
1.777333071411404717e+03
1.777333071411508854e+03
1.777333071411520450e+03
1.777333071411386754e+03
1.777333071411408810e+03
1.777333071411484298e+03
1.777333071411474975e+03
1.777333071411473384e+03
1.777333071411375386e+03
1.777333071411521587e+03
1.777333071411497485e+03
1.777333071411388346e+03
1.777333071411312631e+03
1.777333071411464061e+03
1.777333071411368337e+03
1.777333071411405399e+03
1.777333071411340143e+03
1.777333071411389255e+03
1.777333071411379706e+03
1.777333071411481797e+03
1.777333071411395167e+03
1.777333071411416995e+03
1.777333071411487253e+03
1.777333071411428136e+03
1.777333071411499077e+03
1.777333071411516357e+03
1.777333071411462015e+03
1.777333071411504989e+03
1.777333071411414721e+03
1.777333071411425635e+03
1.777333071411449737e+03
1.777333071411537048e+03
1.777333071411510446e+03
1.777333071411399033e+03
1.777333071411421770e+03
1.777333071411500441e+03
1.777333071411512719e+03
1.777333071411430865e+03
1.777333071411472247e+03
1.777333071411366291e+03
1.777333071411371975e+03
1.777333071411402898e+03
1.777333071411400624e+03
1.777333071411467017e+03
1.777333071411516812e+03
1.777333071411389938e+03
1.777333071411469518e+03
1.777333071411477704e+03
1.777333071411436777e+03
1.777333071411462015e+03
1.777333071411422452e+03
1.777333071411414721e+03
1.777333071411424271e+03
1.777333071411380160e+03
1.777333071411510673e+03
1.777333071411506126e+03
1.777333071411482024e+03
1.777333071411397668e+03
1.777333071411419951e+03
1.777333071411401079e+03
1.777333071411419496e+03
1.777333071411376523e+03
1.777333071411431547e+03
1.777333071411487481e+03
1.777333071411500896e+03
1.777333071411509081e+03
1.777333071411413130e+03
1.777333071411534547e+03
1.777333071411477704e+03
1.777333071411476112e+03
1.777333071411390165e+03
1.777333071411406763e+03
1.777333071411423816e+03
1.777333071411425863e+03
1.777333071411432911e+03
1.777333071411404262e+03
1.777333071411544097e+03
1.777333071411493847e+03
1.777333071411401988e+03
1.777333071411495439e+03
1.777333071411455194e+03
1.777333071411496348e+03
1.777333071411378342e+03
1.777333071411440642e+03
1.777333071411420860e+03
1.777333071411477022e+03
1.777333071411434730e+03
1.777333071411479978e+03
1.777333071411466562e+03
1.777333071411374931e+03
1.777333071411467699e+03
1.777333071411509309e+03
1.777333071411513401e+03
1.777333071411480205e+03
1.777333071411466335e+03
1.777333071411477022e+03
1.777333071411489755e+03
1.777333071411379706e+03
1.777333071411373339e+03
1.777333071411530000e+03
1.777333071411506580e+03
1.777333071411496803e+03
1.777333071411423361e+03
1.777333071411388346e+03
1.777333071411411538e+03
1.777333071411353558e+03
1.777333071411474066e+03
1.777333071411444280e+03
1.777333071411455194e+03
1.777333071411503852e+03
1.777333071411446326e+03
1.777333071411523406e+03
1.777333071411536366e+03
1.777333071411509536e+03
1.777333071411494984e+03
1.777333071411414949e+03
1.777333071411488390e+03
1.777333071411439960e+03
1.777333071411477704e+03
1.777333071411505443e+03
1.777333071411389710e+03
1.777333071411436777e+03
1.777333071411484525e+03
1.777333071411399715e+03
1.777333071411455421e+03
1.777333071411466108e+03
1.777333071411494757e+03
1.777333071411505216e+03
1.777333071411489072e+03
1.777333071411472702e+03
1.777333071411484298e+03
1.777333071411473838e+03
1.777333071411459287e+03
1.777333071411390847e+03
1.777333071411339006e+03
1.777333071411488390e+03
1.777333071411369701e+03
1.777333071411382434e+03
1.777333071411402670e+03
1.777333071411439960e+03
1.777333071411418814e+03
1.777333071411367200e+03
1.777333071411401988e+03
1.777333071411443370e+03
1.777333071411433139e+03
1.777333071411353558e+03
1.777333071411453830e+03
1.777333071411463607e+03
1.777333071411444280e+03
1.777333071411500441e+03
1.777333071411495212e+03
1.777333071411436094e+03
1.777333071411497485e+03
1.777333071411479523e+03
1.777333071411391074e+03
1.777333071411409492e+03
1.777333071411377659e+03
1.777333071411498850e+03
1.777333071411460196e+03
1.777333071411486117e+03
1.777333071411439960e+03
1.777333071411366063e+03
1.777333071411470655e+03
1.777333071411427909e+03
1.777333071411541823e+03
1.777333071411359015e+03
1.777333071411447236e+03
1.777333071411396531e+03
1.777333071411500214e+03
1.777333071411423361e+03
1.777333071411417222e+03
1.777333071411485435e+03
1.777333071411471792e+03
1.777333071411487708e+03
1.777333071411471792e+03
1.777333071411427682e+03
1.777333071411453375e+03
1.777333071411419496e+03
1.777333071411501351e+03
1.777333071411520677e+03
1.777333071411417450e+03
1.777333071411491119e+03
1.777333071411529090e+03
1.777333071411439960e+03
1.777333071411373339e+03
1.777333071411427454e+03
1.777333071411494302e+03
1.777333071411407445e+03
1.777333071411482479e+03
1.777333071411501123e+03
1.777333071411539095e+03
1.777333071411371293e+03
1.777333071411340597e+03
1.777333071411403807e+03
1.777333071411484752e+03
1.777333071411490664e+03
1.777333071411429728e+03
1.777333071411442234e+03
1.777333071411526134e+03
1.777333071411462470e+03
1.777333071411368564e+03
1.777333071411518404e+03
1.777333071411489072e+03
1.777333071411426090e+03
1.777333071411405854e+03
1.777333071411552737e+03
1.777333071411457240e+03
1.777333071411378569e+03
1.777333071411480205e+03
1.777333071411481342e+03
1.777333071411422225e+03
1.777333071411406536e+03
1.777333071411490664e+03
1.777333071411496121e+03
1.777333071411403125e+03
1.777333071411525225e+03
1.777333071411450192e+03
1.777333071411489072e+03
1.777333071411432229e+03
1.777333071411394940e+03
1.777333071411514766e+03
1.777333071411472702e+03
1.777333071411378342e+03
1.777333071411398805e+03
1.777333071411481342e+03
1.777333071411412902e+03
1.777333071411446326e+03
1.777333071411366745e+03
1.777333071411498622e+03
1.777333071411456331e+03
1.777333071411449055e+03
1.777333071411465653e+03
1.777333071411527044e+03
1.777333071411456331e+03
1.777333071411482706e+03
1.777333071411483843e+03
1.777333071411476112e+03
1.777333071411411538e+03
1.777333071411393803e+03
1.777333071411453602e+03
1.777333071411414039e+03
1.777333071411491346e+03
1.777333071411532273e+03
1.777333071411472702e+03
1.777333071411507490e+03
1.777333071411410174e+03
1.777333071411345827e+03
1.777333071411504307e+03
1.777333071411383571e+03
1.777333071411465426e+03
1.777333071411392439e+03
1.777333071411478159e+03
1.777333071411412902e+03
1.777333071411449737e+03
1.777333071411404262e+03
1.777333071411495439e+03
1.777333071411494075e+03
1.777333071411401761e+03
1.777333071411497713e+03
1.777333071411510673e+03
1.777333071411490664e+03
1.777333071411391529e+03
1.777333071411400852e+03
1.777333071411375386e+03
1.777333071411368792e+03
1.777333071411406081e+03
1.777333071411418587e+03
1.777333071411366745e+03
1.777333071411494302e+03
1.777333071411403807e+03
1.777333071411407673e+03
1.777333071411495894e+03
1.777333071411455876e+03
1.777333071411489982e+03
1.777333071411376750e+03
1.777333071411390847e+03
1.777333071411437459e+03
1.777333071411509763e+03
1.777333071411498167e+03
1.777333071411456331e+03
1.777333071411575020e+03
1.777333071411397214e+03
1.777333071411427454e+03
1.777333071411502033e+03
1.777333071411511582e+03
1.777333071411484298e+03
1.777333071411466562e+03
1.777333071411491119e+03
1.777333071411384253e+03
1.777333071411437004e+03
1.777333071411484298e+03
1.777333071411481114e+03
1.777333071411385163e+03
1.777333071411485207e+03
1.777333071411312176e+03
1.777333071411396531e+03
1.777333071411485662e+03
1.777333071411473384e+03
1.777333071411401988e+03
1.777333071411481569e+03
1.777333071411464744e+03
1.777333071411440869e+03
1.777333071411423134e+03
1.777333071411480432e+03
1.777333071411453147e+03
1.777333071411434503e+03
1.777333071411402898e+03
1.777333071411492028e+03
1.777333071411437004e+03
1.777333071411524543e+03
1.777333071411378796e+03
1.777333071411506808e+03
1.777333071411340370e+03
1.777333071411434730e+03
1.777333071411401306e+03
1.777333071411471792e+03
1.777333071411401306e+03
1.777333071411453147e+03
1.777333071411410174e+03
1.777333071411503624e+03
1.777333071411480887e+03
1.777333071411541823e+03
1.777333071411517039e+03
1.777333071411428818e+03
1.777333071411384935e+03
1.777333071411366518e+03
1.777333071411440642e+03
1.777333071411408127e+03
1.777333071411419041e+03
1.777333071411373112e+03
1.777333071411454966e+03
1.777333071411423816e+03
1.777333071411401534e+03
1.777333071411398805e+03
1.777333071411487253e+03
1.777333071411485889e+03
1.777333071411395395e+03
1.777333071411487708e+03
1.777333071411443598e+03
1.777333071411448827e+03
1.777333071411441779e+03
1.777333071411404717e+03
1.777333071411542960e+03
1.777333071411398805e+03
1.777333071411376977e+03
1.777333071411491119e+03
1.777333071411429046e+03
1.777333071411463834e+03
1.777333071411469518e+03
1.777333071411399942e+03
1.777333071411489755e+03
1.777333071411459287e+03
1.777333071411492938e+03
1.777333071411437004e+03
1.777333071411511128e+03
1.777333071411383116e+03
1.777333071411515448e+03
1.777333071411443143e+03
1.777333071411421088e+03
1.777333071411408582e+03
1.777333071411470428e+03
1.777333071411409492e+03
1.777333071411369019e+03
1.777333071411421543e+03
1.777333071411501123e+03
1.777333071411486799e+03
1.777333071411384935e+03
1.777333071411368792e+03
1.777333071411480205e+03
1.777333071411451101e+03
1.777333071411464971e+03
1.777333071411407673e+03
1.777333071411501578e+03
1.777333071411476567e+03
1.777333071411442461e+03
1.777333071411406308e+03
1.777333071411435867e+03
1.777333071411474975e+03
1.777333071411500896e+03
1.777333071411473611e+03
1.777333071411548417e+03
1.777333071411428136e+03
1.777333071411375613e+03
1.777333071411429046e+03
1.777333071411468381e+03
1.777333071411387664e+03
1.777333071411394940e+03
1.777333071411368337e+03
1.777333071411426317e+03
1.777333071411419496e+03
1.777333071411394030e+03
1.777333071411447236e+03
1.777333071411526589e+03
1.777333071411396304e+03
1.777333071411487253e+03
1.777333071411480432e+03
1.777333071411474748e+03
1.777333071411487708e+03
1.777333071411470883e+03
1.777333071411424953e+03
1.777333071411455421e+03
1.777333071411482024e+03
1.777333071411459969e+03
1.777333071411478613e+03
1.777333071411437004e+03
1.777333071411496348e+03
1.777333071411479978e+03
1.777333071411474521e+03
1.777333071411426317e+03
1.777333071411386982e+03
1.777333071411405626e+03
1.777333071411438823e+03
1.777333071411415858e+03
1.777333071411459514e+03
1.777333071411442234e+03
1.777333071411477704e+03
1.777333071411495894e+03
1.777333071411427454e+03
1.777333071411507035e+03
1.777333071411397896e+03
1.777333071411471337e+03
1.777333071411403807e+03
1.777333071411374249e+03
1.777333071411505671e+03
1.777333071411398578e+03
1.777333071411399942e+03
1.777333071411493620e+03
1.777333071411468609e+03
1.777333071411395849e+03
1.777333071411356514e+03
1.777333071411390620e+03
1.777333071411396759e+03
1.777333071411506808e+03
1.777333071411481569e+03
1.777333071411509309e+03
1.777333071411461106e+03
1.777333071411466108e+03
1.777333071411383571e+03
1.777333071411434730e+03
1.777333071411466108e+03
1.777333071411509309e+03
1.777333071411476112e+03
1.777333071411477704e+03
1.777333071411450192e+03
1.777333071411486117e+03
1.777333071411385617e+03
1.777333071411361516e+03
1.777333071411434958e+03
1.777333071411484752e+03
1.777333071411407218e+03
1.777333071411457695e+03
1.777333071411490209e+03
1.777333071411492938e+03
1.777333071411467472e+03
1.777333071411514311e+03
1.777333071411433139e+03
1.777333071411505898e+03
1.777333071411500441e+03
1.777333071411396531e+03
1.777333071411459514e+03
1.777333071411457695e+03
1.777333071411392666e+03
1.777333071411446099e+03
1.777333071411467927e+03
1.777333071411489982e+03
1.777333071411445644e+03
1.777333071411392666e+03
1.777333071411419724e+03
1.777333071411474748e+03
1.777333071411386072e+03
1.777333071411463834e+03
1.777333071411402898e+03
1.777333071411430637e+03
1.777333071411426772e+03
1.777333071411381297e+03
1.777333071411405626e+03
1.777333071411383116e+03
1.777333071411455421e+03
1.777333071411492483e+03
1.777333071411476567e+03
1.777333071411461560e+03
1.777333071411381070e+03
1.777333071411393121e+03
1.777333071411502260e+03
1.777333071411402216e+03
1.777333071411496121e+03
1.777333071411395395e+03
1.777333071411470883e+03
1.777333071411459741e+03
1.777333071411449964e+03
1.777333071411477022e+03
1.777333071411460423e+03
1.777333071411425863e+03
1.777333071411449509e+03
1.777333071411407445e+03
1.777333071411401079e+03
1.777333071411470655e+03
1.777333071411368564e+03
1.777333071411396531e+03
1.777333071411424726e+03
1.777333071411368792e+03
1.777333071411511355e+03
1.777333071411475885e+03
1.777333071411466562e+03
1.777333071411396986e+03
1.777333071411421997e+03
1.777333071411523633e+03
1.777333071411481342e+03
1.777333071411485435e+03
1.777333071411395395e+03
1.777333071411364244e+03
1.777333071411411993e+03
1.777333071411425408e+03
1.777333071411424953e+03
1.777333071411420406e+03
1.777333071411465880e+03
1.777333071411487936e+03
1.777333071411383798e+03
1.777333071411471792e+03
1.777333071411401761e+03
1.777333071411485662e+03
1.777333071411452920e+03
1.777333071411387209e+03
1.777333071411490437e+03
1.777333071411437686e+03
1.777333071411438823e+03
1.777333071411437004e+03
1.777333071411407900e+03
1.777333071411517949e+03
1.777333071411480432e+03
1.777333071411469518e+03
1.777333071411348328e+03
1.777333071411493165e+03
1.777333071411504307e+03
1.777333071411414949e+03
1.777333071411303990e+03
1.777333071411468609e+03
1.777333071411486117e+03
1.777333071411395167e+03
1.777333071411497258e+03
1.777333071411473384e+03
1.777333071411412902e+03
1.777333071411413357e+03
1.777333071411384253e+03
1.777333071411509309e+03
1.777333071411463607e+03
1.777333071411492256e+03
1.777333071411469291e+03
1.777333071411427909e+03
1.777333071411396531e+03
1.777333071411487253e+03
1.777333071411433366e+03
1.777333071411388573e+03
1.777333071411418814e+03
1.777333071411391529e+03
1.777333071411484070e+03
1.777333071411418359e+03
1.777333071411401079e+03
1.777333071411424726e+03
1.777333071411487026e+03
1.777333071411388119e+03
1.777333071411476340e+03
1.777333071411313767e+03
1.777333071411427227e+03
1.777333071411414494e+03
1.777333071411500441e+03
1.777333071411437686e+03
1.777333071411438596e+03
1.777333071411465653e+03
1.777333071411482479e+03
1.777333071411475430e+03
1.777333071411455421e+03
1.777333071411502942e+03
1.777333071411451783e+03
1.777333071411421997e+03
1.777333071411426317e+03
1.777333071411330593e+03
1.777333071411471565e+03
1.777333071411434730e+03
1.777333071411416086e+03
1.777333071411459741e+03
1.777333071411507490e+03
1.777333071411469518e+03
1.777333071411452920e+03
1.777333071411426772e+03
1.777333071411492028e+03
1.777333071411417450e+03
1.777333071411432684e+03
1.777333071411427682e+03
1.777333071411461106e+03
1.777333071411385845e+03
1.777333071411440415e+03
1.777333071411454966e+03
1.777333071411453375e+03
1.777333071411451101e+03
1.777333071411420860e+03
1.777333071411471792e+03
1.777333071411419951e+03
1.777333071411367428e+03
1.777333071411349465e+03
1.777333071411361288e+03
1.777333071411368110e+03
1.777333071411533410e+03
1.777333071411476340e+03
1.777333071411502942e+03
1.777333071411369474e+03
1.777333071411460651e+03
1.777333071411391984e+03
1.777333071411396304e+03
1.777333071411394940e+03
1.777333071411517722e+03
1.777333071411405172e+03
1.777333071411394712e+03
1.777333071411383344e+03
1.777333071411512947e+03
1.777333071411413584e+03
1.777333071411421997e+03
1.777333071411405399e+03
1.777333071411349238e+03
1.777333071411443598e+03
1.777333071411466562e+03
1.777333071411448145e+03
1.777333071411443598e+03
1.777333071411456331e+03
1.777333071411426772e+03
1.777333071411418359e+03
1.777333071411428364e+03
1.777333071411475430e+03
1.777333071411414721e+03
1.777333071411457695e+03
1.777333071411440187e+03
1.777333071411380843e+03
1.777333071411468154e+03
1.777333071411545916e+03
1.777333071411426090e+03
1.777333071411467927e+03
1.777333071411462697e+03
1.777333071411503170e+03
1.777333071411409492e+03
1.777333071411573428e+03
1.777333071411517722e+03
1.777333071411383116e+03
1.777333071411467699e+03
1.777333071411396986e+03
1.777333071411379478e+03
1.777333071411400169e+03
1.777333071411399487e+03
1.777333071411488390e+03
1.777333071411411311e+03
1.777333071411493620e+03
1.777333071411491574e+03
1.777333071411474293e+03
1.777333071411423134e+03
1.777333071411431774e+03
1.777333071411499986e+03
1.777333071411340370e+03
1.777333071411416768e+03
1.777333071411474293e+03
1.777333071411457695e+03
1.777333071411404035e+03
1.777333071411471110e+03
1.777333071411428818e+03
1.777333071411410174e+03
1.777333071411455194e+03
1.777333071411483161e+03
1.777333071411439732e+03
1.777333071411510446e+03
1.777333071411456785e+03
1.777333071411397214e+03
1.777333071411526589e+03
1.777333071411467245e+03
1.777333071411460196e+03
1.777333071411385163e+03
1.777333071411396986e+03
1.777333071411450192e+03
1.777333071411529090e+03
1.777333071411415403e+03
1.777333071411489072e+03
1.777333071411385163e+03
1.777333071411416313e+03
1.777333071411419269e+03
1.777333071411416313e+03
1.777333071411409492e+03
1.777333071411494529e+03
1.777333071411380388e+03
1.777333071411410629e+03
1.777333071411421770e+03
1.777333071411396077e+03
1.777333071411481797e+03
1.777333071411394485e+03
1.777333071411550918e+03
1.777333071411375840e+03
1.777333071411406081e+03
1.777333071411412448e+03
1.777333071411496121e+03
1.777333071411434275e+03
1.777333071411377432e+03
1.777333071411411538e+03
1.777333071411541368e+03
1.777333071411503852e+03
1.777333071411394258e+03
1.777333071411395395e+03
1.777333071411380615e+03
1.777333071411467245e+03
1.777333071411427227e+03
1.777333071411511810e+03
1.777333071411477476e+03
1.777333071411462015e+03
1.777333071411438823e+03
1.777333071411392211e+03
1.777333071411457468e+03
1.777333071411455876e+03
1.777333071411495439e+03
1.777333071411400624e+03
1.777333071411488390e+03
1.777333071411423816e+03
1.777333071411513401e+03
1.777333071411405854e+03
1.777333071411467927e+03
1.777333071411484980e+03
1.777333071411496803e+03
1.777333071411465880e+03
1.777333071411381979e+03
1.777333071411524315e+03
1.777333071411508399e+03
1.777333071411405399e+03
1.777333071411480205e+03
1.777333071411414039e+03
1.777333071411404489e+03
1.777333071411354240e+03
1.777333071411492028e+03
1.777333071411418587e+03
1.777333071411486344e+03
1.777333071411366518e+03
1.777333071411470428e+03
1.777333071411463834e+03
1.777333071411413130e+03
1.777333071411418132e+03
1.777333071411459514e+03
1.777333071411410401e+03
1.777333071411507945e+03
1.777333071411404262e+03
1.777333071411507262e+03
1.777333071411481797e+03
1.777333071411375613e+03
1.777333071411470200e+03
1.777333071411398578e+03
1.777333071411388573e+03
1.777333071411447918e+03
1.777333071411420860e+03
1.777333071411412902e+03
1.777333071411467927e+03
1.777333071411392211e+03
1.777333071411472474e+03
1.777333071411386072e+03
1.777333071411439960e+03
1.777333071411377887e+03
1.777333071411512265e+03
1.777333071411482024e+03
1.777333071411428136e+03
1.777333071411452465e+03
1.777333071411449737e+03
1.777333071411484298e+03
1.777333071411468609e+03
1.777333071411432002e+03
1.777333071411402670e+03
1.777333071411409946e+03
1.777333071411477704e+03
1.777333071411444735e+03
1.777333071411396077e+03
1.777333071411452693e+03
1.777333071411386754e+03
1.777333071411440415e+03
1.777333071411457468e+03
1.777333071411410629e+03
1.777333071411471792e+03
1.777333071411405626e+03
1.777333071411351284e+03
1.777333071411454739e+03
1.777333071411403580e+03
1.777333071411493620e+03
1.777333071411401534e+03
1.777333071411461560e+03
1.777333071411409719e+03
1.777333071411488618e+03
1.777333071411429728e+03
1.777333071411431547e+03
1.777333071411391074e+03
1.777333071411470200e+03
1.777333071411405399e+03
1.777333071411528181e+03
1.777333071411509991e+03
1.777333071411576611e+03
1.777333071411363335e+03
1.777333071411463834e+03
1.777333071411488618e+03
1.777333071411427454e+03
1.777333071411366518e+03
1.777333071411494529e+03
1.777333071411489982e+03
1.777333071411504989e+03
1.777333071411519768e+03
1.777333071411417222e+03
1.777333071411457013e+03
1.777333071411394485e+03
1.777333071411496121e+03
1.777333071411426545e+03
1.777333071411411083e+03
1.777333071411485889e+03
1.777333071411473156e+03
1.777333071411443370e+03
1.777333071411401988e+03
1.777333071411507262e+03
1.777333071411488618e+03
1.777333071411454512e+03
1.777333071411406308e+03
1.777333071411442916e+03
1.777333071411379706e+03
1.777333071411465426e+03
1.777333071411460651e+03
1.777333071411401988e+03
1.777333071411507717e+03
1.777333071411399487e+03
1.777333071411513401e+03
1.777333071411489982e+03
1.777333071411393803e+03
1.777333071411516130e+03
1.777333071411450646e+03
1.777333071411483616e+03
1.777333071411432002e+03
1.777333071411423589e+03
1.777333071411482706e+03
1.777333071411431774e+03
1.777333071411452011e+03
1.777333071411471565e+03
1.777333071411405854e+03
1.777333071411419269e+03
1.777333071411427909e+03
1.777333071411410856e+03
1.777333071411409264e+03
1.777333071411437913e+03
1.777333071411415403e+03
1.777333071411409492e+03
1.777333071411475657e+03
1.777333071411437913e+03
1.777333071411422679e+03
1.777333071411377887e+03
1.777333071411414721e+03
1.777333071411413357e+03
1.777333071411456103e+03
1.777333071411502033e+03
1.777333071411385163e+03
1.777333071411442461e+03
1.777333071411455194e+03
1.777333071411428364e+03
1.777333071411453147e+03
1.777333071411518858e+03
1.777333071411431092e+03
1.777333071411381525e+03
1.777333071411402898e+03
1.777333071411479295e+03
1.777333071411452465e+03
1.777333071411385163e+03
1.777333071411380843e+03
1.777333071411389255e+03
1.777333071411472702e+03
1.777333071411388573e+03
1.777333071411467927e+03
1.777333071411396531e+03
1.777333071411393348e+03
1.777333071411456785e+03
1.777333071411413357e+03
1.777333071411492938e+03
1.777333071411386072e+03
1.777333071411383798e+03
1.777333071411421770e+03
1.777333071411466335e+03
1.777333071411542960e+03
1.777333071411397441e+03
1.777333071411469291e+03
1.777333071411488618e+03
1.777333071411356741e+03
1.777333071411493165e+03
1.777333071411394258e+03
1.777333071411489982e+03
1.777333071411505898e+03
1.777333071411449737e+03
1.777333071411448600e+03
1.777333071411391074e+03
1.777333071411440869e+03
1.777333071411395849e+03
1.777333071411485889e+03
1.777333071411450192e+03
1.777333071411403807e+03
1.777333071411457922e+03
1.777333071411354695e+03
1.777333071411411765e+03
1.777333071411379478e+03
1.777333071411446099e+03
1.777333071411485662e+03
1.777333071411424498e+03
1.777333071411405626e+03
1.777333071411386982e+03
1.777333071411348783e+03
1.777333071411424726e+03
1.777333071411451556e+03
1.777333071411486344e+03
1.777333071411517494e+03
1.777333071411465198e+03
1.777333071411495439e+03
1.777333071411421088e+03
1.777333071411481342e+03
1.777333071411393121e+03
1.777333071411472474e+03
1.777333071411389938e+03
1.777333071411405626e+03
1.777333071411495439e+03
1.777333071411469064e+03
1.777333071411369929e+03
1.777333071411387891e+03
1.777333071411403807e+03
1.777333071411474975e+03
1.777333071411346282e+03
1.777333071411431547e+03
1.777333071411411083e+03
1.777333071411454057e+03
1.777333071411458832e+03
1.777333071411442006e+03
1.777333071411399033e+03
1.777333071411425408e+03
1.777333071411482251e+03
1.777333071411474521e+03
1.777333071411519995e+03
1.777333071411416540e+03
1.777333071411410174e+03
1.777333071411405399e+03
1.777333071411387664e+03
1.777333071411446326e+03
1.777333071411451783e+03
1.777333071411526134e+03
1.777333071411372657e+03
1.777333071411380843e+03
1.777333071411480887e+03
1.777333071411403125e+03
1.777333071411469518e+03
1.777333071411484752e+03
1.777333071411407673e+03
1.777333071411431547e+03
1.777333071411424271e+03
1.777333071411419951e+03
1.777333071411376295e+03
1.777333071411459514e+03
1.777333071411396531e+03
1.777333071411422907e+03
1.777333071411428136e+03
1.777333071411405172e+03
1.777333071411458377e+03
1.777333071411445644e+03
1.777333071411384708e+03
1.777333071411472247e+03
1.777333071411419724e+03
1.777333071411526817e+03
1.777333071411451101e+03
1.777333071411437913e+03
1.777333071411420860e+03
1.777333071411522042e+03
1.777333071411417905e+03
1.777333071411387209e+03
1.777333071411462470e+03
1.777333071411399487e+03
1.777333071411515675e+03
1.777333071411459741e+03
1.777333071411444507e+03
1.777333071411482251e+03
1.777333071411461788e+03
1.777333071411350602e+03
1.777333071411429501e+03
1.777333071411532728e+03
1.777333071411547735e+03
1.777333071411368564e+03
1.777333071411445644e+03
1.777333071411405399e+03
1.777333071411390392e+03
1.777333071411416995e+03
1.777333071411475657e+03
1.777333071411476340e+03
1.777333071411478613e+03
1.777333071411479750e+03
1.777333071411453147e+03
1.777333071411451556e+03
1.777333071411351966e+03
1.777333071411436322e+03
1.777333071411469064e+03
1.777333071411490437e+03
1.777333071411385163e+03
1.777333071411458377e+03
1.777333071411483388e+03
1.777333071411374249e+03
1.777333071411431547e+03
1.777333071411439960e+03
1.777333071411397214e+03
1.777333071411485435e+03
1.777333071411470428e+03
1.777333071411429501e+03
1.777333071411406763e+03
1.777333071411429728e+03
1.777333071411477704e+03
1.777333071411379251e+03
1.777333071411378342e+03
1.777333071411383571e+03
1.777333071411417677e+03
1.777333071411455194e+03
1.777333071411468609e+03
1.777333071411383798e+03
1.777333071411411538e+03
1.777333071411389710e+03
1.777333071411369247e+03
1.777333071411459059e+03
1.777333071411376977e+03
1.777333071411503624e+03
1.777333071411455649e+03
1.777333071411468609e+03
1.777333071411493847e+03
1.777333071411492938e+03
1.777333071411455876e+03
1.777333071411397896e+03
1.777333071411421543e+03
1.777333071411433139e+03
1.777333071411408355e+03
1.777333071411477476e+03
1.777333071411409492e+03
1.777333071411485207e+03
1.777333071411397441e+03
1.777333071411429728e+03
1.777333071411513856e+03
1.777333071411499077e+03
1.777333071411445189e+03
1.777333071411453375e+03
1.777333071411487481e+03
1.777333071411493393e+03
1.777333071411486799e+03
1.777333071411479068e+03
1.777333071411376523e+03
1.777333071411494757e+03
1.777333071411503624e+03
1.777333071411418814e+03
1.777333071411486571e+03
1.777333071411408127e+03
1.777333071411491119e+03
1.777333071411477931e+03
1.777333071411474293e+03
1.777333071411496803e+03
1.777333071411414039e+03
1.777333071411412675e+03
1.777333071411405399e+03
1.777333071411466108e+03
1.777333071411437686e+03
1.777333071411439732e+03
1.777333071411452920e+03
1.777333071411420860e+03
1.777333071411493847e+03
1.777333071411387891e+03
1.777333071411499986e+03
1.777333071411444507e+03
1.777333071411422907e+03
1.777333071411545461e+03
1.777333071411438596e+03
1.777333071411413812e+03
1.777333071411428591e+03
1.777333071411506126e+03
1.777333071411376750e+03
1.777333071411433139e+03
1.777333071411482251e+03
1.777333071411366063e+03
1.777333071411419724e+03
1.777333071411388573e+03
1.777333071411458150e+03
1.777333071411440415e+03
1.777333071411478159e+03
1.777333071411380388e+03
1.777333071411430865e+03
1.777333071411402443e+03
1.777333071411502942e+03
1.777333071411459969e+03
1.777333071411477704e+03
1.777333071411483388e+03
1.777333071411441779e+03
1.777333071411411538e+03
1.777333071411479295e+03
1.777333071411439050e+03
1.777333071411391984e+03
1.777333071411384935e+03
1.777333071411358333e+03
1.777333071411387891e+03
1.777333071411399487e+03
1.777333071411473156e+03
1.777333071411424498e+03
1.777333071411495439e+03
1.777333071411474521e+03
1.777333071411408355e+03
1.777333071411439278e+03
1.777333071411398578e+03
1.777333071411489072e+03
1.777333071411426999e+03
1.777333071411514311e+03
1.777333071411353785e+03
1.777333071411492256e+03
1.777333071411494757e+03
1.777333071411392893e+03
1.777333071411434503e+03
1.777333071411392666e+03
1.777333071411395167e+03
1.777333071411460878e+03
1.777333071411390165e+03
1.777333071411441551e+03
1.777333071411477704e+03
1.777333071411434503e+03
1.777333071411401534e+03
1.777333071411499986e+03
1.777333071411454739e+03
1.777333071411423134e+03
1.777333071411383571e+03
1.777333071411464971e+03
1.777333071411500214e+03
1.777333071411482933e+03
1.777333071411433593e+03
1.777333071411393576e+03
1.777333071411368564e+03
1.777333071411462470e+03
1.777333071411350375e+03
1.777333071411446099e+03
1.777333071411503852e+03
1.777333071411437913e+03
1.777333071411472474e+03
1.777333071411368337e+03
1.777333071411410629e+03
1.777333071411480887e+03
1.777333071411428136e+03
1.777333071411468154e+03
1.777333071411447236e+03
1.777333071411475657e+03
1.777333071411448373e+03
1.777333071411527499e+03
1.777333071411467472e+03
1.777333071411466562e+03
1.777333071411391074e+03
1.777333071411458377e+03
1.777333071411488845e+03
1.777333071411404944e+03
1.777333071411476340e+03
1.777333071411416768e+03
1.777333071411443825e+03
1.777333071411521132e+03
1.777333071411421543e+03
1.777333071411477704e+03
1.777333071411505671e+03
1.777333071411491346e+03
1.777333071411382889e+03
1.777333071411424044e+03
1.777333071411385845e+03
1.777333071411416995e+03
1.777333071411454966e+03
1.777333071411414494e+03
1.777333071411517949e+03
1.777333071411467472e+03
1.777333071411479295e+03
1.777333071411452465e+03
1.777333071411376068e+03
1.777333071411409946e+03
1.777333071411402216e+03
1.777333071411434730e+03
1.777333071411380388e+03
1.777333071411385845e+03
1.777333071411415176e+03
1.777333071411386072e+03
1.777333071411467245e+03
1.777333071411416086e+03
1.777333071411445189e+03
1.777333071411417222e+03
1.777333071411420178e+03
1.777333071411419269e+03
1.777333071411468381e+03
1.777333071411521814e+03
1.777333071411399260e+03
1.777333071411501578e+03
1.777333071411414494e+03
1.777333071411401988e+03
1.777333071411427909e+03
1.777333071411354695e+03
1.777333071411437231e+03
1.777333071411527499e+03
1.777333071411386982e+03
1.777333071411396077e+03
1.777333071411443598e+03
1.777333071411480432e+03
1.777333071411487936e+03
1.777333071411473384e+03
1.777333071411460651e+03
1.777333071411446326e+03
1.777333071411496803e+03
1.777333071411381297e+03
1.777333071411438596e+03
1.777333071411413584e+03
1.777333071411383344e+03
1.777333071411401306e+03
1.777333071411424044e+03
1.777333071411479750e+03
1.777333071411419041e+03
1.777333071411462242e+03
1.777333071411467017e+03
1.777333071411386072e+03
1.777333071411429273e+03
1.777333071411441551e+03
1.777333071411443143e+03
1.777333071411460423e+03
1.777333071411449964e+03
1.777333071411410401e+03
1.777333071411354013e+03
1.777333071411419951e+03
1.777333071411455649e+03
1.777333071411507262e+03
1.777333071411393348e+03
1.777333071411463152e+03
1.777333071411486344e+03
1.777333071411378342e+03
1.777333071411439960e+03
1.777333071411494302e+03
1.777333071411471110e+03
1.777333071411442688e+03
1.777333071411475430e+03
1.777333071411498167e+03
1.777333071411486799e+03
1.777333071411499759e+03
1.777333071411416086e+03
1.777333071411389483e+03
1.777333071411475885e+03
1.777333071411465880e+03
1.777333071411540004e+03
1.777333071411496348e+03
1.777333071411407900e+03
1.777333071411464971e+03
1.777333071411480887e+03
1.777333071411410629e+03
1.777333071411446781e+03
1.777333071411430637e+03
1.777333071411394258e+03
1.777333071411430410e+03
1.777333071411471565e+03
1.777333071411492483e+03
1.777333071411351511e+03
1.777333071411472702e+03
1.777333071411492483e+03
1.777333071411414039e+03
1.777333071411463152e+03
1.777333071411422907e+03
1.777333071411351511e+03
1.777333071411491801e+03
1.777333071411468154e+03
1.777333071411396986e+03
1.777333071411341052e+03
1.777333071411501805e+03
1.777333071411351966e+03
1.777333071411518404e+03
1.777333071411528636e+03
1.777333071411512037e+03
1.777333071411416313e+03
1.777333071411500896e+03
1.777333071411412675e+03
1.777333071411430865e+03
1.777333071411422225e+03
1.777333071411372202e+03
1.777333071411468609e+03
1.777333071411386982e+03
1.777333071411482933e+03
1.777333071411462015e+03
1.777333071411457922e+03
1.777333071411390165e+03
1.777333071411505443e+03
1.777333071411426090e+03
1.777333071411516812e+03
1.777333071411448600e+03
1.777333071411452011e+03
1.777333071411366291e+03
1.777333071411495666e+03
1.777333071411479068e+03
1.777333071411387664e+03
1.777333071411373567e+03
1.777333071411494757e+03
1.777333071411486344e+03
1.777333071411535684e+03
1.777333071411409719e+03
1.777333071411419724e+03
1.777333071411396077e+03
1.777333071411425863e+03
1.777333071411482251e+03
1.777333071411352194e+03
1.777333071411436322e+03
1.777333071411451328e+03
1.777333071411420860e+03
1.777333071411517722e+03
1.777333071411422452e+03
1.777333071411462925e+03
1.777333071411378796e+03
1.777333071411502260e+03
1.777333071411478613e+03
1.777333071411395167e+03
1.777333071411417222e+03
1.777333071411440415e+03
1.777333071411407445e+03
1.777333071411399715e+03
1.777333071411489527e+03
1.777333071411463834e+03
1.777333071411458604e+03
1.777333071411402443e+03
1.777333071411399942e+03
1.777333071411435867e+03
1.777333071411405626e+03
1.777333071411570245e+03
1.777333071411440642e+03
1.777333071411464061e+03
1.777333071411558194e+03
1.777333071411428136e+03
1.777333071411498622e+03
1.777333071411402443e+03
1.777333071411449509e+03
1.777333071411405399e+03
1.777333071411349465e+03
1.777333071411327410e+03
1.777333071411415403e+03
1.777333071411430410e+03
1.777333071411482706e+03
1.777333071411501123e+03
1.777333071411397668e+03
1.777333071411394485e+03
1.777333071411481114e+03
1.777333071411407445e+03
1.777333071411412675e+03
1.777333071411423134e+03
1.777333071411400397e+03
1.777333071411435640e+03
1.777333071411366973e+03
1.777333071411435185e+03
1.777333071411414949e+03
1.777333071411479295e+03
1.777333071411437004e+03
1.777333071411497258e+03
1.777333071411409037e+03
1.777333071411422907e+03
1.777333071411494302e+03
1.777333071411528181e+03
1.777333071411368337e+03
1.777333071411466790e+03
1.777333071411519086e+03
1.777333071411452011e+03
1.777333071411502942e+03
1.777333071411334231e+03
1.777333071411415858e+03
1.777333071411349692e+03
1.777333071411446781e+03
1.777333071411357423e+03
1.777333071411445417e+03
1.777333071411408355e+03
1.777333071411556148e+03
1.777333071411405399e+03
1.777333071411431547e+03
1.777333071411510900e+03
1.777333071411366518e+03
1.777333071411422679e+03
1.777333071411493165e+03
1.777333071411484752e+03
1.777333071411500214e+03
1.777333071411408127e+03
1.777333071411435640e+03
1.777333071411534320e+03
1.777333071411448827e+03
1.777333071411459287e+03
1.777333071411494302e+03
1.777333071411363790e+03
1.777333071411474975e+03
1.777333071411388573e+03
1.777333071411447236e+03
1.777333071411408810e+03
1.777333071411415631e+03
1.777333071411481569e+03
1.777333071411365381e+03
1.777333071411456785e+03
1.777333071411386072e+03
1.777333071411369247e+03
1.777333071411397441e+03
1.777333071411429728e+03
1.777333071411455421e+03
1.777333071411427682e+03
1.777333071411477704e+03
1.777333071411409719e+03
1.777333071411409946e+03
1.777333071411531819e+03
1.777333071411402670e+03
1.777333071411455194e+03
1.777333071411331503e+03
1.777333071411469518e+03
1.777333071411479523e+03
1.777333071411441097e+03
1.777333071411401761e+03
1.777333071411384708e+03
1.777333071411491574e+03
1.777333071411451556e+03
1.777333071411364699e+03
1.777333071411465198e+03
1.777333071411441097e+03
1.777333071411458377e+03
1.777333071411369474e+03
1.777333071411506580e+03
1.777333071411401079e+03
1.777333071411530000e+03
1.777333071411469518e+03
1.777333071411467927e+03
1.777333071411386982e+03
1.777333071411398805e+03
1.777333071411465880e+03
1.777333071411412902e+03
1.777333071411457240e+03
1.777333071411349010e+03
1.777333071411405172e+03
1.777333071411411311e+03
1.777333071411375158e+03
1.777333071411533865e+03
1.777333071411473156e+03
1.777333071411465426e+03
1.777333071411472702e+03
1.777333071411466335e+03
1.777333071411473611e+03
1.777333071411498395e+03
1.777333071411503852e+03
1.777333071411472247e+03
1.777333071411404717e+03
1.777333071411475430e+03
1.777333071411507490e+03
1.777333071411428136e+03
1.777333071411461333e+03
1.777333071411352194e+03
1.777333071411383571e+03
1.777333071411370611e+03
1.777333071411512947e+03
1.777333071411395167e+03
1.777333071411403353e+03
1.777333071411413357e+03
1.777333071411491346e+03
1.777333071411484525e+03
1.777333071411437913e+03
1.777333071411420860e+03
1.777333071411495212e+03
1.777333071411457013e+03
1.777333071411407445e+03
1.777333071411527271e+03
1.777333071411523179e+03
1.777333071411343326e+03
1.777333071411517039e+03
1.777333071411392893e+03
1.777333071411499986e+03
1.777333071411413357e+03
1.777333071411479068e+03
1.777333071411492028e+03
1.777333071411487936e+03
1.777333071411469973e+03
1.777333071411512492e+03
1.777333071411470200e+03
1.777333071411457013e+03
1.777333071411464289e+03
1.777333071411492710e+03
1.777333071411381525e+03
1.777333071411400169e+03
1.777333071411429728e+03
1.777333071411436549e+03
1.777333071411457468e+03
1.777333071411419724e+03
1.777333071411486571e+03
1.777333071411468609e+03
1.777333071411517722e+03
1.777333071411357423e+03
1.777333071411486117e+03
1.777333071411495439e+03
1.777333071411430865e+03
1.777333071411400624e+03
1.777333071411389483e+03
1.777333071411519768e+03
1.777333071411438368e+03
1.777333071411420178e+03
1.777333071411499077e+03
1.777333071411419724e+03
1.777333071411477931e+03
1.777333071411447918e+03
1.777333071411442916e+03
1.777333071411360834e+03
1.777333071411410174e+03
1.777333071411482251e+03
1.777333071411507490e+03
1.777333071411486117e+03
1.777333071411387891e+03
1.777333071411374704e+03
1.777333071411399487e+03
1.777333071411406308e+03
1.777333071411467472e+03
1.777333071411502488e+03
1.777333071411381752e+03
1.777333071411499304e+03
1.777333071411354013e+03
1.777333071411474748e+03
1.777333071411416313e+03
1.777333071411491119e+03
1.777333071411411083e+03
1.777333071411489755e+03
1.777333071411488618e+03
1.777333071411427909e+03
1.777333071411485207e+03
1.777333071411436322e+03
1.777333071411446326e+03
1.777333071411512719e+03
1.777333071411465880e+03
1.777333071411516585e+03
1.777333071411459741e+03
1.777333071411527044e+03
1.777333071411476112e+03
1.777333071411427454e+03
1.777333071411421770e+03
1.777333071411373112e+03
1.777333071411424498e+03
1.777333071411500896e+03
1.777333071411377659e+03
1.777333071411493393e+03
1.777333071411477704e+03
1.777333071411483843e+03
1.777333071411373567e+03
1.777333071411452920e+03
1.777333071411414721e+03
1.777333071411485662e+03
1.777333071411454284e+03
1.777333071411369019e+03
1.777333071411439278e+03
1.777333071411395622e+03
1.777333071411371066e+03
1.777333071411469746e+03
1.777333071411421997e+03
1.777333071411522951e+03
1.777333071411419041e+03
1.777333071411481569e+03
1.777333071411454512e+03
1.777333071411412220e+03
1.777333071411427227e+03
1.777333071411406308e+03
1.777333071411504761e+03
1.777333071411397668e+03
1.777333071411443825e+03
1.777333071411428136e+03
1.777333071411442006e+03
1.777333071411372885e+03
1.777333071411381752e+03
1.777333071411457468e+03
1.777333071411488618e+03
1.777333071411407218e+03
1.777333071411388346e+03
1.777333071411522724e+03
1.777333071411445871e+03
1.777333071411489755e+03
1.777333071411449964e+03
1.777333071411439278e+03
1.777333071411482933e+03
1.777333071411478841e+03
1.777333071411507490e+03
1.777333071411399260e+03
1.777333071411433366e+03
1.777333071411396304e+03
1.777333071411420178e+03
1.777333071411380160e+03
1.777333071411429955e+03
1.777333071411522951e+03
1.777333071411418359e+03
1.777333071411465198e+03
1.777333071411484525e+03
1.777333071411400624e+03
1.777333071411364472e+03
1.777333071411494529e+03
1.777333071411472929e+03
1.777333071411523861e+03
1.777333071411494529e+03
1.777333071411419041e+03
1.777333071411509991e+03
1.777333071411474521e+03
1.777333071411492028e+03
1.777333071411474975e+03
1.777333071411409719e+03
1.777333071411458832e+03
1.777333071411419496e+03
1.777333071411517722e+03
1.777333071411376068e+03
1.777333071411516585e+03
1.777333071411511810e+03
1.777333071411428364e+03
1.777333071411507945e+03
1.777333071411411538e+03
1.777333071411487026e+03
1.777333071411481342e+03
1.777333071411482024e+03
1.777333071411445644e+03
1.777333071411424953e+03
1.777333071411418587e+03
1.777333071411509081e+03
1.777333071411395167e+03
1.777333071411408582e+03
1.777333071411495894e+03
1.777333071411482706e+03
1.777333071411465653e+03
1.777333071411505443e+03
1.777333071411434275e+03
1.777333071411424726e+03
1.777333071411467472e+03
1.777333071411379024e+03
1.777333071411441324e+03
1.777333071411416995e+03
1.777333071411435640e+03
1.777333071411484525e+03
1.777333071411483388e+03
1.777333071411465880e+03
1.777333071411470200e+03
1.777333071411367655e+03
1.777333071411392211e+03
1.777333071411492483e+03
1.777333071411466790e+03
1.777333071411385163e+03
1.777333071411554783e+03
1.777333071411443598e+03
1.777333071411396759e+03
1.777333071411416995e+03
1.777333071411404489e+03
1.777333071411378342e+03
1.777333071411478841e+03
1.777333071411463607e+03
1.777333071411410401e+03
1.777333071411407218e+03
1.777333071411498395e+03
1.777333071411472474e+03
1.777333071411504761e+03
1.777333071411455876e+03
1.777333071411422452e+03
1.777333071411386072e+03
1.777333071411445644e+03
1.777333071411477704e+03
1.777333071411450192e+03
1.777333071411481342e+03
1.777333071411512947e+03
1.777333071411502033e+03
1.777333071411398123e+03
1.777333071411506126e+03
1.777333071411428364e+03
1.777333071411471110e+03
1.777333071411523179e+03
1.777333071411436549e+03
1.777333071411408810e+03
1.777333071411411538e+03
1.777333071411442916e+03
1.777333071411447918e+03
1.777333071411474748e+03
1.777333071411470428e+03
1.777333071411549099e+03
1.777333071411431320e+03
1.777333071411418359e+03
1.777333071411353103e+03
1.777333071411447463e+03
1.777333071411411083e+03
1.777333071411424044e+03
1.777333071411485435e+03
1.777333071411465198e+03
1.777333071411407445e+03
1.777333071411386982e+03
1.777333071411442006e+03
1.777333071411502033e+03
1.777333071411430637e+03
1.777333071411411538e+03
1.777333071411432456e+03
1.777333071411397668e+03
1.777333071411498395e+03
1.777333071411495894e+03
1.777333071411430865e+03
1.777333071411433366e+03
1.777333071411405626e+03
1.777333071411462925e+03
1.777333071411376068e+03
1.777333071411393121e+03
1.777333071411514993e+03
1.777333071411521132e+03
1.777333071411419041e+03
1.777333071411507035e+03
1.777333071411464744e+03
1.777333071411431092e+03
1.777333071411441551e+03
1.777333071411524998e+03
1.777333071411432229e+03
1.777333071411446554e+03
1.777333071411388573e+03
1.777333071411510446e+03
1.777333071411381297e+03
1.777333071411513401e+03
1.777333071411446326e+03
1.777333071411501578e+03
1.777333071411438823e+03
1.777333071411440415e+03
1.777333071411408355e+03
1.777333071411428591e+03
1.777333071411395849e+03
1.777333071411431774e+03
1.777333071411403125e+03
1.777333071411405399e+03
1.777333071411411765e+03
1.777333071411470655e+03
1.777333071411466562e+03
1.777333071411421543e+03
1.777333071411424726e+03
1.777333071411386072e+03
1.777333071411486571e+03
1.777333071411384481e+03
1.777333071411457922e+03
1.777333071411509309e+03
1.777333071411416313e+03
1.777333071411462015e+03
1.777333071411425863e+03
1.777333071411476112e+03
1.777333071411456785e+03
1.777333071411391074e+03
1.777333071411448373e+03
1.777333071411488390e+03
1.777333071411396077e+03
1.777333071411397896e+03
1.777333071411459514e+03
1.777333071411533410e+03
1.777333071411384253e+03
1.777333071411417677e+03
1.777333071411407218e+03
1.777333071411421543e+03
1.777333071411399033e+03
1.777333071411363790e+03
1.777333071411455421e+03
1.777333071411487708e+03
1.777333071411369929e+03
1.777333071411459514e+03
1.777333071411411765e+03
1.777333071411427227e+03
1.777333071411385617e+03
1.777333071411500441e+03
1.777333071411504534e+03
1.777333071411466790e+03
1.777333071411507490e+03
1.777333071411559786e+03
1.777333071411450646e+03
1.777333071411421997e+03
1.777333071411383116e+03
1.777333071411478386e+03
1.777333071411479523e+03
1.777333071411442234e+03
1.777333071411457013e+03
1.777333071411420860e+03
1.777333071411420633e+03
1.777333071411374476e+03
1.777333071411387891e+03
1.777333071411483616e+03
1.777333071411374476e+03
1.777333071411442006e+03
1.777333071411366518e+03
1.777333071411428364e+03
1.777333071411483616e+03
1.777333071411328774e+03
1.777333071411469746e+03
1.777333071411408810e+03
1.777333071411444053e+03
1.777333071411477476e+03
1.777333071411399033e+03
1.777333071411532956e+03
1.777333071411441779e+03
1.777333071411494984e+03
1.777333071411430183e+03
1.777333071411497940e+03
1.777333071411345145e+03
1.777333071411396986e+03
1.777333071411524315e+03
1.777333071411404262e+03
1.777333071411476567e+03
1.777333071411500441e+03
1.777333071411401079e+03
1.777333071411536594e+03
1.777333071411374931e+03
1.777333071411417905e+03
1.777333071411504079e+03
1.777333071411387664e+03
1.777333071411502942e+03
1.777333071411510900e+03
1.777333071411448600e+03
1.777333071411455194e+03
1.777333071411457240e+03
1.777333071411520223e+03
1.777333071411460878e+03
1.777333071411462697e+03
1.777333071411462925e+03
1.777333071411523406e+03
1.777333071411386754e+03
1.777333071411440869e+03
1.777333071411394940e+03
1.777333071411400624e+03
1.777333071411472702e+03
1.777333071411376523e+03
1.777333071411366063e+03
1.777333071411447236e+03
1.777333071411417905e+03
1.777333071411486117e+03
1.777333071411393348e+03
1.777333071411404035e+03
1.777333071411454966e+03
1.777333071411443825e+03
1.777333071411378569e+03
1.777333071411472247e+03
1.777333071411395395e+03
1.777333071411457240e+03
1.777333071411462697e+03
1.777333071411474521e+03
1.777333071411469973e+03
1.777333071411414494e+03
1.777333071411425180e+03
1.777333071411377205e+03
1.777333071411516130e+03
1.777333071411413357e+03
1.777333071411444507e+03
1.777333071411368792e+03
1.777333071411441097e+03
1.777333071411407673e+03
1.777333071411501578e+03
1.777333071411487708e+03
1.777333071411394485e+03
1.777333071411453602e+03
1.777333071411455876e+03
1.777333071411417677e+03
1.777333071411423816e+03
1.777333071411521132e+03
1.777333071411473611e+03
1.777333071411418587e+03
1.777333071411525452e+03
1.777333071411470200e+03
1.777333071411513174e+03
1.777333071411379251e+03
1.777333071411460651e+03
1.777333071411394258e+03
1.777333071411445417e+03
1.777333071411384026e+03
1.777333071411447008e+03
1.777333071411410174e+03
1.777333071411390392e+03
1.777333071411481797e+03
1.777333071411507490e+03
1.777333071411392211e+03
1.777333071411486344e+03
1.777333071411459741e+03
1.777333071411452011e+03
1.777333071411404035e+03
1.777333071411467927e+03
1.777333071411392893e+03
1.777333071411506580e+03
1.777333071411456785e+03
1.777333071411459059e+03
1.777333071411464289e+03
1.777333071411465880e+03
1.777333071411497940e+03
1.777333071411367655e+03
1.777333071411433366e+03
1.777333071411434048e+03
1.777333071411291712e+03
1.777333071411398123e+03
1.777333071411429955e+03
1.777333071411380843e+03
1.777333071411520223e+03
1.777333071411490891e+03
1.777333071411416313e+03
1.777333071411466790e+03
1.777333071411487026e+03
1.777333071411476340e+03
1.777333071411482706e+03
1.777333071411396531e+03
1.777333071411468154e+03
1.777333071411416768e+03
1.777333071411427682e+03
1.777333071411371520e+03
1.777333071411479750e+03
1.777333071411411311e+03
1.777333071411487481e+03
1.777333071411472474e+03
1.777333071411417905e+03
1.777333071411348328e+03
1.777333071411415631e+03
1.777333071411422452e+03
1.777333071411469973e+03
1.777333071411394712e+03
1.777333071411498395e+03
1.777333071411427454e+03
1.777333071411392211e+03
1.777333071411517494e+03
1.777333071411420178e+03
1.777333071411390392e+03
1.777333071411479750e+03
1.777333071411467245e+03
1.777333071411437459e+03
1.777333071411422225e+03
1.777333071411504307e+03
1.777333071411510218e+03
1.777333071411408810e+03
1.777333071411430183e+03
1.777333071411329456e+03
1.777333071411357651e+03
1.777333071411379251e+03
1.777333071411451783e+03
1.777333071411381525e+03
1.777333071411496348e+03
1.777333071411416313e+03
1.777333071411490664e+03
1.777333071411364017e+03
1.777333071411386300e+03
1.777333071411397214e+03
1.777333071411382889e+03
1.777333071411351966e+03
1.777333071411468836e+03
1.777333071411414267e+03
1.777333071411459059e+03
1.777333071411379706e+03
1.777333071411466790e+03
1.777333071411371975e+03
1.777333071411425863e+03
1.777333071411566152e+03
1.777333071411526589e+03
1.777333071411447463e+03
1.777333071411457922e+03
1.777333071411381525e+03
1.777333071411503624e+03
1.777333071411456558e+03
1.777333071411410401e+03
1.777333071411417677e+03
1.777333071411453147e+03
1.777333071411406081e+03
1.777333071411406763e+03
1.777333071411446781e+03
1.777333071411503624e+03
1.777333071411426545e+03
1.777333071411390620e+03
1.777333071411390847e+03
1.777333071411464516e+03
1.777333071411414949e+03
1.777333071411509309e+03
1.777333071411399033e+03
1.777333071411419724e+03
1.777333071411473384e+03
1.777333071411379933e+03
1.777333071411432229e+03
1.777333071411392666e+03
1.777333071411462470e+03
1.777333071411377659e+03
1.777333071411390620e+03
1.777333071411358787e+03
1.777333071411360152e+03
1.777333071411401761e+03
1.777333071411421315e+03
1.777333071411426317e+03
1.777333071411424044e+03
1.777333071411467927e+03
1.777333071411361061e+03
1.777333071411474975e+03
1.777333071411417450e+03
1.777333071411412220e+03
1.777333071411413130e+03
1.777333071411400397e+03
1.777333071411458150e+03
1.777333071411419041e+03
1.777333071411320361e+03
1.777333071411499077e+03
1.777333071411426317e+03
1.777333071411420406e+03
1.777333071411441779e+03
1.777333071411474975e+03
1.777333071411485207e+03
1.777333071411424044e+03
1.777333071411409264e+03
1.777333071411396986e+03
1.777333071411406308e+03
1.777333071411400624e+03
1.777333071411442688e+03
1.777333071411489300e+03
1.777333071411447918e+03
1.777333071411532728e+03
1.777333071411376068e+03
1.777333071411485662e+03
1.777333071411414949e+03
1.777333071411403353e+03
1.777333071411412675e+03
1.777333071411441324e+03
1.777333071411411765e+03
1.777333071411467017e+03
1.777333071411476794e+03
1.777333071411495439e+03
1.777333071411454057e+03
1.777333071411459514e+03
1.777333071411490664e+03
1.777333071411477476e+03
1.777333071411383798e+03
1.777333071411467472e+03
1.777333071411480432e+03
1.777333071411449964e+03
1.777333071411483843e+03
1.777333071411479295e+03
1.777333071411429955e+03
1.777333071411509309e+03
1.777333071411479750e+03
1.777333071411400624e+03
1.777333071411459741e+03
1.777333071411508627e+03
1.777333071411442006e+03
1.777333071411438823e+03
1.777333071411482024e+03
1.777333071411395395e+03
1.777333071411373339e+03
1.777333071411374931e+03
1.777333071411497258e+03
1.777333071411456103e+03
1.777333071411371975e+03
1.777333071411410629e+03
1.777333071411419041e+03
1.777333071411432229e+03
1.777333071411450874e+03
1.777333071411398805e+03
1.777333071411463152e+03
1.777333071411394258e+03
1.777333071411491801e+03
1.777333071411424726e+03
1.777333071411432456e+03
1.777333071411384708e+03
1.777333071411504761e+03
1.777333071411457240e+03
1.777333071411426545e+03
1.777333071411391074e+03
1.777333071411552055e+03
1.777333071411448827e+03
1.777333071411453602e+03
1.777333071411492028e+03
1.777333071411446099e+03
1.777333071411353330e+03
1.777333071411451556e+03
1.777333071411451328e+03
1.777333071411423134e+03
1.777333071411526362e+03
1.777333071411422225e+03
1.777333071411430865e+03
1.777333071411389255e+03
1.777333071411466335e+03
1.777333071411419724e+03
1.777333071411461333e+03
1.777333071411446554e+03
1.777333071411482479e+03
1.777333071411450874e+03
1.777333071411365154e+03
1.777333071411484070e+03
1.777333071411452238e+03
1.777333071411444735e+03
1.777333071411414494e+03
1.777333071411373112e+03
1.777333071411391984e+03
1.777333071411484298e+03
1.777333071411405172e+03
1.777333071411454739e+03
1.777333071411518631e+03
1.777333071411485889e+03
1.777333071411462470e+03
1.777333071411457240e+03
1.777333071411418587e+03
1.777333071411374931e+03
1.777333071411421543e+03
1.777333071411311039e+03
1.777333071411341734e+03
1.777333071411457013e+03
1.777333071411391757e+03
1.777333071411474066e+03
1.777333071411409492e+03
1.777333071411487708e+03
1.777333071411494075e+03
1.777333071411464971e+03
1.777333071411460423e+03
1.777333071411555238e+03
1.777333071411451328e+03
1.777333071411404035e+03
1.777333071411434730e+03
1.777333071411436777e+03
1.777333071411411993e+03
1.777333071411383344e+03
1.777333071411383344e+03
1.777333071411479295e+03
1.777333071411444053e+03
1.777333071411420178e+03
1.777333071411455876e+03
1.777333071411384708e+03
1.777333071411383798e+03
1.777333071411543187e+03
1.777333071411405626e+03
1.777333071411450874e+03
1.777333071411397668e+03
1.777333071411398578e+03
1.777333071411470883e+03
1.777333071411498850e+03
1.777333071411426999e+03
1.777333071411403353e+03
1.777333071411460878e+03
1.777333071411527953e+03
1.777333071411409037e+03
1.777333071411499759e+03
1.777333071411434048e+03
1.777333071411535684e+03
1.777333071411421088e+03
1.777333071411436549e+03
1.777333071411407218e+03
1.777333071411394258e+03
1.777333071411388573e+03
1.777333071411385390e+03
1.777333071411398123e+03
1.777333071411426090e+03
1.777333071411548190e+03
1.777333071411393803e+03
1.777333071411350147e+03
1.777333071411471565e+03
1.777333071411462470e+03
1.777333071411458604e+03
1.777333071411450874e+03
1.777333071411507262e+03
1.777333071411382207e+03
1.777333071411492483e+03
1.777333071411434958e+03
1.777333071411403580e+03
1.777333071411464971e+03
1.777333071411447690e+03
1.777333071411383798e+03
1.777333071411409719e+03
1.777333071411361743e+03
1.777333071411386754e+03
1.777333071411517267e+03
1.777333071411397441e+03
1.777333071411399033e+03
1.777333071411452920e+03
1.777333071411450646e+03
1.777333071411419496e+03
1.777333071411456103e+03
1.777333071411384708e+03
1.777333071411366063e+03
1.777333071411461333e+03
1.777333071411380160e+03
1.777333071411416540e+03
1.777333071411407218e+03
1.777333071411387664e+03
1.777333071411419951e+03
1.777333071411484298e+03
1.777333071411456785e+03
1.777333071411409264e+03
1.777333071411383344e+03
1.777333071411427227e+03
1.777333071411394258e+03
1.777333071411383344e+03
1.777333071411402670e+03
1.777333071411419496e+03
1.777333071411551600e+03
1.777333071411438141e+03
1.777333071411438823e+03
1.777333071411457922e+03
1.777333071411499304e+03
1.777333071411444962e+03
1.777333071411391984e+03
1.777333071411468609e+03
1.777333071411481569e+03
1.777333071411450646e+03
1.777333071411399487e+03
1.777333071411533410e+03
1.777333071411484298e+03
1.777333071411414267e+03
1.777333071411463152e+03
1.777333071411413812e+03
1.777333071411386072e+03
1.777333071411455876e+03
1.777333071411405626e+03
1.777333071411462697e+03
1.777333071411381979e+03
1.777333071411489982e+03
1.777333071411457240e+03
1.777333071411482024e+03
1.777333071411484525e+03
1.777333071411412220e+03
1.777333071411414494e+03
1.777333071411508399e+03
1.777333071411378569e+03
1.777333071411382662e+03
1.777333071411498395e+03
1.777333071411467245e+03
1.777333071411412902e+03
1.777333071411468154e+03
1.777333071411531591e+03
1.777333071411426545e+03
1.777333071411367882e+03
1.777333071411393803e+03
1.777333071411539095e+03
1.777333071411478841e+03
1.777333071411416086e+03
1.777333071411464516e+03
1.777333071411420406e+03
1.777333071411400852e+03
1.777333071411446099e+03
1.777333071411357878e+03
1.777333071411481797e+03
1.777333071411444053e+03
1.777333071411478386e+03
1.777333071411439505e+03
1.777333071411455876e+03
1.777333071411429046e+03
1.777333071411545916e+03
1.777333071411404717e+03
1.777333071411471337e+03
1.777333071411478159e+03
1.777333071411427227e+03
1.777333071411448600e+03
1.777333071411409719e+03
1.777333071411463379e+03
1.777333071411386072e+03
1.777333071411404262e+03
1.777333071411351511e+03
1.777333071411463379e+03
1.777333071411434048e+03
1.777333071411399942e+03
1.777333071411359242e+03
1.777333071411479295e+03
1.777333071411409492e+03
1.777333071411368564e+03
1.777333071411365154e+03
1.777333071411452920e+03
1.777333071411442006e+03
1.777333071411418359e+03
1.777333071411424044e+03
1.777333071411492710e+03
1.777333071411444280e+03
1.777333071411402670e+03
1.777333071411365836e+03
1.777333071411487253e+03
1.777333071411450874e+03
1.777333071411502260e+03
1.777333071411455421e+03
1.777333071411433366e+03
1.777333071411489755e+03
1.777333071411390165e+03
1.777333071411376068e+03
1.777333071411356741e+03
1.777333071411398123e+03
1.777333071411489527e+03
1.777333071411436094e+03
1.777333071411351966e+03
1.777333071411381979e+03
1.777333071411513174e+03
1.777333071411515903e+03
1.777333071411391757e+03
1.777333071411544097e+03
1.777333071411443598e+03
1.777333071411434503e+03
1.777333071411438596e+03
1.777333071411442006e+03
1.777333071411475885e+03
1.777333071411471110e+03
1.777333071411444735e+03
1.777333071411389710e+03
1.777333071411496576e+03
1.777333071411465880e+03
1.777333071411373794e+03
1.777333071411494075e+03
1.777333071411500669e+03
1.777333071411466108e+03
1.777333071411468154e+03
1.777333071411448145e+03
1.777333071411433593e+03
1.777333071411512037e+03
1.777333071411423361e+03
1.777333071411470200e+03
1.777333071411528181e+03
1.777333071411465426e+03
1.777333071411460878e+03
1.777333071411432229e+03
1.777333071411394258e+03
1.777333071411410174e+03
1.777333071411368564e+03
1.777333071411418814e+03
1.777333071411490437e+03
1.777333071411396986e+03
1.777333071411531137e+03
1.777333071411401306e+03
1.777333071411526362e+03
1.777333071411464061e+03
1.777333071411472474e+03
1.777333071411381752e+03
1.777333071411369701e+03
1.777333071411448373e+03
1.777333071411496348e+03
1.777333071411448827e+03
1.777333071411394258e+03
1.777333071411520223e+03
1.777333071411393348e+03
1.777333071411547508e+03
1.777333071411377432e+03
1.777333071411417677e+03
1.777333071411421543e+03
1.777333071411477249e+03
1.777333071411401988e+03
1.777333071411507717e+03
1.777333071411450419e+03
1.777333071411462470e+03
1.777333071411374021e+03
1.777333071411407673e+03
1.777333071411469518e+03
1.777333071411409719e+03
1.777333071411415176e+03
1.777333071411487481e+03
1.777333071411465653e+03
1.777333071411491346e+03
1.777333071411522269e+03
1.777333071411371975e+03
1.777333071411391302e+03
1.777333071411416086e+03
1.777333071411422679e+03
1.777333071411386300e+03
1.777333071411475885e+03
1.777333071411524998e+03
1.777333071411430410e+03
1.777333071411407445e+03
1.777333071411414721e+03
1.777333071411385617e+03
1.777333071411472702e+03
1.777333071411500214e+03
1.777333071411420860e+03
1.777333071411514084e+03
1.777333071411509309e+03
1.777333071411461333e+03
1.777333071411481569e+03
1.777333071411444735e+03
1.777333071411414494e+03
1.777333071411493620e+03
1.777333071411450419e+03
1.777333071411393121e+03
1.777333071411372885e+03
1.777333071411411311e+03
1.777333071411532728e+03
1.777333071411466790e+03
1.777333071411490664e+03
1.777333071411412448e+03
1.777333071411501123e+03
1.777333071411504989e+03
1.777333071411451328e+03
1.777333071411479523e+03
1.777333071411447236e+03
1.777333071411481342e+03
1.777333071411461560e+03
1.777333071411525907e+03
1.777333071411440642e+03
1.777333071411488845e+03
1.777333071411459969e+03
1.777333071411373339e+03
1.777333071411457013e+03
1.777333071411402898e+03
1.777333071411416086e+03
1.777333071411455194e+03
1.777333071411504761e+03
1.777333071411444962e+03
1.777333071411383798e+03
1.777333071411428136e+03
1.777333071411462697e+03
1.777333071411462015e+03
1.777333071411385845e+03
1.777333071411416086e+03
1.777333071411481797e+03
1.777333071411497713e+03
1.777333071411452011e+03
1.777333071411401761e+03
1.777333071411405399e+03
1.777333071411351966e+03
1.777333071411411311e+03
1.777333071411389028e+03
1.777333071411462242e+03
1.777333071411375158e+03
1.777333071411402443e+03
1.777333071411389028e+03
1.777333071411439505e+03
1.777333071411406308e+03
1.777333071411390392e+03
1.777333071411461788e+03
1.777333071411491574e+03
1.777333071411492483e+03
1.777333071411449509e+03
1.777333071411422452e+03
1.777333071411467927e+03
1.777333071411377659e+03
1.777333071411419269e+03
1.777333071411390847e+03
1.777333071411424271e+03
1.777333071411431774e+03
1.777333071411443143e+03
1.777333071411489527e+03
1.777333071411463834e+03
1.777333071411417222e+03
1.777333071411410856e+03
1.777333071411424271e+03
1.777333071411423589e+03
1.777333071411404262e+03
1.777333071411431774e+03
1.777333071411466790e+03
1.777333071411403125e+03
1.777333071411407900e+03
1.777333071411391984e+03
1.777333071411477476e+03
1.777333071411398350e+03
1.777333071411440415e+03
1.777333071411382434e+03
1.777333071411501805e+03
1.777333071411413584e+03
1.777333071411394258e+03
1.777333071411477704e+03
1.777333071411478159e+03
1.777333071411446554e+03
1.777333071411425408e+03
1.777333071411485435e+03
1.777333071411499759e+03
1.777333071411356741e+03
1.777333071411513629e+03
1.777333071411474066e+03
1.777333071411409719e+03
1.777333071411454284e+03
1.777333071411385845e+03
1.777333071411351057e+03
1.777333071411427227e+03
1.777333071411477704e+03
1.777333071411472019e+03
1.777333071411491346e+03
1.777333071411450192e+03
1.777333071411478841e+03
1.777333071411472474e+03
1.777333071411415403e+03
1.777333071411440415e+03
1.777333071411414949e+03
1.777333071411439960e+03
1.777333071411411765e+03
1.777333071411483388e+03
1.777333071411442234e+03
1.777333071411483843e+03
1.777333071411489072e+03
1.777333071411487253e+03
1.777333071411430865e+03
1.777333071411487708e+03
1.777333071411419951e+03
1.777333071411485889e+03
1.777333071411523633e+03
1.777333071411402216e+03
1.777333071411479523e+03
1.777333071411469973e+03
1.777333071411537730e+03
1.777333071411457695e+03
1.777333071411457468e+03
1.777333071411384026e+03
1.777333071411508854e+03
1.777333071411414267e+03
1.777333071411377659e+03
1.777333071411482479e+03
1.777333071411463152e+03
1.777333071411451328e+03
1.777333071411532956e+03
1.777333071411406763e+03
1.777333071411386300e+03
1.777333071411421315e+03
1.777333071411372202e+03
1.777333071411503624e+03
1.777333071411459969e+03
1.777333071411416995e+03
1.777333071411394940e+03
1.777333071411406763e+03
1.777333071411511582e+03
1.777333071411494075e+03
1.777333071411462242e+03
1.777333071411497940e+03
1.777333071411409946e+03
1.777333071411453602e+03
1.777333071411394712e+03
1.777333071411543870e+03
1.777333071411536594e+03
1.777333071411386982e+03
1.777333071411416313e+03
1.777333071411474975e+03
1.777333071411491346e+03
1.777333071411475430e+03
1.777333071411404262e+03
1.777333071411467017e+03
1.777333071411438368e+03
1.777333071411392211e+03
1.777333071411476567e+03
1.777333071411362425e+03
1.777333071411487708e+03
1.777333071411412675e+03
1.777333071411351511e+03
1.777333071411472702e+03
1.777333071411384253e+03
1.777333071411393803e+03
1.777333071411445189e+03
1.777333071411410856e+03
1.777333071411505898e+03
1.777333071411482933e+03
1.777333071411420633e+03
1.777333071411481797e+03
1.777333071411397896e+03
1.777333071411482479e+03
1.777333071411411993e+03
1.777333071411492256e+03
1.777333071411483843e+03
1.777333071411470200e+03
1.777333071411409264e+03
1.777333071411401079e+03
1.777333071411354922e+03
1.777333071411404262e+03
1.777333071411445644e+03
1.777333071411509763e+03
1.777333071411456785e+03
1.777333071411378796e+03
1.777333071411406081e+03
1.777333071411408127e+03
1.777333071411437459e+03
1.777333071411402898e+03
1.777333071411329911e+03
1.777333071411434048e+03
1.777333071411435867e+03
1.777333071411400169e+03
1.777333071411420860e+03
1.777333071411456785e+03
1.777333071411485662e+03
1.777333071411404717e+03
1.777333071411540914e+03
1.777333071411456558e+03
1.777333071411457240e+03
1.777333071411458377e+03
1.777333071411486344e+03
1.777333071411437913e+03
1.777333071411522042e+03
1.777333071411378114e+03
1.777333071411406763e+03
1.777333071411373339e+03
1.777333071411508627e+03
1.777333071411411311e+03
1.777333071411374931e+03
1.777333071411414721e+03
1.777333071411416768e+03
1.777333071411429046e+03
1.777333071411481569e+03
1.777333071411410629e+03
1.777333071411413130e+03
1.777333071411406763e+03
1.777333071411500441e+03
1.777333071411479978e+03
1.777333071411440869e+03
1.777333071411460423e+03
1.777333071411393348e+03
1.777333071411427682e+03
1.777333071411501578e+03
1.777333071411481114e+03
1.777333071411445189e+03
1.777333071411408582e+03
1.777333071411470655e+03
1.777333071411489982e+03
1.777333071411499304e+03
1.777333071411412448e+03
1.777333071411474066e+03
1.777333071411501805e+03
1.777333071411507945e+03
1.777333071411398805e+03
1.777333071411380843e+03
1.777333071411473384e+03
1.777333071411433139e+03
1.777333071411450419e+03
1.777333071411411538e+03
1.777333071411491801e+03
1.777333071411462470e+03
1.777333071411377887e+03
1.777333071411531819e+03
1.777333071411467699e+03
1.777333071411376977e+03
1.777333071411492710e+03
1.777333071411469064e+03
1.777333071411429046e+03
1.777333071411473611e+03
1.777333071411472474e+03
1.777333071411376750e+03
1.777333071411470428e+03
1.777333071411468609e+03
1.777333071411465880e+03
1.777333071411434730e+03
1.777333071411471110e+03
1.777333071411379024e+03
1.777333071411440415e+03
1.777333071411435185e+03
1.777333071411440869e+03
1.777333071411362880e+03
1.777333071411479295e+03
1.777333071411419724e+03
1.777333071411483161e+03
1.777333071411481342e+03
1.777333071411416313e+03
1.777333071411513174e+03
1.777333071411406308e+03
1.777333071411392439e+03
1.777333071411456331e+03
1.777333071411428591e+03
1.777333071411472474e+03
1.777333071411428818e+03
1.777333071411479978e+03
1.777333071411410401e+03
1.777333071411534547e+03
1.777333071411424271e+03
1.777333071411480660e+03
1.777333071411502033e+03
1.777333071411379024e+03
1.777333071411392666e+03
1.777333071411407445e+03
1.777333071411382662e+03
1.777333071411405172e+03
1.777333071411518631e+03
1.777333071411409719e+03
1.777333071411449509e+03
1.777333071411487481e+03
1.777333071411399260e+03
1.777333071411492028e+03
1.777333071411401534e+03
1.777333071411418814e+03
1.777333071411432911e+03
1.777333071411383798e+03
1.777333071411401761e+03
1.777333071411401761e+03
1.777333071411455876e+03
1.777333071411414494e+03
1.777333071411350602e+03
1.777333071411498850e+03
1.777333071411385617e+03
1.777333071411488163e+03
1.777333071411460878e+03
1.777333071411453375e+03
1.777333071411405854e+03
1.777333071411397214e+03
1.777333071411512265e+03
1.777333071411456331e+03
1.777333071411506808e+03
1.777333071411465880e+03
1.777333071411496803e+03
1.777333071411416540e+03
1.777333071411382207e+03
1.777333071411389710e+03
1.777333071411452011e+03
1.777333071411511582e+03
1.777333071411401988e+03
1.777333071411391302e+03
1.777333071411548190e+03
1.777333071411464289e+03
1.777333071411476794e+03
1.777333071411404035e+03
1.777333071411528408e+03
1.777333071411402670e+03
1.777333071411497713e+03
1.777333071411506126e+03
1.777333071411477249e+03
1.777333071411489982e+03
1.777333071411413584e+03
1.777333071411459741e+03
1.777333071411395622e+03
1.777333071411442006e+03
1.777333071411390392e+03
1.777333071411395167e+03
1.777333071411418359e+03
1.777333071411501805e+03
1.777333071411471565e+03
1.777333071411390620e+03
1.777333071411408810e+03
1.777333071411417222e+03
1.777333071411532501e+03
1.777333071411369019e+03
1.777333071411451556e+03
1.777333071411428136e+03
1.777333071411399260e+03
1.777333071411484752e+03
1.777333071411340370e+03
1.777333071411488618e+03
1.777333071411477022e+03
1.777333071411467245e+03
1.777333071411376750e+03
1.777333071411512265e+03
1.777333071411388346e+03
1.777333071411459287e+03
1.777333071411459059e+03
1.777333071411436322e+03
1.777333071411469973e+03
1.777333071411405172e+03
1.777333071411363790e+03
1.777333071411547508e+03
1.777333071411423816e+03
1.777333071411374476e+03
1.777333071411445189e+03
1.777333071411489982e+03
1.777333071411479523e+03
1.777333071411488390e+03
1.777333071411442461e+03
1.777333071411434958e+03
1.777333071411352421e+03
1.777333071411380615e+03
1.777333071411436549e+03
1.777333071411439050e+03
1.777333071411398805e+03
1.777333071411354695e+03
1.777333071411509763e+03
1.777333071411425635e+03
1.777333071411366518e+03
1.777333071411381070e+03
1.777333071411476340e+03
1.777333071411387436e+03
1.777333071411379706e+03
1.777333071411484525e+03
1.777333071411476340e+03
1.777333071411412675e+03
1.777333071411472019e+03
1.777333071411531137e+03
1.777333071411413584e+03
1.777333071411433821e+03
1.777333071411399260e+03
1.777333071411392666e+03
1.777333071411530909e+03
1.777333071411419269e+03
1.777333071411471110e+03
1.777333071411397441e+03
1.777333071411481569e+03
1.777333071411489072e+03
1.777333071411470428e+03
1.777333071411437004e+03
1.777333071411365381e+03
1.777333071411506126e+03
1.777333071411392211e+03
1.777333071411392439e+03
1.777333071411472702e+03
1.777333071411351284e+03
1.777333071411378114e+03
1.777333071411453830e+03
1.777333071411471792e+03
1.777333071411437686e+03
1.777333071411385617e+03
1.777333071411464289e+03
1.777333071411429501e+03
1.777333071411473611e+03
1.777333071411461560e+03
1.777333071411418359e+03
1.777333071411374021e+03
1.777333071411379933e+03
1.777333071411527499e+03
1.777333071411368564e+03
1.777333071411391302e+03
1.777333071411413357e+03
1.777333071411526362e+03
1.777333071411408127e+03
1.777333071411494302e+03
1.777333071411399260e+03
1.777333071411404489e+03
1.777333071411411993e+03
1.777333071411391302e+03
1.777333071411444962e+03
1.777333071411410401e+03
1.777333071411376295e+03
1.777333071411498622e+03
1.777333071411407218e+03
1.777333071411478159e+03
1.777333071411415176e+03
1.777333071411434048e+03
1.777333071411467699e+03
1.777333071411473611e+03
1.777333071411516130e+03
1.777333071411486117e+03
1.777333071411457013e+03
1.777333071411423816e+03
1.777333071411460423e+03
1.777333071411507717e+03
1.777333071411448145e+03
1.777333071411403353e+03
1.777333071411377205e+03
1.777333071411380160e+03
1.777333071411380160e+03
1.777333071411388801e+03
1.777333071411408582e+03
1.777333071411391074e+03
1.777333071411382662e+03
1.777333071411415631e+03
1.777333071411512037e+03
1.777333071411369247e+03
1.777333071411512265e+03
1.777333071411412220e+03
1.777333071411413584e+03
1.777333071411398578e+03
1.777333071411492483e+03
1.777333071411368564e+03
1.777333071411481114e+03
1.777333071411508399e+03
1.777333071411439505e+03
1.777333071411388573e+03
1.777333071411570245e+03
1.777333071411557285e+03
1.777333071411488845e+03
1.777333071411500441e+03
1.777333071411475885e+03
1.777333071411429728e+03
1.777333071411394258e+03
1.777333071411471110e+03
1.777333071411454057e+03
1.777333071411397441e+03
1.777333071411375840e+03
1.777333071411374021e+03
1.777333071411467245e+03
1.777333071411480432e+03
1.777333071411385163e+03
1.777333071411433366e+03
1.777333071411422225e+03
1.777333071411438596e+03
1.777333071411456558e+03
1.777333071411529772e+03
1.777333071411358560e+03
1.777333071411478613e+03
1.777333071411464516e+03
1.777333071411391074e+03
1.777333071411400169e+03
1.777333071411406308e+03
1.777333071411427909e+03
1.777333071411497940e+03
1.777333071411476794e+03
1.777333071411374476e+03
1.777333071411411538e+03
1.777333071411480205e+03
1.777333071411406991e+03
1.777333071411398805e+03
1.777333071411413584e+03
1.777333071411496121e+03
1.777333071411436094e+03
1.777333071411468836e+03
1.777333071411426999e+03
1.777333071411426545e+03
1.777333071411408127e+03
1.777333071411415403e+03
1.777333071411446781e+03
1.777333071411396304e+03
1.777333071411538185e+03
1.777333071411453602e+03
1.777333071411488618e+03
1.777333071411476112e+03
1.777333071411518858e+03
1.777333071411457695e+03
1.777333071411490891e+03
1.777333071411458604e+03
1.777333071411435185e+03
1.777333071411495894e+03
1.777333071411494529e+03
1.777333071411488390e+03
1.777333071411454739e+03
1.777333071411512947e+03
1.777333071411489072e+03
1.777333071411477931e+03
1.777333071411486344e+03
1.777333071411444053e+03
1.777333071411370156e+03
1.777333071411419496e+03
1.777333071411513401e+03
1.777333071411461106e+03
1.777333071411371293e+03
1.777333071411413812e+03
1.777333071411388801e+03
1.777333071411415176e+03
1.777333071411397441e+03
1.777333071411433139e+03
1.777333071411365836e+03
1.777333071411434048e+03
1.777333071411505898e+03
1.777333071411404262e+03
1.777333071411503852e+03
1.777333071411430637e+03
1.777333071411490891e+03
1.777333071411403580e+03
1.777333071411422679e+03
1.777333071411419041e+03
1.777333071411536366e+03
1.777333071411492938e+03
1.777333071411471337e+03
1.777333071411501578e+03
1.777333071411409946e+03
1.777333071411416768e+03
1.777333071411417222e+03
1.777333071411404262e+03
1.777333071411413812e+03
1.777333071411362198e+03
1.777333071411360152e+03
1.777333071411476112e+03
1.777333071411458832e+03
1.777333071411458604e+03
1.777333071411483161e+03
1.777333071411365609e+03
1.777333071411486344e+03
1.777333071411404489e+03
1.777333071411419269e+03
1.777333071411408810e+03
1.777333071411496348e+03
1.777333071411428364e+03
1.777333071411382662e+03
1.777333071411390392e+03
1.777333071411377432e+03
1.777333071411461788e+03
1.777333071411393348e+03
1.777333071411498622e+03
1.777333071411415631e+03
1.777333071411430865e+03
1.777333071411502033e+03
1.777333071411475203e+03
1.777333071411477249e+03
1.777333071411475885e+03
1.777333071411409719e+03
1.777333071411473156e+03
1.777333071411443825e+03
1.777333071411362880e+03
1.777333071411391074e+03
1.777333071411479978e+03
1.777333071411460196e+03
1.777333071411387664e+03
1.777333071411422225e+03
1.777333071411398350e+03
1.777333071411444735e+03
1.777333071411460878e+03
1.777333071411411083e+03
1.777333071411419951e+03
1.777333071411414039e+03
1.777333071411390847e+03
1.777333071411473611e+03
1.777333071411478841e+03
1.777333071411432911e+03
1.777333071411408127e+03
1.777333071411477704e+03
1.777333071411504761e+03
1.777333071411468381e+03
1.777333071411508627e+03
1.777333071411360152e+03
1.777333071411423589e+03
1.777333071411476567e+03
1.777333071411368110e+03
1.777333071411413357e+03
1.777333071411501805e+03
1.777333071411388573e+03
1.777333071411470428e+03
1.777333071411507945e+03
1.777333071411482251e+03
1.777333071411388801e+03
1.777333071411430410e+03
1.777333071411481569e+03
1.777333071411412220e+03
1.777333071411512719e+03
1.777333071411381525e+03
1.777333071411403125e+03
1.777333071411396759e+03
1.777333071411510218e+03
1.777333071411399942e+03
1.777333071411392439e+03
1.777333071411403807e+03
1.777333071411467699e+03
1.777333071411482706e+03
1.777333071411434730e+03
1.777333071411454057e+03
1.777333071411496348e+03
1.777333071411497485e+03
1.777333071411435640e+03
1.777333071411512947e+03
1.777333071411435412e+03
1.777333071411461788e+03
1.777333071411502942e+03
1.777333071411476567e+03
1.777333071411457922e+03
1.777333071411418359e+03
1.777333071411401534e+03
1.777333071411459059e+03
1.777333071411483616e+03
1.777333071411452238e+03
1.777333071411375840e+03
1.777333071411438368e+03
1.777333071411459514e+03
1.777333071411434958e+03
1.777333071411458832e+03
1.777333071411415403e+03
1.777333071411371748e+03
1.777333071411516357e+03
1.777333071411359697e+03
1.777333071411392211e+03
1.777333071411477476e+03
1.777333071411513629e+03
1.777333071411467017e+03
1.777333071411507035e+03
1.777333071411440415e+03
1.777333071411436549e+03
1.777333071411482251e+03
1.777333071411408355e+03
1.777333071411399260e+03
1.777333071411468609e+03
1.777333071411471110e+03
1.777333071411465198e+03
1.777333071411439278e+03
1.777333071411386072e+03
1.777333071411458377e+03
1.777333071411393576e+03
1.777333071411527499e+03
1.777333071411407900e+03
1.777333071411469973e+03
1.777333071411369474e+03
1.777333071411449282e+03
1.777333071411449282e+03
1.777333071411456103e+03
1.777333071411430637e+03
1.777333071411533410e+03
1.777333071411395849e+03
1.777333071411483616e+03
1.777333071411354240e+03
1.777333071411375613e+03
1.777333071411414039e+03
1.777333071411407445e+03
1.777333071411451101e+03
1.777333071411441324e+03
1.777333071411504307e+03
1.777333071411524315e+03
1.777333071411478386e+03
1.777333071411444507e+03
1.777333071411478841e+03
1.777333071411479978e+03
1.777333071411418132e+03
1.777333071411477022e+03
1.777333071411496576e+03
1.777333071411419724e+03
1.777333071411466335e+03
1.777333071411458377e+03
1.777333071411333776e+03
1.777333071411458377e+03
1.777333071411376977e+03
1.777333071411476112e+03
1.777333071411452465e+03
1.777333071411487936e+03
1.777333071411377887e+03
1.777333071411488163e+03
1.777333071411394485e+03
1.777333071411418359e+03
1.777333071411383571e+03
1.777333071411421315e+03
1.777333071411510218e+03
1.777333071411396986e+03
1.777333071411382207e+03
1.777333071411495666e+03
1.777333071411486117e+03
1.777333071411497258e+03
1.777333071411319452e+03
1.777333071411546371e+03
1.777333071411491119e+03
1.777333071411494302e+03
1.777333071411408582e+03
1.777333071411432002e+03
1.777333071411451101e+03
1.777333071411374021e+03
1.777333071411428364e+03
1.777333071411411311e+03
1.777333071411428818e+03
1.777333071411372657e+03
1.777333071411433593e+03
1.777333071411482024e+03
1.777333071411524770e+03
1.777333071411443598e+03
1.777333071411406763e+03
1.777333071411406991e+03
1.777333071411440642e+03
1.777333071411502033e+03
1.777333071411429955e+03
1.777333071411518176e+03
1.777333071411447008e+03
1.777333071411465880e+03
1.777333071411517039e+03
1.777333071411500896e+03
1.777333071411378342e+03
1.777333071411525680e+03
1.777333071411426545e+03
1.777333071411489527e+03
1.777333071411468381e+03
1.777333071411432911e+03
1.777333071411421770e+03
1.777333071411373567e+03
1.777333071411448600e+03
1.777333071411469746e+03
1.777333071411384481e+03
1.777333071411443825e+03
1.777333071411503170e+03
1.777333071411416995e+03
1.777333071411422452e+03
1.777333071411516357e+03
1.777333071411421770e+03
1.777333071411492710e+03
1.777333071411367428e+03
1.777333071411442916e+03
1.777333071411417222e+03
1.777333071411541368e+03
1.777333071411449509e+03
1.777333071411413812e+03
1.777333071411413130e+03
1.777333071411484298e+03
1.777333071411451556e+03
1.777333071411406991e+03
1.777333071411428591e+03
1.777333071411436777e+03
1.777333071411365154e+03
1.777333071411389028e+03
1.777333071411403580e+03
1.777333071411465880e+03
1.777333071411508854e+03
1.777333071411413584e+03
1.777333071411473611e+03
1.777333071411455876e+03
1.777333071411402216e+03
1.777333071411451556e+03
1.777333071411417905e+03
1.777333071411396077e+03
1.777333071411426090e+03
1.777333071411387664e+03
1.777333071411445189e+03
1.777333071411386300e+03
1.777333071411406081e+03
1.777333071411456103e+03
1.777333071411447918e+03
1.777333071411435640e+03
1.777333071411400169e+03
1.777333071411450874e+03
1.777333071411494757e+03
1.777333071411446326e+03
1.777333071411414039e+03
1.777333071411398805e+03
1.777333071411388119e+03
1.777333071411382434e+03
1.777333071411487936e+03
1.777333071411484525e+03
1.777333071411446554e+03
1.777333071411386300e+03
1.777333071411500441e+03
1.777333071411409492e+03
1.777333071411502488e+03
1.777333071411430637e+03
1.777333071411393348e+03
1.777333071411476794e+03
1.777333071411490437e+03
1.777333071411440642e+03
1.777333071411413812e+03
1.777333071411426999e+03
1.777333071411408582e+03
1.777333071411485889e+03
1.777333071411443370e+03
1.777333071411466790e+03
1.777333071411369019e+03
1.777333071411494075e+03
1.777333071411414721e+03
1.777333071411517722e+03
1.777333071411491801e+03
1.777333071411470200e+03
1.777333071411483161e+03
1.777333071411515220e+03
1.777333071411404489e+03
1.777333071411391757e+03
1.777333071411388801e+03
1.777333071411392211e+03
1.777333071411364244e+03
1.777333071411390165e+03
1.777333071411362653e+03
1.777333071411383344e+03
1.777333071411504534e+03
1.777333071411476112e+03
1.777333071411387209e+03
1.777333071411499986e+03
1.777333071411496348e+03
1.777333071411424498e+03
1.777333071411494984e+03
1.777333071411515675e+03
1.777333071411430410e+03
1.777333071411340370e+03
1.777333071411436777e+03
1.777333071411498622e+03
1.777333071411530000e+03
1.777333071411409719e+03
1.777333071411456103e+03
1.777333071411457922e+03
1.777333071411465880e+03
1.777333071411435867e+03
1.777333071411495666e+03
1.777333071411447918e+03
1.777333071411503624e+03
1.777333071411465880e+03
1.777333071411435412e+03
1.777333071411384253e+03
1.777333071411493847e+03
1.777333071411392211e+03
1.777333071411480887e+03
1.777333071411479750e+03
1.777333071411508399e+03
1.777333071411515675e+03
1.777333071411385163e+03
1.777333071411386300e+03
1.777333071411472474e+03
1.777333071411376750e+03
1.777333071411394258e+03
1.777333071411423816e+03
1.777333071411470428e+03
1.777333071411435412e+03
1.777333071411543415e+03
1.777333071411379478e+03
1.777333071411479523e+03
1.777333071411394485e+03
1.777333071411462242e+03
1.777333071411472019e+03
1.777333071411416313e+03
1.777333071411386072e+03
1.777333071411431092e+03
1.777333071411370838e+03
1.777333071411494984e+03
1.777333071411404944e+03
1.777333071411461560e+03
1.777333071411458604e+03
1.777333071411386754e+03
1.777333071411427227e+03
1.777333071411475430e+03
1.777333071411421088e+03
1.777333071411365154e+03
1.777333071411420633e+03
1.777333071411487708e+03
1.777333071411475203e+03
1.777333071411535911e+03
1.777333071411388119e+03
1.777333071411453602e+03
1.777333071411427454e+03
1.777333071411346509e+03
1.777333071411433366e+03
1.777333071411431547e+03
1.777333071411410401e+03
1.777333071411470655e+03
1.777333071411456558e+03
1.777333071411470200e+03
1.777333071411510218e+03
1.777333071411554329e+03
1.777333071411482251e+03
1.777333071411351739e+03
1.777333071411393348e+03
1.777333071411436094e+03
1.777333071411446326e+03
1.777333071411494075e+03
1.777333071411432229e+03
1.777333071411383571e+03
1.777333071411433593e+03
1.777333071411392439e+03
1.777333071411405626e+03
1.777333071411440869e+03
1.777333071411504989e+03
1.777333071411446099e+03
1.777333071411479523e+03
1.777333071411429501e+03
1.777333071411408355e+03
1.777333071411415631e+03
1.777333071411388573e+03
1.777333071411504307e+03
1.777333071411484525e+03
1.777333071411423134e+03
1.777333071411416313e+03
1.777333071411491119e+03
1.777333071411456331e+03
1.777333071411464744e+03
1.777333071411371748e+03
1.777333071411407445e+03
1.777333071411414267e+03
1.777333071411483388e+03
1.777333071411400624e+03
1.777333071411481114e+03
1.777333071411502942e+03
1.777333071411501805e+03
1.777333071411494757e+03
1.777333071411424271e+03
1.777333071411391757e+03
1.777333071411478613e+03
1.777333071411406536e+03
1.777333071411425863e+03
1.777333071411383344e+03
1.777333071411443370e+03
1.777333071411387436e+03
1.777333071411491801e+03
1.777333071411430865e+03
1.777333071411425863e+03
1.777333071411384026e+03
1.777333071411413584e+03
1.777333071411507490e+03
1.777333071411396986e+03
1.777333071411386754e+03
1.777333071411444735e+03
1.777333071411409037e+03
1.777333071411419951e+03
1.777333071411429728e+03
1.777333071411517267e+03
1.777333071411487936e+03
1.777333071411515448e+03
1.777333071411408127e+03
1.777333071411390847e+03
1.777333071411458604e+03
1.777333071411445417e+03
1.777333071411412902e+03
1.777333071411529318e+03
1.777333071411456103e+03
1.777333071411484980e+03
1.777333071411436322e+03
1.777333071411470655e+03
1.777333071411425635e+03
1.777333071411441324e+03
1.777333071411500896e+03
1.777333071411381979e+03
1.777333071411365381e+03
1.777333071411442006e+03
1.777333071411372202e+03
1.777333071411485889e+03
1.777333071411488845e+03
1.777333071411524770e+03
1.777333071411500441e+03
1.777333071411407218e+03
1.777333071411406308e+03
1.777333071411452465e+03
1.777333071411423816e+03
1.777333071411385617e+03
1.777333071411531364e+03
1.777333071411389028e+03
1.777333071411464516e+03
1.777333071411464061e+03
1.777333071411456103e+03
1.777333071411496348e+03
1.777333071411413130e+03
1.777333071411486799e+03
1.777333071411451556e+03
1.777333071411469518e+03
1.777333071411517039e+03
1.777333071411472474e+03
1.777333071411469973e+03
1.777333071411391302e+03
1.777333071411432684e+03
1.777333071411314904e+03
1.777333071411500441e+03
1.777333071411421088e+03
1.777333071411385390e+03
1.777333071411477704e+03
1.777333071411462242e+03
1.777333071411435867e+03
1.777333071411481342e+03
1.777333071411482706e+03
1.777333071411470655e+03
1.777333071411443598e+03
1.777333071411521132e+03
1.777333071411478386e+03
1.777333071411382889e+03
1.777333071411372202e+03
1.777333071411380388e+03
1.777333071411390847e+03
1.777333071411358333e+03
1.777333071411389710e+03
1.777333071411465880e+03
1.777333071411464744e+03
1.777333071411508854e+03
1.777333071411403807e+03
1.777333071411397441e+03
1.777333071411402443e+03
1.777333071411501578e+03
1.777333071411421088e+03
1.777333071411403125e+03
1.777333071411399715e+03
1.777333071411479068e+03
1.777333071411444053e+03
1.777333071411470655e+03
1.777333071411403353e+03
1.777333071411425863e+03
1.777333071411439505e+03
1.777333071411432229e+03
1.777333071411492256e+03
1.777333071411369929e+03
1.777333071411526589e+03
1.777333071411422225e+03
1.777333071411397441e+03
1.777333071411422452e+03
1.777333071411462470e+03
1.777333071411422225e+03
1.777333071411425863e+03
1.777333071411474293e+03
1.777333071411425635e+03
1.777333071411416313e+03
1.777333071411352648e+03
1.777333071411404944e+03
1.777333071411373112e+03
1.777333071411374476e+03
1.777333071411427682e+03
1.777333071411455649e+03
1.777333071411537048e+03
1.777333071411432229e+03
1.777333071411480660e+03
1.777333071411471337e+03
1.777333071411504079e+03
1.777333071411496803e+03
1.777333071411391302e+03
1.777333071411389028e+03
1.777333071411451783e+03
1.777333071411403353e+03
1.777333071411535229e+03
1.777333071411407900e+03
1.777333071411416313e+03
1.777333071411446554e+03
1.777333071411374476e+03
1.777333071411365609e+03
1.777333071411437004e+03
1.777333071411485435e+03
1.777333071411514311e+03
1.777333071411342644e+03
1.777333071411474748e+03
1.777333071411485662e+03
1.777333071411432684e+03
1.777333071411419951e+03
1.777333071411463834e+03
1.777333071411344235e+03
1.777333071411494529e+03
1.777333071411401534e+03
1.777333071411381297e+03
1.777333071411497940e+03
1.777333071411476340e+03
1.777333071411394712e+03
1.777333071411423361e+03
1.777333071411356741e+03
1.777333071411377659e+03
1.777333071411324909e+03
1.777333071411416768e+03
1.777333071411497713e+03
1.777333071411467472e+03
1.777333071411395622e+03
1.777333071411442916e+03
1.777333071411490891e+03
1.777333071411458377e+03
1.777333071411514084e+03
1.777333071411357196e+03
1.777333071411433821e+03
1.777333071411412902e+03
1.777333071411484980e+03
1.777333071411383116e+03
1.777333071411489982e+03
1.777333071411401988e+03
1.777333071411504534e+03
1.777333071411396531e+03
1.777333071411391529e+03
1.777333071411493393e+03
1.777333071411444735e+03
1.777333071411501123e+03
1.777333071411376977e+03
1.777333071411459059e+03
1.777333071411450874e+03
1.777333071411478841e+03
1.777333071411408127e+03
1.777333071411421088e+03
1.777333071411360379e+03
1.777333071411467245e+03
1.777333071411413357e+03
1.777333071411528408e+03
1.777333071411490891e+03
1.777333071411501805e+03
1.777333071411426090e+03
1.777333071411378569e+03
1.777333071411383571e+03
1.777333071411380843e+03
1.777333071411512265e+03
1.777333071411455421e+03
1.777333071411501578e+03
1.777333071411443143e+03
1.777333071411426772e+03
1.777333071411516812e+03
1.777333071411482933e+03
1.777333071411469518e+03
1.777333071411465653e+03
1.777333071411498622e+03
1.777333071411501351e+03
1.777333071411471337e+03
1.777333071411480432e+03
1.777333071411440642e+03
1.777333071411436322e+03
1.777333071411452693e+03
1.777333071411397441e+03
1.777333071411437231e+03
1.777333071411449282e+03
1.777333071411462470e+03
1.777333071411379024e+03
1.777333071411422679e+03
1.777333071411469746e+03
1.777333071411341280e+03
1.777333071411493847e+03
1.777333071411508627e+03
1.777333071411428591e+03
1.777333071411470655e+03
1.777333071411406536e+03
1.777333071411471792e+03
1.777333071411418132e+03
1.777333071411384253e+03
1.777333071411434048e+03
1.777333071411470200e+03
1.777333071411475657e+03
1.777333071411460651e+03
1.777333071411356514e+03
1.777333071411377205e+03
1.777333071411517949e+03
1.777333071411411765e+03
1.777333071411382207e+03
1.777333071411509536e+03
1.777333071411412220e+03
1.777333071411437686e+03
1.777333071411548190e+03
1.777333071411473611e+03
1.777333071411385617e+03
1.777333071411413130e+03
1.777333071411398805e+03
1.777333071411457240e+03
1.777333071411381070e+03
1.777333071411453602e+03
1.777333071411332412e+03
1.777333071411402216e+03
1.777333071411512492e+03
1.777333071411483843e+03
1.777333071411464061e+03
1.777333071411460651e+03
1.777333071411416540e+03
1.777333071411477476e+03
1.777333071411452238e+03
1.777333071411395395e+03
1.777333071411457468e+03
1.777333071411481114e+03
1.777333071411521360e+03
1.777333071411380843e+03
1.777333071411404717e+03
1.777333071411411993e+03
1.777333071411388119e+03
1.777333071411482479e+03
1.777333071411422225e+03
1.777333071411391984e+03
1.777333071411504534e+03
1.777333071411484070e+03
1.777333071411464516e+03
1.777333071411450192e+03
1.777333071411462242e+03
1.777333071411459741e+03
1.777333071411422225e+03
1.777333071411472474e+03
1.777333071411470200e+03
1.777333071411375840e+03
1.777333071411355832e+03
1.777333071411461106e+03
1.777333071411501578e+03
1.777333071411471565e+03
1.777333071411406763e+03
1.777333071411491119e+03
1.777333071411405626e+03
1.777333071411392211e+03
1.777333071411399942e+03
1.777333071411441324e+03
1.777333071411399942e+03
1.777333071411451101e+03
1.777333071411399942e+03
1.777333071411495666e+03
1.777333071411474293e+03
1.777333071411446099e+03
1.777333071411422907e+03
1.777333071411393348e+03
1.777333071411494529e+03
1.777333071411416540e+03
1.777333071411471110e+03
1.777333071411408355e+03
1.777333071411381525e+03
1.777333071411468836e+03
1.777333071411379478e+03
1.777333071411484752e+03
1.777333071411406763e+03
1.777333071411398123e+03
1.777333071411458604e+03
1.777333071411447236e+03
1.777333071411396531e+03
1.777333071411364926e+03
1.777333071411388573e+03
1.777333071411417450e+03
1.777333071411464289e+03
1.777333071411439050e+03
1.777333071411371066e+03
1.777333071411406991e+03
1.777333071411462925e+03
1.777333071411468836e+03
1.777333071411522269e+03
1.777333071411491801e+03
1.777333071411476340e+03
1.777333071411516130e+03
1.777333071411387436e+03
1.777333071411406763e+03
1.777333071411542051e+03
1.777333071411469746e+03
1.777333071411538640e+03
1.777333071411508399e+03
1.777333071411403125e+03
1.777333071411490891e+03
1.777333071411356514e+03
1.777333071411405399e+03
1.777333071411381297e+03
1.777333071411467927e+03
1.777333071411488163e+03
1.777333071411465880e+03
1.777333071411361971e+03
1.777333071411402216e+03
1.777333071411495666e+03
1.777333071411405172e+03
1.777333071411467699e+03
1.777333071411359697e+03
1.777333071411500669e+03
1.777333071411460196e+03
1.777333071411434503e+03
1.777333071411374476e+03
1.777333071411427454e+03
1.777333071411386300e+03
1.777333071411391757e+03
1.777333071411508854e+03
1.777333071411403580e+03
1.777333071411470883e+03
1.777333071411499986e+03
1.777333071411456558e+03
1.777333071411492256e+03
1.777333071411469291e+03
1.777333071411491346e+03
1.777333071411355377e+03
1.777333071411381297e+03
1.777333071411416313e+03
1.777333071411394485e+03
1.777333071411457013e+03
1.777333071411426999e+03
1.777333071411397214e+03
1.777333071411468154e+03
1.777333071411469746e+03
1.777333071411473384e+03
1.777333071411507035e+03
1.777333071411406763e+03
1.777333071411452238e+03
1.777333071411480432e+03
1.777333071411495666e+03
1.777333071411407673e+03
1.777333071411479295e+03
1.777333071411455876e+03
1.777333071411403807e+03
1.777333071411465198e+03
1.777333071411402898e+03
1.777333071411386072e+03
1.777333071411438823e+03
1.777333071411488618e+03
1.777333071411471792e+03
1.777333071411398805e+03
1.777333071411456331e+03
1.777333071411491119e+03
1.777333071411332639e+03
1.777333071411467245e+03
1.777333071411471110e+03
1.777333071411446326e+03
1.777333071411371748e+03
1.777333071411406991e+03
1.777333071411439505e+03
1.777333071411420860e+03
1.777333071411402443e+03
1.777333071411523633e+03
1.777333071411496121e+03
1.777333071411483616e+03
1.777333071411508399e+03
1.777333071411472474e+03
1.777333071411424498e+03
1.777333071411493165e+03
1.777333071411519313e+03
1.777333071411416768e+03
1.777333071411383571e+03
1.777333071411467017e+03
1.777333071411407673e+03
1.777333071411427454e+03
1.777333071411522496e+03
1.777333071411353558e+03
1.777333071411458150e+03
1.777333071411532046e+03
1.777333071411441324e+03
1.777333071411414267e+03
1.777333071411387664e+03
1.777333071411500214e+03
1.777333071411452011e+03
1.777333071411413812e+03
1.777333071411380843e+03
1.777333071411396986e+03
1.777333071411421543e+03
1.777333071411393803e+03
1.777333071411512037e+03
1.777333071411495439e+03
1.777333071411515903e+03
1.777333071411393348e+03
1.777333071411409264e+03
1.777333071411501805e+03
1.777333071411482251e+03
1.777333071411439960e+03
1.777333071411402898e+03
1.777333071411474521e+03
1.777333071411414267e+03
1.777333071411405172e+03
1.777333071411456103e+03
1.777333071411461333e+03
1.777333071411467245e+03
1.777333071411474521e+03
1.777333071411408582e+03
1.777333071411433139e+03
1.777333071411414949e+03
1.777333071411517722e+03
1.777333071411451101e+03
1.777333071411482706e+03
1.777333071411363335e+03
1.777333071411464744e+03
1.777333071411401306e+03
1.777333071411456103e+03
1.777333071411334458e+03
1.777333071411435412e+03
1.777333071411468381e+03
1.777333071411461333e+03
1.777333071411478841e+03
1.777333071411451328e+03
1.777333071411394712e+03
1.777333071411426772e+03
1.777333071411472702e+03
1.777333071411419269e+03
1.777333071411399715e+03
1.777333071411450874e+03
1.777333071411464744e+03
1.777333071411411765e+03
1.777333071411404944e+03
1.777333071411384935e+03
1.777333071411519086e+03
1.777333071411428591e+03
1.777333071411388346e+03
1.777333071411455649e+03
1.777333071411458604e+03
1.777333071411484525e+03
1.777333071411481797e+03
1.777333071411424953e+03
1.777333071411485662e+03
1.777333071411450419e+03
1.777333071411476340e+03
1.777333071411460878e+03
1.777333071411371520e+03
1.777333071411474521e+03
1.777333071411410174e+03
1.777333071411478159e+03
1.777333071411489527e+03
1.777333071411362653e+03
1.777333071411375386e+03
1.777333071411440187e+03
1.777333071411432684e+03
1.777333071411365836e+03
1.777333071411450419e+03
1.777333071411432911e+03
1.777333071411499304e+03
1.777333071411474975e+03
1.777333071411454284e+03
1.777333071411490891e+03
1.777333071411475885e+03
1.777333071411468381e+03
1.777333071411344235e+03
1.777333071411445189e+03
1.777333071411468836e+03
1.777333071411442006e+03
1.777333071411433366e+03
1.777333071411400852e+03
1.777333071411424953e+03
1.777333071411498850e+03
1.777333071411487936e+03
1.777333071411457240e+03
1.777333071411472247e+03
1.777333071411449282e+03
1.777333071411486344e+03
1.777333071411492710e+03
1.777333071411510900e+03
1.777333071411447463e+03
1.777333071411416995e+03
1.777333071411386072e+03
1.777333071411454966e+03
1.777333071411424726e+03
1.777333071411397214e+03
1.777333071411533865e+03
1.777333071411468381e+03
1.777333071411464971e+03
1.777333071411473384e+03
1.777333071411435867e+03
1.777333071411486117e+03
1.777333071411492028e+03
1.777333071411487708e+03
1.777333071411428818e+03
1.777333071411503397e+03
1.777333071411395622e+03
1.777333071411519995e+03
1.777333071411391984e+03
1.777333071411471792e+03
1.777333071411479978e+03
1.777333071411401988e+03
1.777333071411501805e+03
1.777333071411497940e+03
1.777333071411396759e+03
1.777333071411395167e+03
1.777333071411456785e+03
1.777333071411389938e+03
1.777333071411468381e+03
1.777333071411490891e+03
1.777333071411488163e+03
1.777333071411419724e+03
1.777333071411497485e+03
1.777333071411408810e+03
1.777333071411419269e+03
1.777333071411452693e+03
1.777333071411396531e+03
1.777333071411442006e+03
1.777333071411459969e+03
1.777333071411444053e+03
1.777333071411506808e+03
1.777333071411388573e+03
1.777333071411484980e+03
1.777333071411468836e+03
1.777333071411447008e+03
1.777333071411409492e+03
1.777333071411490437e+03
1.777333071411463607e+03
1.777333071411482479e+03
1.777333071411434048e+03
1.777333071411484752e+03
1.777333071411498167e+03
1.777333071411432002e+03
1.777333071411511810e+03
1.777333071411396986e+03
1.777333071411404035e+03
1.777333071411507035e+03
1.777333071411411083e+03
1.777333071411386072e+03
1.777333071411501805e+03
1.777333071411485662e+03
1.777333071411492256e+03
1.777333071411465880e+03
1.777333071411396986e+03
1.777333071411402216e+03
1.777333071411497940e+03
1.777333071411495439e+03
1.777333071411428136e+03
1.777333071411447690e+03
1.777333071411473156e+03
1.777333071411371748e+03
1.777333071411376977e+03
1.777333071411359469e+03
1.777333071411470655e+03
1.777333071411405854e+03
1.777333071411472247e+03
1.777333071411393576e+03
1.777333071411410174e+03
1.777333071411419269e+03
1.777333071411391529e+03
1.777333071411423361e+03
1.777333071411374021e+03
1.777333071411487708e+03
1.777333071411414494e+03
1.777333071411505671e+03
1.777333071411464289e+03
1.777333071411384026e+03
1.777333071411517949e+03
1.777333071411487708e+03
1.777333071411388346e+03
1.777333071411467472e+03
1.777333071411483388e+03
1.777333071411371520e+03
1.777333071411386527e+03
1.777333071411378569e+03
1.777333071411371748e+03
1.777333071411396077e+03
1.777333071411434048e+03
1.777333071411475430e+03
1.777333071411389255e+03
1.777333071411421770e+03
1.777333071411471110e+03
1.777333071411461788e+03
1.777333071411489072e+03
1.777333071411389710e+03
1.777333071411469518e+03
1.777333071411416768e+03
1.777333071411477931e+03
1.777333071411415631e+03
1.777333071411407900e+03
1.777333071411498850e+03
1.777333071411496121e+03
1.777333071411499986e+03
1.777333071411355149e+03
1.777333071411417677e+03
1.777333071411509536e+03
1.777333071411438368e+03
1.777333071411452011e+03
1.777333071411406763e+03
1.777333071411493165e+03
1.777333071411401306e+03
1.777333071411502260e+03
1.777333071411477476e+03
1.777333071411486571e+03
1.777333071411401306e+03
1.777333071411449737e+03
1.777333071411394712e+03
1.777333071411387664e+03
1.777333071411359469e+03
1.777333071411356741e+03
1.777333071411484752e+03
1.777333071411516812e+03
1.777333071411493393e+03
1.777333071411393348e+03
1.777333071411426090e+03
1.777333071411398350e+03
1.777333071411459514e+03
1.777333071411397441e+03
1.777333071411481797e+03
1.777333071411382662e+03
1.777333071411452465e+03
1.777333071411505443e+03
1.777333071411497940e+03
1.777333071411434048e+03
1.777333071411380160e+03
1.777333071411361061e+03
1.777333071411463607e+03
1.777333071411451783e+03
1.777333071411447918e+03
1.777333071411460196e+03
1.777333071411369247e+03
1.777333071411429046e+03
1.777333071411395167e+03
1.777333071411400397e+03
1.777333071411470655e+03
1.777333071411416540e+03
1.777333071411465426e+03
1.777333071411499304e+03
1.777333071411486117e+03
1.777333071411503852e+03
1.777333071411386754e+03
1.777333071411417450e+03
1.777333071411540232e+03
1.777333071411453375e+03
1.777333071411452011e+03
1.777333071411476567e+03
1.777333071411421997e+03
1.777333071411394940e+03
1.777333071411455421e+03
1.777333071411498622e+03
1.777333071411486117e+03
1.777333071411431320e+03
1.777333071411475657e+03
1.777333071411501123e+03
1.777333071411504761e+03
1.777333071411504761e+03
1.777333071411383798e+03
1.777333071411431092e+03
1.777333071411494757e+03
1.777333071411409264e+03
1.777333071411398123e+03
1.777333071411476112e+03
1.777333071411470428e+03
1.777333071411428136e+03
1.777333071411417905e+03
1.777333071411366745e+03
1.777333071411371066e+03
1.777333071411394712e+03
1.777333071411444053e+03
1.777333071411474521e+03
1.777333071411425635e+03
1.777333071411397896e+03
1.777333071411494757e+03
1.777333071411407900e+03
1.777333071411478386e+03
1.777333071411454057e+03
1.777333071411394258e+03
1.777333071411406536e+03
1.777333071411468836e+03
1.777333071411500441e+03
1.777333071411435185e+03
1.777333071411465653e+03
1.777333071411468154e+03
1.777333071411378342e+03
1.777333071411392666e+03
1.777333071411468381e+03
1.777333071411427227e+03
1.777333071411496121e+03
1.777333071411405399e+03
1.777333071411421543e+03
1.777333071411496803e+03
1.777333071411470883e+03
1.777333071411459059e+03
1.777333071411475657e+03
1.777333071411367200e+03
1.777333071411465880e+03
1.777333071411343553e+03
1.777333071411401761e+03
1.777333071411515220e+03
1.777333071411501805e+03
1.777333071411486799e+03
1.777333071411407218e+03
1.777333071411518404e+03
1.777333071411462925e+03
1.777333071411469746e+03
1.777333071411391302e+03
1.777333071411477704e+03
1.777333071411499304e+03
1.777333071411482479e+03
1.777333071411443370e+03
1.777333071411487026e+03
1.777333071411416540e+03
1.777333071411479750e+03
1.777333071411452238e+03
1.777333071411484980e+03
1.777333071411413584e+03
1.777333071411479523e+03
1.777333071411397441e+03
1.777333071411386300e+03
1.777333071411399715e+03
1.777333071411441097e+03
1.777333071411407900e+03
1.777333071411381297e+03
1.777333071411489982e+03
1.777333071411399260e+03
1.777333071411427227e+03
1.777333071411408127e+03
1.777333071411409264e+03
1.777333071411461560e+03
1.777333071411534320e+03
1.777333071411463379e+03
1.777333071411394940e+03
1.777333071411426317e+03
1.777333071411423361e+03
1.777333071411472474e+03
1.777333071411474975e+03
1.777333071411474293e+03
1.777333071411393576e+03
1.777333071411451783e+03
1.777333071411490891e+03
1.777333071411433593e+03
1.777333071411402216e+03
1.777333071411471337e+03
1.777333071411390392e+03
1.777333071411460423e+03
1.777333071411362880e+03
1.777333071411372657e+03
1.777333071411492028e+03
1.777333071411453375e+03
1.777333071411455649e+03
1.777333071411454512e+03
1.777333071411383116e+03
1.777333071411363107e+03
1.777333071411376068e+03
1.777333071411413812e+03
1.777333071411465880e+03
1.777333071411532728e+03
1.777333071411424044e+03
1.777333071411481342e+03
1.777333071411452238e+03
1.777333071411442461e+03
1.777333071411401534e+03
1.777333071411485662e+03
1.777333071411497940e+03
1.777333071411465653e+03
1.777333071411459514e+03
1.777333071411494529e+03
1.777333071411465880e+03
1.777333071411402443e+03
1.777333071411497940e+03
1.777333071411419724e+03
1.777333071411407218e+03
1.777333071411464516e+03
1.777333071411502942e+03
1.777333071411432229e+03
1.777333071411457468e+03
1.777333071411433139e+03
1.777333071411457695e+03
1.777333071411540232e+03
1.777333071411470883e+03
1.777333071411483616e+03
1.777333071411431774e+03
1.777333071411498850e+03
1.777333071411389028e+03
1.777333071411411993e+03
1.777333071411467699e+03
1.777333071411511128e+03
1.777333071411469973e+03
1.777333071411416540e+03
1.777333071411390165e+03
1.777333071411500441e+03
1.777333071411419041e+03
1.777333071411410174e+03
1.777333071411426090e+03
1.777333071411471792e+03
1.777333071411527271e+03
1.777333071411448600e+03
1.777333071411465880e+03
1.777333071411414494e+03
1.777333071411417222e+03
1.777333071411399260e+03
1.777333071411465426e+03
1.777333071411433366e+03
1.777333071411487936e+03
1.777333071411510900e+03
1.777333071411437913e+03
1.777333071411421088e+03
1.777333071411376750e+03
1.777333071411446554e+03
1.777333071411413812e+03
1.777333071411429046e+03
1.777333071411503624e+03
1.777333071411550691e+03
1.777333071411467472e+03
1.777333071411476112e+03
1.777333071411422452e+03
1.777333071411510446e+03
1.777333071411465880e+03
1.777333071411427227e+03
1.777333071411491346e+03
1.777333071411500896e+03
1.777333071411472019e+03
1.777333071411467245e+03
1.777333071411481114e+03
1.777333071411492028e+03
1.777333071411503852e+03
1.777333071411436094e+03
1.777333071411487481e+03
1.777333071411517494e+03
1.777333071411474066e+03
1.777333071411476567e+03
1.777333071411364926e+03
1.777333071411504761e+03
1.777333071411436777e+03
1.777333071411456785e+03
1.777333071411357651e+03
1.777333071411445189e+03
1.777333071411492710e+03
1.777333071411487253e+03
1.777333071411396986e+03
1.777333071411397441e+03
1.777333071411469746e+03
1.777333071411465426e+03
1.777333071411491346e+03
1.777333071411405854e+03
1.777333071411455421e+03
1.777333071411473384e+03
1.777333071411388346e+03
1.777333071411420633e+03
1.777333071411491346e+03
1.777333071411506353e+03
1.777333071411486571e+03
1.777333071411494984e+03
1.777333071411482024e+03
1.777333071411463379e+03
1.777333071411470883e+03
1.777333071411516357e+03
1.777333071411518631e+03
1.777333071411390392e+03
1.777333071411458604e+03
1.777333071411485207e+03
1.777333071411399715e+03
1.777333071411378569e+03
1.777333071411409719e+03
1.777333071411448600e+03
1.777333071411481569e+03
1.777333071411384026e+03
1.777333071411499077e+03
1.777333071411407673e+03
1.777333071411418587e+03
1.777333071411497031e+03
1.777333071411498167e+03
1.777333071411414039e+03
1.777333071411486799e+03
1.777333071411445189e+03
1.777333071411537503e+03
1.777333071411479068e+03
1.777333071411421770e+03
1.777333071411421997e+03
1.777333071411479523e+03
1.777333071411429955e+03
1.777333071411445871e+03
1.777333071411503852e+03
1.777333071411442234e+03
1.777333071411485662e+03
1.777333071411415403e+03
1.777333071411479750e+03
1.777333071411417222e+03
1.777333071411402670e+03
1.777333071411439732e+03
1.777333071411500669e+03
1.777333071411408127e+03
1.777333071411431774e+03
1.777333071411403353e+03
1.777333071411487481e+03
1.777333071411380843e+03
1.777333071411451783e+03
1.777333071411423816e+03
1.777333071411464744e+03
1.777333071411384935e+03
1.777333071411410856e+03
1.777333071411475430e+03
1.777333071411460878e+03
1.777333071411437686e+03
1.777333071411423361e+03
1.777333071411488163e+03
1.777333071411457013e+03
1.777333071411392893e+03
1.777333071411394030e+03
1.777333071411468609e+03
1.777333071411516357e+03
1.777333071411380843e+03
1.777333071411392893e+03
1.777333071411398805e+03
1.777333071411455649e+03
1.777333071411388801e+03
1.777333071411396986e+03
1.777333071411418587e+03
1.777333071411396759e+03
1.777333071411453375e+03
1.777333071411401306e+03
1.777333071411399487e+03
1.777333071411473384e+03
1.777333071411477249e+03
1.777333071411419951e+03
1.777333071411380843e+03
1.777333071411436549e+03
1.777333071411390620e+03
1.777333071411389028e+03
1.777333071411423816e+03
1.777333071411421088e+03
1.777333071411424726e+03
1.777333071411414721e+03
1.777333071411438596e+03
1.777333071411509309e+03
1.777333071411404262e+03
1.777333071411473838e+03
1.777333071411385617e+03
1.777333071411329001e+03
1.777333071411347419e+03
1.777333071411462015e+03
1.777333071411452693e+03
1.777333071411453375e+03
1.777333071411472702e+03
1.777333071411453147e+03
1.777333071411477704e+03
1.777333071411508399e+03
1.777333071411474066e+03
1.777333071411448827e+03
1.777333071411425635e+03
1.777333071411424044e+03
1.777333071411433366e+03
1.777333071411564561e+03
1.777333071411359697e+03
1.777333071411452465e+03
1.777333071411495894e+03
1.777333071411383798e+03
1.777333071411358105e+03
1.777333071411378114e+03
1.777333071411409492e+03
1.777333071411453147e+03
1.777333071411410629e+03
1.777333071411465880e+03
1.777333071411546143e+03
1.777333071411508172e+03
1.777333071411435640e+03
1.777333071411453830e+03
1.777333071411520450e+03
1.777333071411373339e+03
1.777333071411500896e+03
1.777333071411421770e+03
1.777333071411454512e+03
1.777333071411486344e+03
1.777333071411468609e+03
1.777333071411499759e+03
1.777333071411472702e+03
1.777333071411498850e+03
1.777333071411467017e+03
1.777333071411391984e+03
1.777333071411482479e+03
1.777333071411400169e+03
1.777333071411462470e+03
1.777333071411479295e+03
1.777333071411409264e+03
1.777333071411474748e+03
1.777333071411411538e+03
1.777333071411499304e+03
1.777333071411520905e+03
1.777333071411409946e+03
1.777333071411460423e+03
1.777333071411336732e+03
1.777333071411466562e+03
1.777333071411491801e+03
1.777333071411519541e+03
1.777333071411395849e+03
1.777333071411389483e+03
1.777333071411380615e+03
1.777333071411405854e+03
1.777333071411513629e+03
1.777333071411462470e+03
1.777333071411414949e+03
1.777333071411459287e+03
1.777333071411488618e+03
1.777333071411420860e+03
1.777333071411418587e+03
1.777333071411484525e+03
1.777333071411455421e+03
1.777333071411467472e+03
1.777333071411458377e+03
1.777333071411422907e+03
1.777333071411452465e+03
1.777333071411391529e+03
1.777333071411464971e+03
1.777333071411464516e+03
1.777333071411381070e+03
1.777333071411462697e+03
1.777333071411397668e+03
1.777333071411424498e+03
1.777333071411389483e+03
1.777333071411364244e+03
1.777333071411412675e+03
1.777333071411455421e+03
1.777333071411473838e+03
1.777333071411438141e+03
1.777333071411396304e+03
1.777333071411452920e+03
1.777333071411465653e+03
1.777333071411411765e+03
1.777333071411524770e+03
1.777333071411458604e+03
1.777333071411439278e+03
1.777333071411507262e+03
1.777333071411510673e+03
1.777333071411482251e+03
1.777333071411378114e+03
1.777333071411414494e+03
1.777333071411398123e+03
1.777333071411448373e+03
1.777333071411394258e+03
1.777333071411489072e+03
1.777333071411378114e+03
1.777333071411488163e+03
1.777333071411479295e+03
1.777333071411468609e+03
1.777333071411489755e+03
1.777333071411474975e+03
1.777333071411389938e+03
1.777333071411430183e+03
1.777333071411378342e+03
1.777333071411417677e+03
1.777333071411473611e+03
1.777333071411469291e+03
1.777333071411411311e+03
1.777333071411495894e+03
1.777333071411467472e+03
1.777333071411414039e+03
1.777333071411402898e+03
1.777333071411407673e+03
1.777333071411425863e+03
1.777333071411478386e+03
1.777333071411416540e+03
1.777333071411386072e+03
1.777333071411478613e+03
1.777333071411379706e+03
1.777333071411426999e+03
1.777333071411404717e+03
1.777333071411501805e+03
1.777333071411482024e+03
1.777333071411472019e+03
1.777333071411473838e+03
1.777333071411377887e+03
1.777333071411364244e+03
1.777333071411379478e+03
1.777333071411476567e+03
1.777333071411509991e+03
1.777333071411439278e+03
1.777333071411432456e+03
1.777333071411501351e+03
1.777333071411358787e+03
1.777333071411455649e+03
1.777333071411452238e+03
1.777333071411401761e+03
1.777333071411388346e+03
1.777333071411391302e+03
1.777333071411459741e+03
1.777333071411397668e+03
1.777333071411383344e+03
1.777333071411487026e+03
1.777333071411344008e+03
1.777333071411524770e+03
1.777333071411472247e+03
1.777333071411488845e+03
1.777333071411426772e+03
1.777333071411388346e+03
1.777333071411513629e+03
1.777333071411424271e+03
1.777333071411414949e+03
1.777333071411478159e+03
1.777333071411390847e+03
1.777333071411481114e+03
1.777333071411396304e+03
1.777333071411491346e+03
1.777333071411389483e+03
1.777333071411513401e+03
1.777333071411437913e+03
1.777333071411470655e+03
1.777333071411362198e+03
1.777333071411432002e+03
1.777333071411412220e+03
1.777333071411401306e+03
1.777333071411421997e+03
1.777333071411505443e+03
1.777333071411430637e+03
1.777333071411414267e+03
1.777333071411418587e+03
1.777333071411453147e+03
1.777333071411364472e+03
1.777333071411377205e+03
1.777333071411405626e+03
1.777333071411489982e+03
1.777333071411465653e+03
1.777333071411354240e+03
1.777333071411364244e+03
1.777333071411490209e+03
1.777333071411468836e+03
1.777333071411434503e+03
1.777333071411414267e+03
1.777333071411361288e+03
1.777333071411520223e+03
1.777333071411463607e+03
1.777333071411320361e+03
1.777333071411422225e+03
1.777333071411491119e+03
1.777333071411370611e+03
1.777333071411481797e+03
1.777333071411503852e+03
1.777333071411452465e+03
1.777333071411409264e+03
1.777333071411492483e+03
1.777333071411417677e+03
1.777333071411408355e+03
1.777333071411524088e+03
1.777333071411463379e+03
1.777333071411388801e+03
1.777333071411453375e+03
1.777333071411394940e+03
1.777333071411426317e+03
1.777333071411390847e+03
1.777333071411397896e+03
1.777333071411504079e+03
1.777333071411372202e+03
1.777333071411386982e+03
1.777333071411486344e+03
1.777333071411413812e+03
1.777333071411479978e+03
1.777333071411425180e+03
1.777333071411469291e+03
1.777333071411421315e+03
1.777333071411458150e+03
1.777333071411462470e+03
1.777333071411387664e+03
1.777333071411456785e+03
1.777333071411392439e+03
1.777333071411493165e+03
1.777333071411376977e+03
1.777333071411379024e+03
1.777333071411473156e+03
1.777333071411377887e+03
1.777333071411444507e+03
1.777333071411480660e+03
1.777333071411476794e+03
1.777333071411454966e+03
1.777333071411374249e+03
1.777333071411409946e+03
1.777333071411458377e+03
1.777333071411515903e+03
1.777333071411470883e+03
1.777333071411383116e+03
1.777333071411389255e+03
1.777333071411384935e+03
1.777333071411395395e+03
1.777333071411397896e+03
1.777333071411383571e+03
1.777333071411474066e+03
1.777333071411456785e+03
1.777333071411354467e+03
1.777333071411414949e+03
1.777333071411402670e+03
1.777333071411398123e+03
1.777333071411493620e+03
1.777333071411387436e+03
1.777333071411439732e+03
1.777333071411389483e+03
1.777333071411439960e+03
1.777333071411481797e+03
1.777333071411433366e+03
1.777333071411425635e+03
1.777333071411494302e+03
1.777333071411484980e+03
1.777333071411491119e+03
1.777333071411406536e+03
1.777333071411464971e+03
1.777333071411443598e+03
1.777333071411394258e+03
1.777333071411506580e+03
1.777333071411471792e+03
1.777333071411491574e+03
1.777333071411379706e+03
1.777333071411479750e+03
1.777333071411459287e+03
1.777333071411471565e+03
1.777333071411513856e+03
1.777333071411449282e+03
1.777333071411457240e+03
1.777333071411500896e+03
1.777333071411375386e+03
1.777333071411408810e+03
1.777333071411491346e+03
1.777333071411420860e+03
1.777333071411440415e+03
1.777333071411396986e+03
1.777333071411391074e+03
1.777333071411450419e+03
1.777333071411417677e+03
1.777333071411367428e+03
1.777333071411507262e+03
1.777333071411391074e+03
1.777333071411391984e+03
1.777333071411414949e+03
1.777333071411415403e+03
1.777333071411376295e+03
1.777333071411436777e+03
1.777333071411477931e+03
1.777333071411447008e+03
1.777333071411444053e+03
1.777333071411407900e+03
1.777333071411429728e+03
1.777333071411487708e+03
1.777333071411516357e+03
1.777333071411482479e+03
1.777333071411455649e+03
1.777333071411471565e+03
1.777333071411375613e+03
1.777333071411459514e+03
1.777333071411452011e+03
1.777333071411474521e+03
1.777333071411373339e+03
1.777333071411462015e+03
1.777333071411474066e+03
1.777333071411444280e+03
1.777333071411350602e+03
1.777333071411388119e+03
1.777333071411431320e+03
1.777333071411452238e+03
1.777333071411442461e+03
1.777333071411415631e+03
1.777333071411375840e+03
1.777333071411395622e+03
1.777333071411402443e+03
1.777333071411437686e+03
1.777333071411373112e+03
1.777333071411429955e+03
1.777333071411383798e+03
1.777333071411429273e+03
1.777333071411397896e+03
1.777333071411356514e+03
1.777333071411426772e+03
1.777333071411507262e+03
1.777333071411510900e+03
1.777333071411487026e+03
1.777333071411399715e+03
1.777333071411411083e+03
1.777333071411474521e+03
1.777333071411471110e+03
1.777333071411382889e+03
1.777333071411481569e+03
1.777333071411480205e+03
1.777333071411474293e+03
1.777333071411386754e+03
1.777333071411408355e+03
1.777333071411417905e+03
1.777333071411380160e+03
1.777333071411488163e+03
1.777333071411365609e+03
1.777333071411387664e+03
1.777333071411383571e+03
1.777333071411492483e+03
1.777333071411478386e+03
1.777333071411468381e+03
1.777333071411388573e+03
1.777333071411408582e+03
1.777333071411428364e+03
1.777333071411483161e+03
1.777333071411412902e+03
1.777333071411406308e+03
1.777333071411415176e+03
1.777333071411398805e+03
1.777333071411420406e+03
1.777333071411420178e+03
1.777333071411455649e+03
1.777333071411377205e+03
1.777333071411410174e+03
1.777333071411334686e+03
1.777333071411519995e+03
1.777333071411404717e+03
1.777333071411405854e+03
1.777333071411406081e+03
1.777333071411382662e+03
1.777333071411457468e+03
1.777333071411552964e+03
1.777333071411377205e+03
1.777333071411470655e+03
1.777333071411413584e+03
1.777333071411430410e+03
1.777333071411408127e+03
1.777333071411467245e+03
1.777333071411412902e+03
1.777333071411427682e+03
1.777333071411434048e+03
1.777333071411467245e+03
1.777333071411386300e+03
1.777333071411370611e+03
1.777333071411370156e+03
1.777333071411377205e+03
1.777333071411398578e+03
1.777333071411478159e+03
1.777333071411394030e+03
1.777333071411391984e+03
1.777333071411440642e+03
1.777333071411354695e+03
1.777333071411384253e+03
1.777333071411428364e+03
1.777333071411451556e+03
1.777333071411412902e+03
1.777333071411414949e+03
1.777333071411445417e+03
1.777333071411389028e+03
1.777333071411366973e+03
1.777333071411461106e+03
1.777333071411380843e+03
1.777333071411507945e+03
1.777333071411404489e+03
1.777333071411414949e+03
1.777333071411466335e+03
1.777333071411479295e+03
1.777333071411423589e+03
1.777333071411464061e+03
1.777333071411396759e+03
1.777333071411505216e+03
1.777333071411350147e+03
1.777333071411429501e+03
1.777333071411472929e+03
1.777333071411438823e+03
1.777333071411484525e+03
1.777333071411405399e+03
1.777333071411467927e+03
1.777333071411518631e+03
1.777333071411420860e+03
1.777333071411444507e+03
1.777333071411368564e+03
1.777333071411460423e+03
1.777333071411470883e+03
1.777333071411502715e+03
1.777333071411403807e+03
1.777333071411454284e+03
1.777333071411380615e+03
1.777333071411539549e+03
1.777333071411444962e+03
1.777333071411499532e+03
1.777333071411502715e+03
1.777333071411464744e+03
1.777333071411410401e+03
1.777333071411375613e+03
1.777333071411429728e+03
1.777333071411488163e+03
1.777333071411521814e+03
1.777333071411502942e+03
1.777333071411407673e+03
1.777333071411398578e+03
1.777333071411399715e+03
1.777333071411402216e+03
1.777333071411400397e+03
1.777333071411469518e+03
1.777333071411402216e+03
1.777333071411475430e+03
1.777333071411463834e+03
1.777333071411507490e+03
1.777333071411462697e+03
1.777333071411447690e+03
1.777333071411434503e+03
1.777333071411501123e+03
1.777333071411475203e+03
1.777333071411430637e+03
1.777333071411420633e+03
1.777333071411425863e+03
1.777333071411475657e+03
1.777333071411396304e+03
1.777333071411468381e+03
1.777333071411410174e+03
1.777333071411470200e+03
1.777333071411486344e+03
1.777333071411467699e+03
1.777333071411404489e+03
1.777333071411404262e+03
1.777333071411471337e+03
1.777333071411433821e+03
1.777333071411465198e+03
1.777333071411374249e+03
1.777333071411494984e+03
1.777333071411366063e+03
1.777333071411478613e+03
1.777333071411462242e+03
1.777333071411469973e+03
1.777333071411429273e+03
1.777333071411413812e+03
1.777333071411447690e+03
1.777333071411489300e+03
1.777333071411454512e+03
1.777333071411461106e+03
1.777333071411376068e+03
1.777333071411538185e+03
1.777333071411394258e+03
1.777333071411498395e+03
1.777333071411384253e+03
1.777333071411415403e+03
1.777333071411457468e+03
1.777333071411427454e+03
1.777333071411385163e+03
1.777333071411442461e+03
1.777333071411484298e+03
1.777333071411414721e+03
1.777333071411431547e+03
1.777333071411511128e+03
1.777333071411424726e+03
1.777333071411404717e+03
1.777333071411480887e+03
1.777333071411489300e+03
1.777333071411397214e+03
1.777333071411413584e+03
1.777333071411439050e+03
1.777333071411420178e+03
1.777333071411393803e+03
1.777333071411370838e+03
1.777333071411399033e+03
1.777333071411379706e+03
1.777333071411411993e+03
